// Generated by the reflaxe TypeScript target. Do not edit.

import { UStringException } from "./../../../std/UStringException.ts";

const TEX_UNITS = new Int32Array([
  0x25, 0x20, 0x74, 0x69, 0x74, 0x6c, 0x65, 0x3a,
  0x20, 0x48, 0x79, 0x70, 0x68, 0x65, 0x6e, 0x61,
  0x74, 0x69, 0x6f, 0x6e, 0x20, 0x70, 0x61, 0x74,
  0x74, 0x65, 0x72, 0x6e, 0x73, 0x20, 0x66, 0x6f,
  0x72, 0x20, 0x41, 0x6d, 0x65, 0x72, 0x69, 0x63,
  0x61, 0x6e, 0x20, 0x45, 0x6e, 0x67, 0x6c, 0x69,
  0x73, 0x68, 0xa, 0x25, 0x20, 0x63, 0x6f, 0x70,
  0x79, 0x72, 0x69, 0x67, 0x68, 0x74, 0x3a, 0x20,
  0x43, 0x6f, 0x70, 0x79, 0x72, 0x69, 0x67, 0x68,
  0x74, 0x20, 0x28, 0x43, 0x29, 0x20, 0x31, 0x39,
  0x39, 0x30, 0x2c, 0x20, 0x32, 0x30, 0x30, 0x34,
  0x2c, 0x20, 0x32, 0x30, 0x30, 0x35, 0x20, 0x47,
  0x65, 0x72, 0x61, 0x72, 0x64, 0x20, 0x44, 0x2e,
  0x43, 0x2e, 0x20, 0x4b, 0x75, 0x69, 0x6b, 0x65,
  0x6e, 0xa, 0x25, 0x20, 0x6e, 0x6f, 0x74, 0x69,
  0x63, 0x65, 0x3a, 0x20, 0x54, 0x68, 0x69, 0x73,
  0x20, 0x66, 0x69, 0x6c, 0x65, 0x20, 0x69, 0x73,
  0x20, 0x70, 0x61, 0x72, 0x74, 0x20, 0x6f, 0x66,
  0x20, 0x74, 0x68, 0x65, 0x20, 0x68, 0x79, 0x70,
  0x68, 0x2d, 0x75, 0x74, 0x66, 0x38, 0x20, 0x70,
  0x61, 0x63, 0x6b, 0x61, 0x67, 0x65, 0x2e, 0xa,
  0x25, 0x20, 0x20, 0x20, 0x20, 0x20, 0x53, 0x65,
  0x65, 0x20, 0x68, 0x74, 0x74, 0x70, 0x3a, 0x2f,
  0x2f, 0x77, 0x77, 0x77, 0x2e, 0x68, 0x79, 0x70,
  0x68, 0x65, 0x6e, 0x61, 0x74, 0x69, 0x6f, 0x6e,
  0x2e, 0x6f, 0x72, 0x67, 0x2f, 0x74, 0x65, 0x78,
  0x20, 0x66, 0x6f, 0x72, 0x20, 0x6d, 0x6f, 0x72,
  0x65, 0x20, 0x69, 0x6e, 0x66, 0x6f, 0x72, 0x6d,
  0x61, 0x74, 0x69, 0x6f, 0x6e, 0x2e, 0xa, 0x25,
  0x20, 0x6c, 0x61, 0x6e, 0x67, 0x75, 0x61, 0x67,
  0x65, 0x3a, 0xa, 0x25, 0x20, 0x20, 0x20, 0x20,
  0x20, 0x6e, 0x61, 0x6d, 0x65, 0x3a, 0x20, 0x45,
  0x6e, 0x67, 0x6c, 0x69, 0x73, 0x68, 0x2c, 0x20,
  0x41, 0x6d, 0x65, 0x72, 0x69, 0x63, 0x61, 0x6e,
  0x20, 0x73, 0x70, 0x65, 0x6c, 0x6c, 0x69, 0x6e,
  0x67, 0xa, 0x25, 0x20, 0x20, 0x20, 0x20, 0x20,
  0x74, 0x61, 0x67, 0x3a, 0x20, 0x65, 0x6e, 0x2d,
  0x75, 0x73, 0xa, 0x25, 0x20, 0x76, 0x65, 0x72,
  0x73, 0x69, 0x6f, 0x6e, 0x3a, 0x20, 0x32, 0x30,
  0x30, 0x35, 0x2d, 0x30, 0x35, 0x2d, 0x33, 0x30,
  0xa, 0x25, 0x20, 0x61, 0x75, 0x74, 0x68, 0x6f,
  0x72, 0x73, 0x3a, 0xa, 0x25, 0x20, 0x20, 0x20,
  0x2d, 0xa, 0x25, 0x20, 0x20, 0x20, 0x20, 0x20,
  0x6e, 0x61, 0x6d, 0x65, 0x3a, 0x20, 0x47, 0x65,
  0x72, 0x61, 0x72, 0x64, 0x20, 0x44, 0x2e, 0x43,
  0x2e, 0x20, 0x4b, 0x75, 0x69, 0x6b, 0x65, 0x6e,
  0xa, 0x25, 0x20, 0x6c, 0x69, 0x63, 0x65, 0x6e,
  0x63, 0x65, 0x3a, 0xa, 0x25, 0x20, 0x20, 0x20,
  0x20, 0x20, 0x74, 0x65, 0x78, 0x74, 0x3a, 0x20,
  0x3e, 0xa, 0x25, 0x20, 0x20, 0x20, 0x20, 0x20,
  0x20, 0x20, 0x20, 0x20, 0x43, 0x6f, 0x70, 0x79,
  0x69, 0x6e, 0x67, 0x20, 0x61, 0x6e, 0x64, 0x20,
  0x64, 0x69, 0x73, 0x74, 0x72, 0x69, 0x62, 0x75,
  0x74, 0x69, 0x6f, 0x6e, 0x20, 0x6f, 0x66, 0x20,
  0x74, 0x68, 0x69, 0x73, 0x20, 0x66, 0x69, 0x6c,
  0x65, 0x2c, 0x20, 0x77, 0x69, 0x74, 0x68, 0x20,
  0x6f, 0x72, 0x20, 0x77, 0x69, 0x74, 0x68, 0x6f,
  0x75, 0x74, 0x20, 0x6d, 0x6f, 0x64, 0x69, 0x66,
  0x69, 0x63, 0x61, 0x74, 0x69, 0x6f, 0x6e, 0x2c,
  0xa, 0x25, 0x20, 0x20, 0x20, 0x20, 0x20, 0x20,
  0x20, 0x20, 0x20, 0x61, 0x72, 0x65, 0x20, 0x70,
  0x65, 0x72, 0x6d, 0x69, 0x74, 0x74, 0x65, 0x64,
  0x20, 0x69, 0x6e, 0x20, 0x61, 0x6e, 0x79, 0x20,
  0x6d, 0x65, 0x64, 0x69, 0x75, 0x6d, 0x20, 0x77,
  0x69, 0x74, 0x68, 0x6f, 0x75, 0x74, 0x20, 0x72,
  0x6f, 0x79, 0x61, 0x6c, 0x74, 0x79, 0x20, 0x70,
  0x72, 0x6f, 0x76, 0x69, 0x64, 0x65, 0x64, 0x20,
  0x74, 0x68, 0x65, 0x20, 0x63, 0x6f, 0x70, 0x79,
  0x72, 0x69, 0x67, 0x68, 0x74, 0xa, 0x25, 0x20,
  0x20, 0x20, 0x20, 0x20, 0x20, 0x20, 0x20, 0x20,
  0x6e, 0x6f, 0x74, 0x69, 0x63, 0x65, 0x20, 0x61,
  0x6e, 0x64, 0x20, 0x74, 0x68, 0x69, 0x73, 0x20,
  0x6e, 0x6f, 0x74, 0x69, 0x63, 0x65, 0x20, 0x61,
  0x72, 0x65, 0x20, 0x70, 0x72, 0x65, 0x73, 0x65,
  0x72, 0x76, 0x65, 0x64, 0x2e, 0xa, 0x25, 0x20,
  0x68, 0x79, 0x70, 0x68, 0x65, 0x6e, 0x6d, 0x69,
  0x6e, 0x73, 0x3a, 0xa, 0x25, 0x20, 0x20, 0x20,
  0x20, 0x20, 0x74, 0x79, 0x70, 0x65, 0x73, 0x65,
  0x74, 0x74, 0x69, 0x6e, 0x67, 0x3a, 0xa, 0x25,
  0x20, 0x20, 0x20, 0x20, 0x20, 0x20, 0x20, 0x20,
  0x20, 0x6c, 0x65, 0x66, 0x74, 0x3a, 0x20, 0x32,
  0xa, 0x25, 0x20, 0x20, 0x20, 0x20, 0x20, 0x20,
  0x20, 0x20, 0x20, 0x72, 0x69, 0x67, 0x68, 0x74,
  0x3a, 0x20, 0x33, 0xa, 0x25, 0x20, 0x63, 0x68,
  0x61, 0x6e, 0x67, 0x65, 0x73, 0x3a, 0xa, 0x25,
  0x20, 0x20, 0x20, 0x20, 0x20, 0x4d, 0x61, 0x72,
  0x63, 0x68, 0x20, 0x31, 0x2c, 0x20, 0x31, 0x39,
  0x39, 0x30, 0x20, 0x49, 0x6e, 0x69, 0x74, 0x69,
  0x61, 0x6c, 0x20, 0x72, 0x65, 0x6c, 0x65, 0x61,
  0x73, 0x65, 0xa, 0x25, 0x20, 0x20, 0x20, 0x20,
  0x20, 0x4d, 0x61, 0x79, 0x20, 0x33, 0x30, 0x2c,
  0x20, 0x32, 0x30, 0x30, 0x35, 0x20, 0x41, 0x64,
  0x64, 0x65, 0x64, 0x20, 0x63, 0x6f, 0x70, 0x79,
  0x72, 0x69, 0x67, 0x68, 0x74, 0x20, 0x6e, 0x6f,
  0x74, 0x69, 0x63, 0x65, 0x2c, 0x20, 0x6e, 0x6f,
  0x20, 0x70, 0x61, 0x74, 0x74, 0x65, 0x72, 0x6e,
  0x73, 0x20, 0x63, 0x68, 0x61, 0x6e, 0x67, 0x65,
  0x2e, 0xa, 0x25, 0x20, 0x74, 0x65, 0x78, 0x6c,
  0x69, 0x76, 0x65, 0x3a, 0xa, 0x25, 0x20, 0x20,
  0x20, 0x20, 0x20, 0x65, 0x6e, 0x63, 0x6f, 0x64,
  0x69, 0x6e, 0x67, 0x3a, 0x20, 0x61, 0x73, 0x63,
  0x69, 0x69, 0xa, 0x25, 0x20, 0x20, 0x20, 0x20,
  0x20, 0x62, 0x61, 0x62, 0x65, 0x6c, 0x6e, 0x61,
  0x6d, 0x65, 0x3a, 0x20, 0x75, 0x73, 0x65, 0x6e,
  0x67, 0x6c, 0x69, 0x73, 0x68, 0x6d, 0x61, 0x78,
  0xa, 0x25, 0x20, 0x20, 0x20, 0x20, 0x20, 0x6c,
  0x65, 0x67, 0x61, 0x63, 0x79, 0x5f, 0x70, 0x61,
  0x74, 0x74, 0x65, 0x72, 0x6e, 0x73, 0x3a, 0x20,
  0x75, 0x73, 0x68, 0x79, 0x70, 0x68, 0x6d, 0x61,
  0x78, 0x2e, 0x74, 0x65, 0x78, 0xa, 0x25, 0x20,
  0x20, 0x20, 0x20, 0x20, 0x6d, 0x65, 0x73, 0x73,
  0x61, 0x67, 0x65, 0x3a, 0x20, 0x48, 0x79, 0x70,
  0x68, 0x65, 0x6e, 0x61, 0x74, 0x69, 0x6f, 0x6e,
  0x20, 0x70, 0x61, 0x74, 0x74, 0x65, 0x72, 0x6e,
  0x73, 0x20, 0x66, 0x6f, 0x72, 0x20, 0x41, 0x6d,
  0x65, 0x72, 0x69, 0x63, 0x61, 0x6e, 0x20, 0x45,
  0x6e, 0x67, 0x6c, 0x69, 0x73, 0x68, 0xa, 0x25,
  0x20, 0x20, 0x20, 0x20, 0x20, 0x70, 0x61, 0x63,
  0x6b, 0x61, 0x67, 0x65, 0x3a, 0x20, 0x65, 0x6e,
  0x67, 0x6c, 0x69, 0x73, 0x68, 0xa, 0x25, 0x20,
  0x6b, 0x6e, 0x6f, 0x77, 0x6e, 0x5f, 0x62, 0x75,
  0x67, 0x73, 0x3a, 0xa, 0x25, 0x20, 0x20, 0x20,
  0x20, 0x20, 0x64, 0x65, 0x2d, 0x6d, 0x6f, 0x2d,
  0x63, 0x2d, 0x72, 0x61, 0x74, 0x3a, 0x20, 0x27,
  0x69, 0x6e, 0x73, 0x74, 0x65, 0x61, 0x64, 0x20,
  0x6f, 0x66, 0x20, 0x64, 0x65, 0x6d, 0x2d, 0x6f,
  0x2d, 0x63, 0x72, 0x61, 0x74, 0x20, 0x28, 0x73,
  0x65, 0x65, 0x20, 0x47, 0x69, 0x74, 0x48, 0x75,
  0x62, 0x20, 0x69, 0x73, 0x73, 0x75, 0x65, 0x20,
  0x23, 0x31, 0x35, 0x29, 0x27, 0xa, 0x25, 0x20,
  0x3d, 0x3d, 0x3d, 0x3d, 0x3d, 0x3d, 0x3d, 0x3d,
  0x3d, 0x3d, 0x3d, 0x3d, 0x3d, 0x3d, 0x3d, 0x3d,
  0x3d, 0x3d, 0x3d, 0x3d, 0x3d, 0x3d, 0x3d, 0x3d,
  0x3d, 0x3d, 0x3d, 0x3d, 0x3d, 0x3d, 0x3d, 0x3d,
  0x3d, 0x3d, 0x3d, 0x3d, 0x3d, 0x3d, 0x3d, 0x3d,
  0x3d, 0x3d, 0xa, 0x25, 0xa, 0x25, 0x20, 0x75,
  0x73, 0x68, 0x79, 0x70, 0x68, 0x6d, 0x61, 0x78,
  0x2e, 0x74, 0x65, 0x78, 0x20, 0x2d, 0x2d, 0x20,
  0x70, 0x61, 0x74, 0x74, 0x65, 0x72, 0x6e, 0x73,
  0x20, 0x66, 0x6f, 0x72, 0x20, 0x6d, 0x6f, 0x72,
  0x65, 0x20, 0x68, 0x79, 0x70, 0x68, 0x65, 0x6e,
  0x61, 0x74, 0x69, 0x6f, 0x6e, 0x20, 0x70, 0x61,
  0x74, 0x74, 0x65, 0x72, 0x6e, 0x20, 0x6d, 0x65,
  0x6d, 0x6f, 0x72, 0x79, 0x20, 0x28, 0x31, 0x32,
  0x30, 0x30, 0x30, 0x2b, 0x29, 0x2e, 0xa, 0x25,
  0x20, 0x41, 0x6c, 0x73, 0x6f, 0x20, 0x6b, 0x6e,
  0x6f, 0x77, 0x6e, 0x20, 0x61, 0x73, 0x20, 0x75,
  0x73, 0x68, 0x79, 0x70, 0x68, 0x65, 0x6e, 0x2e,
  0x6d, 0x61, 0x78, 0x2e, 0xa, 0x25, 0xa, 0x25,
  0x20, 0x4e, 0x65, 0x65, 0x64, 0x73, 0x20, 0x65,
  0x78, 0x74, 0x65, 0x6e, 0x64, 0x65, 0x64, 0x20,
  0x70, 0x61, 0x74, 0x74, 0x65, 0x72, 0x6e, 0x20,
  0x6d, 0x65, 0x6d, 0x6f, 0x72, 0x79, 0x2e, 0xa,
  0x25, 0x20, 0x48, 0x79, 0x70, 0x68, 0x65, 0x6e,
  0x61, 0x74, 0x69, 0x6f, 0x6e, 0x20, 0x74, 0x72,
  0x69, 0x65, 0x20, 0x62, 0x65, 0x63, 0x6f, 0x6d,
  0x65, 0x73, 0x20, 0x37, 0x32, 0x38, 0x33, 0x20,
  0x77, 0x69, 0x74, 0x68, 0x20, 0x33, 0x37, 0x37,
  0x20, 0x6f, 0x70, 0x73, 0x2e, 0xa, 0x25, 0xa,
  0x25, 0x20, 0x54, 0x68, 0x65, 0x73, 0x65, 0x20,
  0x70, 0x61, 0x74, 0x74, 0x65, 0x72, 0x6e, 0x73,
  0x20, 0x61, 0x72, 0x65, 0x20, 0x62, 0x61, 0x73,
  0x65, 0x64, 0x20, 0x6f, 0x6e, 0x20, 0x74, 0x68,
  0x65, 0x20, 0x48, 0x79, 0x70, 0x68, 0x65, 0x6e,
  0x61, 0x74, 0x69, 0x6f, 0x6e, 0x20, 0x45, 0x78,
  0x63, 0x65, 0x70, 0x74, 0x69, 0x6f, 0x6e, 0x20,
  0x4c, 0x6f, 0x67, 0xa, 0x25, 0x20, 0x70, 0x75,
  0x62, 0x6c, 0x69, 0x73, 0x68, 0x65, 0x64, 0x20,
  0x69, 0x6e, 0x20, 0x54, 0x55, 0x47, 0x62, 0x6f,
  0x61, 0x74, 0x2c, 0x20, 0x56, 0x6f, 0x6c, 0x75,
  0x6d, 0x65, 0x20, 0x31, 0x30, 0x20, 0x28, 0x31,
  0x39, 0x38, 0x39, 0x29, 0x2c, 0x20, 0x4e, 0x6f,
  0x2e, 0x20, 0x33, 0x2c, 0x20, 0x70, 0x70, 0x2e,
  0x20, 0x33, 0x33, 0x37, 0x2d, 0x33, 0x34, 0x31,
  0x2c, 0xa, 0x25, 0x20, 0x61, 0x6e, 0x64, 0x20,
  0x61, 0x20, 0x6c, 0x61, 0x72, 0x67, 0x65, 0x20,
  0x6e, 0x75, 0x6d, 0x62, 0x65, 0x72, 0x20, 0x6f,
  0x66, 0x20, 0x69, 0x6e, 0x63, 0x6f, 0x72, 0x72,
  0x65, 0x63, 0x74, 0x6c, 0x79, 0x20, 0x68, 0x79,
  0x70, 0x68, 0x65, 0x6e, 0x61, 0x74, 0x65, 0x64,
  0x20, 0x77, 0x6f, 0x72, 0x64, 0x73, 0x20, 0x6e,
  0x6f, 0x74, 0x20, 0x79, 0x65, 0x74, 0x20, 0x70,
  0x75, 0x62, 0x6c, 0x69, 0x73, 0x68, 0x65, 0x64,
  0x2e, 0xa, 0x25, 0x20, 0x49, 0x66, 0x20, 0x61,
  0x64, 0x64, 0x65, 0x64, 0x20, 0x74, 0x6f, 0x20,
  0x4c, 0x69, 0x61, 0x6e, 0x67, 0x27, 0x73, 0x20,
  0x62, 0x65, 0x66, 0x6f, 0x72, 0x65, 0x20, 0x74,
  0x68, 0x65, 0x20, 0x63, 0x6c, 0x6f, 0x73, 0x69,
  0x6e, 0x67, 0x20, 0x62, 0x72, 0x61, 0x63, 0x6b,
  0x65, 0x74, 0x20, 0x7d, 0x20, 0x6f, 0x66, 0x20,
  0x5c, 0x70, 0x61, 0x74, 0x74, 0x65, 0x72, 0x6e,
  0x73, 0x2c, 0xa, 0x25, 0x20, 0x74, 0x68, 0x65,
  0x20, 0x70, 0x61, 0x74, 0x74, 0x65, 0x72, 0x6e,
  0x73, 0x20, 0x72, 0x75, 0x6e, 0x20, 0x65, 0x72,
  0x72, 0x6f, 0x72, 0x66, 0x72, 0x65, 0x65, 0x20,
  0x61, 0x73, 0x20, 0x66, 0x61, 0x72, 0x20, 0x61,
  0x73, 0x20, 0x6b, 0x6e, 0x6f, 0x77, 0x6e, 0x20,
  0x61, 0x74, 0x20, 0x74, 0x68, 0x69, 0x73, 0x20,
  0x6d, 0x6f, 0x6d, 0x65, 0x6e, 0x74, 0x2e, 0xa,
  0x25, 0xa, 0x25, 0x20, 0x54, 0x68, 0x65, 0x73,
  0x65, 0x20, 0x70, 0x61, 0x74, 0x74, 0x65, 0x72,
  0x6e, 0x73, 0x20, 0x66, 0x69, 0x6e, 0x64, 0x20,
  0x61, 0x6c, 0x6c, 0x20, 0x61, 0x64, 0x6d, 0x69,
  0x73, 0x73, 0x69, 0x62, 0x6c, 0x65, 0x20, 0x68,
  0x79, 0x70, 0x68, 0x65, 0x6e, 0x73, 0x20, 0x6f,
  0x66, 0x20, 0x74, 0x68, 0x65, 0x20, 0x77, 0x6f,
  0x72, 0x64, 0x73, 0x20, 0x69, 0x6e, 0xa, 0x25,
  0x20, 0x74, 0x68, 0x65, 0x20, 0x45, 0x78, 0x63,
  0x65, 0x70, 0x74, 0x69, 0x6f, 0x6e, 0x20, 0x4c,
  0x6f, 0x67, 0x2e, 0x20, 0x20, 0x75, 0x73, 0x68,
  0x79, 0x70, 0x68, 0x32, 0x2e, 0x74, 0x65, 0x78,
  0x20, 0x69, 0x73, 0x20, 0x61, 0x20, 0x73, 0x6d,
  0x61, 0x6c, 0x6c, 0x65, 0x72, 0x20, 0x73, 0x65,
  0x74, 0x2e, 0xa, 0x25, 0xa, 0x25, 0x20, 0x50,
  0x6c, 0x65, 0x61, 0x73, 0x65, 0x20, 0x73, 0x65,
  0x6e, 0x64, 0x20, 0x62, 0x75, 0x67, 0x73, 0x20,
  0x6f, 0x72, 0x20, 0x73, 0x75, 0x67, 0x67, 0x65,
  0x73, 0x74, 0x69, 0x6f, 0x6e, 0x73, 0x20, 0x74,
  0x6f, 0x20, 0x74, 0x65, 0x78, 0x2d, 0x6c, 0x69,
  0x76, 0x65, 0x20, 0x28, 0x61, 0x74, 0x29, 0x20,
  0x74, 0x75, 0x67, 0x2e, 0x6f, 0x72, 0x67, 0x2e,
  0xa, 0x25, 0xa, 0x25, 0x20, 0x32, 0x30, 0x30,
  0x35, 0x2d, 0x30, 0x35, 0x2d, 0x33, 0x30, 0x20,
  0x28, 0x6b, 0x61, 0x72, 0x6c, 0x29, 0x3a, 0x20,
  0x69, 0x6e, 0x20, 0x74, 0x68, 0x65, 0x20, 0x70,
  0x61, 0x73, 0x74, 0x2c, 0x20, 0x75, 0x73, 0x68,
  0x79, 0x70, 0x68, 0x6d, 0x61, 0x78, 0x2e, 0x74,
  0x65, 0x78, 0x20, 0x77, 0x61, 0x73, 0x20, 0x61,
  0x20, 0x66, 0x69, 0x6c, 0x65, 0x20, 0x63, 0x6f,
  0x6e, 0x74, 0x61, 0x69, 0x6e, 0x69, 0x6e, 0x67,
  0xa, 0x25, 0x20, 0x6f, 0x6e, 0x6c, 0x79, 0x20,
  0x74, 0x68, 0x65, 0x20, 0x61, 0x64, 0x64, 0x69,
  0x74, 0x69, 0x6f, 0x6e, 0x61, 0x6c, 0x20, 0x70,
  0x61, 0x74, 0x74, 0x65, 0x72, 0x6e, 0x73, 0x2c,
  0x20, 0x77, 0x69, 0x74, 0x68, 0x6f, 0x75, 0x74,
  0x20, 0x74, 0x68, 0x65, 0x20, 0x5c, 0x70, 0x61,
  0x74, 0x74, 0x65, 0x72, 0x6e, 0x73, 0x20, 0x63,
  0x6f, 0x6d, 0x6d, 0x61, 0x6e, 0x64, 0x2c, 0x20,
  0x65, 0x74, 0x63, 0x2e, 0xa, 0x25, 0x20, 0x54,
  0x68, 0x69, 0x73, 0x20, 0x74, 0x75, 0x72, 0x6e,
  0x65, 0x64, 0x20, 0x6f, 0x75, 0x74, 0x20, 0x6e,
  0x6f, 0x74, 0x20, 0x74, 0x6f, 0x20, 0x62, 0x65,
  0x20, 0x76, 0x65, 0x72, 0x79, 0x20, 0x75, 0x73,
  0x65, 0x66, 0x75, 0x6c, 0x2c, 0x20, 0x73, 0x69,
  0x6e, 0x63, 0x65, 0x20, 0x69, 0x6e, 0x20, 0x70,
  0x72, 0x61, 0x63, 0x74, 0x69, 0x63, 0x65, 0x20,
  0x74, 0x68, 0x65, 0x20, 0x54, 0x65, 0x58, 0xa,
  0x25, 0x20, 0x64, 0x69, 0x73, 0x74, 0x72, 0x69,
  0x62, 0x75, 0x74, 0x69, 0x6f, 0x6e, 0x73, 0x20,
  0x6e, 0x65, 0x65, 0x64, 0x20, 0x6f, 0x6e, 0x65,
  0x20, 0x73, 0x65, 0x6c, 0x66, 0x2d, 0x63, 0x6f,
  0x6e, 0x74, 0x61, 0x69, 0x6e, 0x65, 0x64, 0x20,
  0x66, 0x69, 0x6c, 0x65, 0x20, 0x66, 0x6f, 0x72,
  0x20, 0x61, 0x20, 0x6c, 0x61, 0x6e, 0x67, 0x75,
  0x61, 0x67, 0x65, 0x2e, 0x20, 0x20, 0x54, 0x68,
  0x65, 0x72, 0x65, 0x66, 0x6f, 0x72, 0x65, 0x2c,
  0xa, 0x25, 0x20, 0x75, 0x73, 0x68, 0x79, 0x70,
  0x68, 0x6d, 0x61, 0x78, 0x2e, 0x74, 0x65, 0x78,
  0x20, 0x6e, 0x6f, 0x77, 0x20, 0x63, 0x6f, 0x6e,
  0x74, 0x61, 0x69, 0x6e, 0x73, 0x20, 0x62, 0x6f,
  0x74, 0x68, 0x20, 0x74, 0x68, 0x65, 0x20, 0x61,
  0x64, 0x64, 0x69, 0x74, 0x69, 0x6f, 0x6e, 0x61,
  0x6c, 0x20, 0x70, 0x61, 0x74, 0x74, 0x65, 0x72,
  0x6e, 0x73, 0x20, 0x66, 0x72, 0x6f, 0x6d, 0xa,
  0x25, 0x20, 0x44, 0x72, 0x2e, 0x20, 0x4b, 0x75,
  0x69, 0x6b, 0x65, 0x6e, 0x2c, 0x20, 0x61, 0x6e,
  0x64, 0x20, 0x74, 0x68, 0x65, 0x20, 0x6f, 0x72,
  0x69, 0x67, 0x69, 0x6e, 0x61, 0x6c, 0x20, 0x70,
  0x61, 0x74, 0x74, 0x65, 0x72, 0x6e, 0x73, 0x20,
  0x61, 0x6e, 0x64, 0x20, 0x68, 0x79, 0x70, 0x68,
  0x65, 0x6e, 0x61, 0x74, 0x69, 0x6f, 0x6e, 0x73,
  0x20, 0x66, 0x72, 0x6f, 0x6d, 0x20, 0x4b, 0x6e,
  0x75, 0x74, 0x68, 0x27, 0x73, 0xa, 0x25, 0x20,
  0x68, 0x79, 0x70, 0x68, 0x65, 0x6e, 0x2e, 0x74,
  0x65, 0x78, 0x2e, 0xa, 0x25, 0xa, 0x25, 0x20,
  0x54, 0x68, 0x65, 0x20, 0x50, 0x6c, 0x61, 0x69,
  0x6e, 0x20, 0x54, 0x65, 0x58, 0x20, 0x68, 0x79,
  0x70, 0x68, 0x65, 0x6e, 0x61, 0x74, 0x69, 0x6f,
  0x6e, 0x20, 0x74, 0x61, 0x62, 0x6c, 0x65, 0x73,
  0x2e, 0xa, 0x5c, 0x70, 0x61, 0x74, 0x74, 0x65,
  0x72, 0x6e, 0x73, 0x7b, 0x20, 0x25, 0x20, 0x6a,
  0x75, 0x73, 0x74, 0x20, 0x74, 0x79, 0x70, 0x65,
  0x20, 0x3c, 0x72, 0x65, 0x74, 0x75, 0x72, 0x6e,
  0x3e, 0x20, 0x69, 0x66, 0x20, 0x79, 0x6f, 0x75,
  0x27, 0x72, 0x65, 0x20, 0x6e, 0x6f, 0x74, 0x20,
  0x75, 0x73, 0x69, 0x6e, 0x67, 0x20, 0x49, 0x4e,
  0x49, 0x54, 0x45, 0x58, 0xa, 0x2e, 0x61, 0x63,
  0x68, 0x34, 0xa, 0x2e, 0x61, 0x64, 0x34, 0x64,
  0x65, 0x72, 0xa, 0x2e, 0x61, 0x66, 0x31, 0x74,
  0xa, 0x2e, 0x61, 0x6c, 0x33, 0x74, 0xa, 0x2e,
  0x61, 0x6d, 0x35, 0x61, 0x74, 0xa, 0x2e, 0x61,
  0x6e, 0x35, 0x63, 0xa, 0x2e, 0x61, 0x6e, 0x67,
  0x34, 0xa, 0x2e, 0x61, 0x6e, 0x69, 0x35, 0x6d,
  0xa, 0x2e, 0x61, 0x6e, 0x74, 0x34, 0xa, 0x2e,
  0x61, 0x6e, 0x33, 0x74, 0x65, 0xa, 0x2e, 0x61,
  0x6e, 0x74, 0x69, 0x35, 0x73, 0xa, 0x2e, 0x61,
  0x72, 0x35, 0x73, 0xa, 0x2e, 0x61, 0x72, 0x34,
  0x74, 0x69, 0x65, 0xa, 0x2e, 0x61, 0x72, 0x34,
  0x74, 0x79, 0xa, 0x2e, 0x61, 0x73, 0x33, 0x63,
  0xa, 0x2e, 0x61, 0x73, 0x31, 0x70, 0xa, 0x2e,
  0x61, 0x73, 0x31, 0x73, 0xa, 0x2e, 0x61, 0x73,
  0x74, 0x65, 0x72, 0x35, 0xa, 0x2e, 0x61, 0x74,
  0x6f, 0x6d, 0x35, 0xa, 0x2e, 0x61, 0x75, 0x31,
  0x64, 0xa, 0x2e, 0x61, 0x76, 0x34, 0x69, 0xa,
  0x2e, 0x61, 0x77, 0x6e, 0x34, 0xa, 0x2e, 0x62,
  0x61, 0x34, 0x67, 0xa, 0x2e, 0x62, 0x61, 0x35,
  0x6e, 0x61, 0xa, 0x2e, 0x62, 0x61, 0x73, 0x34,
  0x65, 0xa, 0x2e, 0x62, 0x65, 0x72, 0x34, 0xa,
  0x2e, 0x62, 0x65, 0x35, 0x72, 0x61, 0xa, 0x2e,
  0x62, 0x65, 0x33, 0x73, 0x6d, 0xa, 0x2e, 0x62,
  0x65, 0x35, 0x73, 0x74, 0x6f, 0xa, 0x2e, 0x62,
  0x72, 0x69, 0x32, 0xa, 0x2e, 0x62, 0x75, 0x74,
  0x34, 0x74, 0x69, 0xa, 0x2e, 0x63, 0x61, 0x6d,
  0x34, 0x70, 0x65, 0xa, 0x2e, 0x63, 0x61, 0x6e,
  0x35, 0x63, 0xa, 0x2e, 0x63, 0x61, 0x70, 0x61,
  0x35, 0x62, 0xa, 0x2e, 0x63, 0x61, 0x72, 0x35,
  0x6f, 0x6c, 0xa, 0x2e, 0x63, 0x61, 0x34, 0x74,
  0xa, 0x2e, 0x63, 0x65, 0x34, 0x6c, 0x61, 0xa,
  0x2e, 0x63, 0x68, 0x34, 0xa, 0x2e, 0x63, 0x68,
  0x69, 0x6c, 0x6c, 0x35, 0x69, 0xa, 0x2e, 0x63,
  0x69, 0x32, 0xa, 0x2e, 0x63, 0x69, 0x74, 0x35,
  0x72, 0xa, 0x2e, 0x63, 0x6f, 0x33, 0x65, 0xa,
  0x2e, 0x63, 0x6f, 0x34, 0x72, 0xa, 0x2e, 0x63,
  0x6f, 0x72, 0x35, 0x6e, 0x65, 0x72, 0xa, 0x2e,
  0x64, 0x65, 0x34, 0x6d, 0x6f, 0x69, 0xa, 0x2e,
  0x64, 0x65, 0x33, 0x6f, 0xa, 0x2e, 0x64, 0x65,
  0x33, 0x72, 0x61, 0xa, 0x2e, 0x64, 0x65, 0x33,
  0x72, 0x69, 0xa, 0x2e, 0x64, 0x65, 0x73, 0x34,
  0x63, 0xa, 0x2e, 0x64, 0x69, 0x63, 0x74, 0x69,
  0x6f, 0x35, 0xa, 0x2e, 0x64, 0x6f, 0x34, 0x74,
  0xa, 0x2e, 0x64, 0x75, 0x34, 0x63, 0xa, 0x2e,
  0x64, 0x75, 0x6d, 0x62, 0x35, 0xa, 0x2e, 0x65,
  0x61, 0x72, 0x74, 0x68, 0x35, 0xa, 0x2e, 0x65,
  0x61, 0x73, 0x33, 0x69, 0xa, 0x2e, 0x65, 0x62,
  0x34, 0xa, 0x2e, 0x65, 0x65, 0x72, 0x34, 0xa,
  0x2e, 0x65, 0x67, 0x32, 0xa, 0x2e, 0x65, 0x6c,
  0x35, 0x64, 0xa, 0x2e, 0x65, 0x6c, 0x33, 0x65,
  0x6d, 0xa, 0x2e, 0x65, 0x6e, 0x61, 0x6d, 0x33,
  0xa, 0x2e, 0x65, 0x6e, 0x33, 0x67, 0xa, 0x2e,
  0x65, 0x6e, 0x33, 0x73, 0xa, 0x2e, 0x65, 0x71,
  0x35, 0x75, 0x69, 0x35, 0x74, 0xa, 0x2e, 0x65,
  0x72, 0x34, 0x72, 0x69, 0xa, 0x2e, 0x65, 0x73,
  0x33, 0xa, 0x2e, 0x65, 0x75, 0x33, 0xa, 0x2e,
  0x65, 0x79, 0x65, 0x35, 0xa, 0x2e, 0x66, 0x65,
  0x73, 0x33, 0xa, 0x2e, 0x66, 0x6f, 0x72, 0x35,
  0x6d, 0x65, 0x72, 0xa, 0x2e, 0x67, 0x61, 0x32,
  0xa, 0x2e, 0x67, 0x65, 0x32, 0xa, 0x2e, 0x67,
  0x65, 0x6e, 0x33, 0x74, 0x34, 0xa, 0x2e, 0x67,
  0x65, 0x35, 0x6f, 0x67, 0xa, 0x2e, 0x67, 0x69,
  0x35, 0x61, 0xa, 0x2e, 0x67, 0x69, 0x34, 0x62,
  0xa, 0x2e, 0x67, 0x6f, 0x34, 0x72, 0xa, 0x2e,
  0x68, 0x61, 0x6e, 0x64, 0x35, 0x69, 0xa, 0x2e,
  0x68, 0x61, 0x6e, 0x35, 0x6b, 0xa, 0x2e, 0x68,
  0x65, 0x32, 0xa, 0x2e, 0x68, 0x65, 0x72, 0x6f,
  0x35, 0x69, 0xa, 0x2e, 0x68, 0x65, 0x73, 0x33,
  0xa, 0x2e, 0x68, 0x65, 0x74, 0x33, 0xa, 0x2e,
  0x68, 0x69, 0x33, 0x62, 0xa, 0x2e, 0x68, 0x69,
  0x33, 0x65, 0x72, 0xa, 0x2e, 0x68, 0x6f, 0x6e,
  0x35, 0x65, 0x79, 0xa, 0x2e, 0x68, 0x6f, 0x6e,
  0x33, 0x6f, 0xa, 0x2e, 0x68, 0x6f, 0x76, 0x35,
  0xa, 0x2e, 0x69, 0x64, 0x34, 0x6c, 0xa, 0x2e,
  0x69, 0x64, 0x6f, 0x6c, 0x33, 0xa, 0x2e, 0x69,
  0x6d, 0x33, 0x6d, 0xa, 0x2e, 0x69, 0x6d, 0x35,
  0x70, 0x69, 0x6e, 0xa, 0x2e, 0x69, 0x6e, 0x31,
  0xa, 0x2e, 0x69, 0x6e, 0x33, 0x63, 0x69, 0xa,
  0x2e, 0x69, 0x6e, 0x65, 0x32, 0xa, 0x2e, 0x69,
  0x6e, 0x32, 0x6b, 0xa, 0x2e, 0x69, 0x6e, 0x33,
  0x73, 0xa, 0x2e, 0x69, 0x72, 0x35, 0x72, 0xa,
  0x2e, 0x69, 0x73, 0x34, 0x69, 0xa, 0x2e, 0x6a,
  0x75, 0x33, 0x72, 0xa, 0x2e, 0x6c, 0x61, 0x34,
  0x63, 0x79, 0xa, 0x2e, 0x6c, 0x61, 0x34, 0x6d,
  0xa, 0x2e, 0x6c, 0x61, 0x74, 0x35, 0x65, 0x72,
  0xa, 0x2e, 0x6c, 0x61, 0x74, 0x68, 0x35, 0xa,
  0x2e, 0x6c, 0x65, 0x32, 0xa, 0x2e, 0x6c, 0x65,
  0x67, 0x35, 0x65, 0xa, 0x2e, 0x6c, 0x65, 0x6e,
  0x34, 0xa, 0x2e, 0x6c, 0x65, 0x70, 0x35, 0xa,
  0x2e, 0x6c, 0x65, 0x76, 0x31, 0xa, 0x2e, 0x6c,
  0x69, 0x34, 0x67, 0xa, 0x2e, 0x6c, 0x69, 0x67,
  0x35, 0x61, 0xa, 0x2e, 0x6c, 0x69, 0x32, 0x6e,
  0xa, 0x2e, 0x6c, 0x69, 0x33, 0x6f, 0xa, 0x2e,
  0x6c, 0x69, 0x34, 0x74, 0xa, 0x2e, 0x6d, 0x61,
  0x67, 0x35, 0x61, 0x35, 0xa, 0x2e, 0x6d, 0x61,
  0x6c, 0x35, 0x6f, 0xa, 0x2e, 0x6d, 0x61, 0x6e,
  0x35, 0x61, 0xa, 0x2e, 0x6d, 0x61, 0x72, 0x35,
  0x74, 0x69, 0xa, 0x2e, 0x6d, 0x65, 0x32, 0xa,
  0x2e, 0x6d, 0x65, 0x72, 0x33, 0x63, 0xa, 0x2e,
  0x6d, 0x65, 0x35, 0x74, 0x65, 0x72, 0xa, 0x2e,
  0x6d, 0x69, 0x73, 0x31, 0xa, 0x2e, 0x6d, 0x69,
  0x73, 0x74, 0x35, 0x69, 0xa, 0x2e, 0x6d, 0x6f,
  0x6e, 0x33, 0x65, 0xa, 0x2e, 0x6d, 0x6f, 0x33,
  0x72, 0x6f, 0xa, 0x2e, 0x6d, 0x75, 0x35, 0x74,
  0x61, 0xa, 0x2e, 0x6d, 0x75, 0x74, 0x61, 0x35,
  0x62, 0xa, 0x2e, 0x6e, 0x69, 0x34, 0x63, 0xa,
  0x2e, 0x6f, 0x64, 0x32, 0xa, 0x2e, 0x6f, 0x64,
  0x64, 0x35, 0xa, 0x2e, 0x6f, 0x66, 0x35, 0x74,
  0x65, 0xa, 0x2e, 0x6f, 0x72, 0x35, 0x61, 0x74,
  0x6f, 0xa, 0x2e, 0x6f, 0x72, 0x33, 0x63, 0xa,
  0x2e, 0x6f, 0x72, 0x31, 0x64, 0xa, 0x2e, 0x6f,
  0x72, 0x33, 0x74, 0xa, 0x2e, 0x6f, 0x73, 0x33,
  0xa, 0x2e, 0x6f, 0x73, 0x34, 0x74, 0x6c, 0xa,
  0x2e, 0x6f, 0x74, 0x68, 0x33, 0xa, 0x2e, 0x6f,
  0x75, 0x74, 0x33, 0xa, 0x2e, 0x70, 0x65, 0x64,
  0x35, 0x61, 0x6c, 0xa, 0x2e, 0x70, 0x65, 0x35,
  0x74, 0x65, 0xa, 0x2e, 0x70, 0x65, 0x35, 0x74,
  0x69, 0x74, 0xa, 0x2e, 0x70, 0x69, 0x34, 0x65,
  0xa, 0x2e, 0x70, 0x69, 0x6f, 0x35, 0x6e, 0xa,
  0x2e, 0x70, 0x69, 0x32, 0x74, 0xa, 0x2e, 0x70,
  0x72, 0x65, 0x33, 0x6d, 0xa, 0x2e, 0x72, 0x61,
  0x34, 0x63, 0xa, 0x2e, 0x72, 0x61, 0x6e, 0x34,
  0x74, 0xa, 0x2e, 0x72, 0x61, 0x74, 0x69, 0x6f,
  0x35, 0x6e, 0x61, 0xa, 0x2e, 0x72, 0x65, 0x65,
  0x32, 0xa, 0x2e, 0x72, 0x65, 0x35, 0x6d, 0x69,
  0x74, 0xa, 0x2e, 0x72, 0x65, 0x73, 0x32, 0xa,
  0x2e, 0x72, 0x65, 0x35, 0x73, 0x74, 0x61, 0x74,
  0xa, 0x2e, 0x72, 0x69, 0x34, 0x67, 0xa, 0x2e,
  0x72, 0x69, 0x74, 0x35, 0x75, 0xa, 0x2e, 0x72,
  0x6f, 0x34, 0x71, 0xa, 0x2e, 0x72, 0x6f, 0x73,
  0x35, 0x74, 0xa, 0x2e, 0x72, 0x6f, 0x77, 0x35,
  0x64, 0xa, 0x2e, 0x72, 0x75, 0x34, 0x64, 0xa,
  0x2e, 0x73, 0x63, 0x69, 0x33, 0x65, 0xa, 0x2e,
  0x73, 0x65, 0x6c, 0x66, 0x35, 0xa, 0x2e, 0x73,
  0x65, 0x6c, 0x6c, 0x35, 0xa, 0x2e, 0x73, 0x65,
  0x32, 0x6e, 0xa, 0x2e, 0x73, 0x65, 0x35, 0x72,
  0x69, 0x65, 0xa, 0x2e, 0x73, 0x68, 0x32, 0xa,
  0x2e, 0x73, 0x69, 0x32, 0xa, 0x2e, 0x73, 0x69,
  0x6e, 0x67, 0x34, 0xa, 0x2e, 0x73, 0x74, 0x34,
  0xa, 0x2e, 0x73, 0x74, 0x61, 0x35, 0x62, 0x6c,
  0xa, 0x2e, 0x73, 0x79, 0x32, 0xa, 0x2e, 0x74,
  0x61, 0x34, 0xa, 0x2e, 0x74, 0x65, 0x34, 0xa,
  0x2e, 0x74, 0x65, 0x6e, 0x35, 0x61, 0x6e, 0xa,
  0x2e, 0x74, 0x68, 0x32, 0xa, 0x2e, 0x74, 0x69,
  0x32, 0xa, 0x2e, 0x74, 0x69, 0x6c, 0x34, 0xa,
  0x2e, 0x74, 0x69, 0x6d, 0x35, 0x6f, 0x35, 0xa,
  0x2e, 0x74, 0x69, 0x6e, 0x67, 0x34, 0xa, 0x2e,
  0x74, 0x69, 0x6e, 0x35, 0x6b, 0xa, 0x2e, 0x74,
  0x6f, 0x6e, 0x34, 0x61, 0xa, 0x2e, 0x74, 0x6f,
  0x34, 0x70, 0xa, 0x2e, 0x74, 0x6f, 0x70, 0x35,
  0x69, 0xa, 0x2e, 0x74, 0x6f, 0x75, 0x35, 0x73,
  0xa, 0x2e, 0x74, 0x72, 0x69, 0x62, 0x35, 0x75,
  0x74, 0xa, 0x2e, 0x75, 0x6e, 0x31, 0x61, 0xa,
  0x2e, 0x75, 0x6e, 0x33, 0x63, 0x65, 0xa, 0x2e,
  0x75, 0x6e, 0x64, 0x65, 0x72, 0x35, 0xa, 0x2e,
  0x75, 0x6e, 0x31, 0x65, 0xa, 0x2e, 0x75, 0x6e,
  0x35, 0x6b, 0xa, 0x2e, 0x75, 0x6e, 0x35, 0x6f,
  0xa, 0x2e, 0x75, 0x6e, 0x33, 0x75, 0xa, 0x2e,
  0x75, 0x70, 0x33, 0xa, 0x2e, 0x75, 0x72, 0x65,
  0x33, 0xa, 0x2e, 0x75, 0x73, 0x35, 0x61, 0xa,
  0x2e, 0x76, 0x65, 0x6e, 0x34, 0x64, 0x65, 0xa,
  0x2e, 0x76, 0x65, 0x35, 0x72, 0x61, 0xa, 0x2e,
  0x77, 0x69, 0x6c, 0x35, 0x69, 0xa, 0x2e, 0x79,
  0x65, 0x34, 0xa, 0x34, 0x61, 0x62, 0x2e, 0xa,
  0x61, 0x35, 0x62, 0x61, 0x6c, 0xa, 0x61, 0x35,
  0x62, 0x61, 0x6e, 0xa, 0x61, 0x62, 0x65, 0x32,
  0xa, 0x61, 0x62, 0x35, 0x65, 0x72, 0x64, 0xa,
  0x61, 0x62, 0x69, 0x35, 0x61, 0xa, 0x61, 0x62,
  0x35, 0x69, 0x74, 0x35, 0x61, 0x62, 0xa, 0x61,
  0x62, 0x35, 0x6c, 0x61, 0x74, 0xa, 0x61, 0x62,
  0x35, 0x6f, 0x35, 0x6c, 0x69, 0x7a, 0xa, 0x34,
  0x61, 0x62, 0x72, 0xa, 0x61, 0x62, 0x35, 0x72,
  0x6f, 0x67, 0xa, 0x61, 0x62, 0x33, 0x75, 0x6c,
  0xa, 0x61, 0x34, 0x63, 0x61, 0x72, 0xa, 0x61,
  0x63, 0x35, 0x61, 0x72, 0x64, 0xa, 0x61, 0x63,
  0x35, 0x61, 0x72, 0x6f, 0xa, 0x61, 0x35, 0x63,
  0x65, 0x6f, 0x75, 0xa, 0x61, 0x63, 0x31, 0x65,
  0x72, 0xa, 0x61, 0x35, 0x63, 0x68, 0x65, 0x74,
  0xa, 0x34, 0x61, 0x32, 0x63, 0x69, 0xa, 0x61,
  0x33, 0x63, 0x69, 0x65, 0xa, 0x61, 0x63, 0x31,
  0x69, 0x6e, 0xa, 0x61, 0x33, 0x63, 0x69, 0x6f,
  0xa, 0x61, 0x63, 0x35, 0x72, 0x6f, 0x62, 0xa,
  0x61, 0x63, 0x74, 0x35, 0x69, 0x66, 0xa, 0x61,
  0x63, 0x33, 0x75, 0x6c, 0xa, 0x61, 0x63, 0x34,
  0x75, 0x6d, 0xa, 0x61, 0x32, 0x64, 0xa, 0x61,
  0x64, 0x34, 0x64, 0x69, 0x6e, 0xa, 0x61, 0x64,
  0x35, 0x65, 0x72, 0x2e, 0xa, 0x32, 0x61, 0x64,
  0x69, 0xa, 0x61, 0x33, 0x64, 0x69, 0x61, 0xa,
  0x61, 0x64, 0x33, 0x69, 0x63, 0x61, 0xa, 0x61,
  0x64, 0x69, 0x34, 0x65, 0x72, 0xa, 0x61, 0x33,
  0x64, 0x69, 0x6f, 0xa, 0x61, 0x33, 0x64, 0x69,
  0x74, 0xa, 0x61, 0x35, 0x64, 0x69, 0x75, 0xa,
  0x61, 0x64, 0x34, 0x6c, 0x65, 0xa, 0x61, 0x64,
  0x33, 0x6f, 0x77, 0xa, 0x61, 0x64, 0x35, 0x72,
  0x61, 0x6e, 0xa, 0x61, 0x64, 0x34, 0x73, 0x75,
  0xa, 0x34, 0x61, 0x64, 0x75, 0xa, 0x61, 0x33,
  0x64, 0x75, 0x63, 0xa, 0x61, 0x64, 0x35, 0x75,
  0x6d, 0xa, 0x61, 0x65, 0x34, 0x72, 0xa, 0x61,
  0x65, 0x72, 0x69, 0x34, 0x65, 0xa, 0x61, 0x32,
  0x66, 0xa, 0x61, 0x66, 0x66, 0x34, 0xa, 0x61,
  0x34, 0x67, 0x61, 0x62, 0xa, 0x61, 0x67, 0x61,
  0x34, 0x6e, 0xa, 0x61, 0x67, 0x35, 0x65, 0x6c,
  0x6c, 0xa, 0x61, 0x67, 0x65, 0x34, 0x6f, 0xa,
  0x34, 0x61, 0x67, 0x65, 0x75, 0xa, 0x61, 0x67,
  0x31, 0x69, 0xa, 0x34, 0x61, 0x67, 0x34, 0x6c,
  0xa, 0x61, 0x67, 0x31, 0x6e, 0xa, 0x61, 0x32,
  0x67, 0x6f, 0xa, 0x33, 0x61, 0x67, 0x6f, 0x67,
  0xa, 0x61, 0x67, 0x33, 0x6f, 0x6e, 0x69, 0xa,
  0x61, 0x35, 0x67, 0x75, 0x65, 0x72, 0xa, 0x61,
  0x67, 0x35, 0x75, 0x6c, 0xa, 0x61, 0x34, 0x67,
  0x79, 0xa, 0x61, 0x33, 0x68, 0x61, 0xa, 0x61,
  0x33, 0x68, 0x65, 0xa, 0x61, 0x68, 0x34, 0x6c,
  0xa, 0x61, 0x33, 0x68, 0x6f, 0xa, 0x61, 0x69,
  0x32, 0xa, 0x61, 0x35, 0x69, 0x61, 0xa, 0x61,
  0x33, 0x69, 0x63, 0x2e, 0xa, 0x61, 0x69, 0x35,
  0x6c, 0x79, 0xa, 0x61, 0x34, 0x69, 0x34, 0x6e,
  0xa, 0x61, 0x69, 0x6e, 0x35, 0x69, 0x6e, 0xa,
  0x61, 0x69, 0x6e, 0x35, 0x6f, 0xa, 0x61, 0x69,
  0x74, 0x35, 0x65, 0x6e, 0xa, 0x61, 0x31, 0x6a,
  0xa, 0x61, 0x6b, 0x31, 0x65, 0x6e, 0xa, 0x61,
  0x6c, 0x35, 0x61, 0x62, 0xa, 0x61, 0x6c, 0x33,
  0x61, 0x64, 0xa, 0x61, 0x34, 0x6c, 0x61, 0x72,
  0xa, 0x34, 0x61, 0x6c, 0x64, 0x69, 0xa, 0x32,
  0x61, 0x6c, 0x65, 0xa, 0x61, 0x6c, 0x33, 0x65,
  0x6e, 0x64, 0xa, 0x61, 0x34, 0x6c, 0x65, 0x6e,
  0x74, 0x69, 0xa, 0x61, 0x35, 0x6c, 0x65, 0x35,
  0x6f, 0xa, 0x61, 0x6c, 0x31, 0x69, 0xa, 0x61,
  0x6c, 0x34, 0x69, 0x61, 0x2e, 0xa, 0x61, 0x6c,
  0x69, 0x34, 0x65, 0xa, 0x61, 0x6c, 0x35, 0x6c,
  0x65, 0x76, 0xa, 0x34, 0x61, 0x6c, 0x6c, 0x69,
  0x63, 0xa, 0x34, 0x61, 0x6c, 0x6d, 0xa, 0x61,
  0x35, 0x6c, 0x6f, 0x67, 0x2e, 0xa, 0x61, 0x34,
  0x6c, 0x79, 0x2e, 0xa, 0x34, 0x61, 0x6c, 0x79,
  0x73, 0xa, 0x35, 0x61, 0x35, 0x6c, 0x79, 0x73,
  0x74, 0xa, 0x35, 0x61, 0x6c, 0x79, 0x74, 0xa,
  0x33, 0x61, 0x6c, 0x79, 0x7a, 0xa, 0x34, 0x61,
  0x6d, 0x61, 0xa, 0x61, 0x6d, 0x35, 0x61, 0x62,
  0xa, 0x61, 0x6d, 0x33, 0x61, 0x67, 0xa, 0x61,
  0x6d, 0x61, 0x35, 0x72, 0x61, 0xa, 0x61, 0x6d,
  0x35, 0x61, 0x73, 0x63, 0xa, 0x61, 0x34, 0x6d,
  0x61, 0x74, 0x69, 0x73, 0xa, 0x61, 0x34, 0x6d,
  0x35, 0x61, 0x74, 0x6f, 0xa, 0x61, 0x6d, 0x35,
  0x65, 0x72, 0x61, 0xa, 0x61, 0x6d, 0x33, 0x69,
  0x63, 0xa, 0x61, 0x6d, 0x35, 0x69, 0x66, 0xa,
  0x61, 0x6d, 0x35, 0x69, 0x6c, 0x79, 0xa, 0x61,
  0x6d, 0x31, 0x69, 0x6e, 0xa, 0x61, 0x6d, 0x69,
  0x34, 0x6e, 0x6f, 0xa, 0x61, 0x32, 0x6d, 0x6f,
  0xa, 0x61, 0x35, 0x6d, 0x6f, 0x6e, 0xa, 0x61,
  0x6d, 0x6f, 0x72, 0x35, 0x69, 0xa, 0x61, 0x6d,
  0x70, 0x35, 0x65, 0x6e, 0xa, 0x61, 0x32, 0x6e,
  0xa, 0x61, 0x6e, 0x33, 0x61, 0x67, 0x65, 0xa,
  0x33, 0x61, 0x6e, 0x61, 0x6c, 0x79, 0xa, 0x61,
  0x33, 0x6e, 0x61, 0x72, 0xa, 0x61, 0x6e, 0x33,
  0x61, 0x72, 0x63, 0xa, 0x61, 0x6e, 0x61, 0x72,
  0x34, 0x69, 0xa, 0x61, 0x33, 0x6e, 0x61, 0x74,
  0x69, 0xa, 0x34, 0x61, 0x6e, 0x64, 0xa, 0x61,
  0x6e, 0x64, 0x65, 0x34, 0x73, 0xa, 0x61, 0x6e,
  0x33, 0x64, 0x69, 0x73, 0xa, 0x61, 0x6e, 0x31,
  0x64, 0x6c, 0xa, 0x61, 0x6e, 0x34, 0x64, 0x6f,
  0x77, 0xa, 0x61, 0x35, 0x6e, 0x65, 0x65, 0xa,
  0x61, 0x33, 0x6e, 0x65, 0x6e, 0xa, 0x61, 0x6e,
  0x35, 0x65, 0x73, 0x74, 0x2e, 0xa, 0x61, 0x33,
  0x6e, 0x65, 0x75, 0xa, 0x32, 0x61, 0x6e, 0x67,
  0xa, 0x61, 0x6e, 0x67, 0x35, 0x69, 0x65, 0xa,
  0x61, 0x6e, 0x31, 0x67, 0x6c, 0xa, 0x61, 0x34,
  0x6e, 0x31, 0x69, 0x63, 0xa, 0x61, 0x33, 0x6e,
  0x69, 0x65, 0x73, 0xa, 0x61, 0x6e, 0x33, 0x69,
  0x33, 0x66, 0xa, 0x61, 0x6e, 0x34, 0x69, 0x6d,
  0x65, 0xa, 0x61, 0x35, 0x6e, 0x69, 0x6d, 0x69,
  0xa, 0x61, 0x35, 0x6e, 0x69, 0x6e, 0x65, 0xa,
  0x61, 0x6e, 0x33, 0x69, 0x6f, 0xa, 0x61, 0x33,
  0x6e, 0x69, 0x70, 0xa, 0x61, 0x6e, 0x33, 0x69,
  0x73, 0x68, 0xa, 0x61, 0x6e, 0x33, 0x69, 0x74,
  0xa, 0x61, 0x33, 0x6e, 0x69, 0x75, 0xa, 0x61,
  0x6e, 0x34, 0x6b, 0x6c, 0x69, 0xa, 0x35, 0x61,
  0x6e, 0x6e, 0x69, 0x7a, 0xa, 0x61, 0x6e, 0x6f,
  0x34, 0xa, 0x61, 0x6e, 0x35, 0x6f, 0x74, 0xa,
  0x61, 0x6e, 0x6f, 0x74, 0x68, 0x35, 0xa, 0x61,
  0x6e, 0x32, 0x73, 0x61, 0xa, 0x61, 0x6e, 0x34,
  0x73, 0x63, 0x6f, 0xa, 0x61, 0x6e, 0x34, 0x73,
  0x6e, 0xa, 0x61, 0x6e, 0x32, 0x73, 0x70, 0xa,
  0x61, 0x6e, 0x73, 0x33, 0x70, 0x6f, 0xa, 0x61,
  0x6e, 0x34, 0x73, 0x74, 0xa, 0x61, 0x6e, 0x34,
  0x73, 0x75, 0x72, 0xa, 0x61, 0x6e, 0x74, 0x61,
  0x6c, 0x34, 0xa, 0x61, 0x6e, 0x34, 0x74, 0x69,
  0x65, 0xa, 0x34, 0x61, 0x6e, 0x74, 0x6f, 0xa,
  0x61, 0x6e, 0x32, 0x74, 0x72, 0xa, 0x61, 0x6e,
  0x34, 0x74, 0x77, 0xa, 0x61, 0x6e, 0x33, 0x75,
  0x61, 0xa, 0x61, 0x6e, 0x33, 0x75, 0x6c, 0xa,
  0x61, 0x35, 0x6e, 0x75, 0x72, 0xa, 0x34, 0x61,
  0x6f, 0xa, 0x61, 0x70, 0x61, 0x72, 0x34, 0xa,
  0x61, 0x70, 0x35, 0x61, 0x74, 0xa, 0x61, 0x70,
  0x35, 0x65, 0x72, 0x6f, 0xa, 0x61, 0x33, 0x70,
  0x68, 0x65, 0x72, 0xa, 0x34, 0x61, 0x70, 0x68,
  0x69, 0xa, 0x61, 0x34, 0x70, 0x69, 0x6c, 0x6c,
  0x61, 0xa, 0x61, 0x70, 0x35, 0x69, 0x6c, 0x6c,
  0x61, 0x72, 0xa, 0x61, 0x70, 0x33, 0x69, 0x6e,
  0xa, 0x61, 0x70, 0x33, 0x69, 0x74, 0x61, 0xa,
  0x61, 0x33, 0x70, 0x69, 0x74, 0x75, 0xa, 0x61,
  0x32, 0x70, 0x6c, 0xa, 0x61, 0x70, 0x6f, 0x63,
  0x35, 0xa, 0x61, 0x70, 0x35, 0x6f, 0x6c, 0x61,
  0xa, 0x61, 0x70, 0x6f, 0x72, 0x35, 0x69, 0xa,
  0x61, 0x70, 0x6f, 0x73, 0x33, 0x74, 0xa, 0x61,
  0x70, 0x73, 0x35, 0x65, 0x73, 0xa, 0x61, 0x33,
  0x70, 0x75, 0xa, 0x61, 0x71, 0x75, 0x65, 0x35,
  0xa, 0x32, 0x61, 0x32, 0x72, 0xa, 0x61, 0x72,
  0x33, 0x61, 0x63, 0x74, 0xa, 0x61, 0x35, 0x72,
  0x61, 0x64, 0x65, 0xa, 0x61, 0x72, 0x35, 0x61,
  0x64, 0x69, 0x73, 0xa, 0x61, 0x72, 0x33, 0x61,
  0x6c, 0xa, 0x61, 0x35, 0x72, 0x61, 0x6d, 0x65,
  0x74, 0x65, 0xa, 0x61, 0x72, 0x61, 0x6e, 0x34,
  0x67, 0xa, 0x61, 0x72, 0x61, 0x33, 0x70, 0xa,
  0x61, 0x72, 0x34, 0x61, 0x74, 0xa, 0x61, 0x35,
  0x72, 0x61, 0x74, 0x69, 0x6f, 0xa, 0x61, 0x72,
  0x35, 0x61, 0x74, 0x69, 0x76, 0xa, 0x61, 0x35,
  0x72, 0x61, 0x75, 0xa, 0x61, 0x72, 0x35, 0x61,
  0x76, 0x34, 0xa, 0x61, 0x72, 0x61, 0x77, 0x34,
  0xa, 0x61, 0x72, 0x62, 0x61, 0x6c, 0x34, 0xa,
  0x61, 0x72, 0x34, 0x63, 0x68, 0x61, 0x6e, 0xa,
  0x61, 0x72, 0x35, 0x64, 0x69, 0x6e, 0x65, 0xa,
  0x61, 0x72, 0x34, 0x64, 0x72, 0xa, 0x61, 0x72,
  0x35, 0x65, 0x61, 0x73, 0xa, 0x61, 0x33, 0x72,
  0x65, 0x65, 0xa, 0x61, 0x72, 0x33, 0x65, 0x6e,
  0x74, 0xa, 0x61, 0x35, 0x72, 0x65, 0x73, 0x73,
  0xa, 0x61, 0x72, 0x34, 0x66, 0x69, 0xa, 0x61,
  0x72, 0x34, 0x66, 0x6c, 0xa, 0x61, 0x72, 0x31,
  0x69, 0xa, 0x61, 0x72, 0x35, 0x69, 0x61, 0x6c,
  0xa, 0x61, 0x72, 0x33, 0x69, 0x61, 0x6e, 0xa,
  0x61, 0x33, 0x72, 0x69, 0x65, 0x74, 0xa, 0x61,
  0x72, 0x34, 0x69, 0x6d, 0xa, 0x61, 0x72, 0x35,
  0x69, 0x6e, 0x61, 0x74, 0xa, 0x61, 0x72, 0x33,
  0x69, 0x6f, 0xa, 0x61, 0x72, 0x32, 0x69, 0x7a,
  0xa, 0x61, 0x72, 0x32, 0x6d, 0x69, 0xa, 0x61,
  0x72, 0x35, 0x6f, 0x35, 0x64, 0xa, 0x61, 0x35,
  0x72, 0x6f, 0x6e, 0x69, 0xa, 0x61, 0x33, 0x72,
  0x6f, 0x6f, 0xa, 0x61, 0x72, 0x32, 0x70, 0xa,
  0x61, 0x72, 0x33, 0x71, 0xa, 0x61, 0x72, 0x72,
  0x65, 0x34, 0xa, 0x61, 0x72, 0x34, 0x73, 0x61,
  0xa, 0x61, 0x72, 0x32, 0x73, 0x68, 0xa, 0x34,
  0x61, 0x73, 0x2e, 0xa, 0x61, 0x73, 0x34, 0x61,
  0x62, 0xa, 0x61, 0x73, 0x33, 0x61, 0x6e, 0x74,
  0xa, 0x61, 0x73, 0x68, 0x69, 0x34, 0xa, 0x61,
  0x35, 0x73, 0x69, 0x61, 0x2e, 0xa, 0x61, 0x33,
  0x73, 0x69, 0x62, 0xa, 0x61, 0x33, 0x73, 0x69,
  0x63, 0xa, 0x35, 0x61, 0x35, 0x73, 0x69, 0x34,
  0x74, 0xa, 0x61, 0x73, 0x6b, 0x33, 0x69, 0xa,
  0x61, 0x73, 0x34, 0x6c, 0xa, 0x61, 0x34, 0x73,
  0x6f, 0x63, 0xa, 0x61, 0x73, 0x35, 0x70, 0x68,
  0xa, 0x61, 0x73, 0x34, 0x73, 0x68, 0xa, 0x61,
  0x73, 0x33, 0x74, 0x65, 0x6e, 0xa, 0x61, 0x73,
  0x31, 0x74, 0x72, 0xa, 0x61, 0x73, 0x75, 0x72,
  0x35, 0x61, 0xa, 0x61, 0x32, 0x74, 0x61, 0xa,
  0x61, 0x74, 0x33, 0x61, 0x62, 0x6c, 0xa, 0x61,
  0x74, 0x35, 0x61, 0x63, 0xa, 0x61, 0x74, 0x33,
  0x61, 0x6c, 0x6f, 0xa, 0x61, 0x74, 0x35, 0x61,
  0x70, 0xa, 0x61, 0x74, 0x65, 0x35, 0x63, 0xa,
  0x61, 0x74, 0x35, 0x65, 0x63, 0x68, 0xa, 0x61,
  0x74, 0x33, 0x65, 0x67, 0x6f, 0xa, 0x61, 0x74,
  0x33, 0x65, 0x6e, 0x2e, 0xa, 0x61, 0x74, 0x33,
  0x65, 0x72, 0x61, 0xa, 0x61, 0x74, 0x65, 0x72,
  0x35, 0x6e, 0xa, 0x61, 0x35, 0x74, 0x65, 0x72,
  0x6e, 0x61, 0xa, 0x61, 0x74, 0x33, 0x65, 0x73,
  0x74, 0xa, 0x61, 0x74, 0x35, 0x65, 0x76, 0xa,
  0x34, 0x61, 0x74, 0x68, 0xa, 0x61, 0x74, 0x68,
  0x35, 0x65, 0x6d, 0xa, 0x61, 0x35, 0x74, 0x68,
  0x65, 0x6e, 0xa, 0x61, 0x74, 0x34, 0x68, 0x6f,
  0xa, 0x61, 0x74, 0x68, 0x35, 0x6f, 0x6d, 0xa,
  0x34, 0x61, 0x74, 0x69, 0x2e, 0xa, 0x61, 0x35,
  0x74, 0x69, 0x61, 0xa, 0x61, 0x74, 0x35, 0x69,
  0x35, 0x62, 0xa, 0x61, 0x74, 0x31, 0x69, 0x63,
  0xa, 0x61, 0x74, 0x33, 0x69, 0x66, 0xa, 0x61,
  0x74, 0x69, 0x6f, 0x6e, 0x35, 0x61, 0x72, 0xa,
  0x61, 0x74, 0x33, 0x69, 0x74, 0x75, 0xa, 0x61,
  0x34, 0x74, 0x6f, 0x67, 0xa, 0x61, 0x32, 0x74,
  0x6f, 0x6d, 0xa, 0x61, 0x74, 0x35, 0x6f, 0x6d,
  0x69, 0x7a, 0xa, 0x61, 0x34, 0x74, 0x6f, 0x70,
  0xa, 0x61, 0x34, 0x74, 0x6f, 0x73, 0xa, 0x61,
  0x31, 0x74, 0x72, 0xa, 0x61, 0x74, 0x35, 0x72,
  0x6f, 0x70, 0xa, 0x61, 0x74, 0x34, 0x73, 0x6b,
  0xa, 0x61, 0x74, 0x34, 0x74, 0x61, 0x67, 0xa,
  0x61, 0x74, 0x35, 0x74, 0x65, 0xa, 0x61, 0x74,
  0x34, 0x74, 0x68, 0xa, 0x61, 0x32, 0x74, 0x75,
  0xa, 0x61, 0x74, 0x35, 0x75, 0x61, 0xa, 0x61,
  0x74, 0x35, 0x75, 0x65, 0xa, 0x61, 0x74, 0x33,
  0x75, 0x6c, 0xa, 0x61, 0x74, 0x33, 0x75, 0x72,
  0x61, 0xa, 0x61, 0x32, 0x74, 0x79, 0xa, 0x61,
  0x75, 0x34, 0x62, 0xa, 0x61, 0x75, 0x67, 0x68,
  0x33, 0xa, 0x61, 0x75, 0x33, 0x67, 0x75, 0xa,
  0x61, 0x75, 0x34, 0x6c, 0x32, 0xa, 0x61, 0x75,
  0x6e, 0x35, 0x64, 0xa, 0x61, 0x75, 0x33, 0x72,
  0xa, 0x61, 0x75, 0x35, 0x73, 0x69, 0x62, 0xa,
  0x61, 0x75, 0x74, 0x35, 0x65, 0x6e, 0xa, 0x61,
  0x75, 0x31, 0x74, 0x68, 0xa, 0x61, 0x32, 0x76,
  0x61, 0xa, 0x61, 0x76, 0x33, 0x61, 0x67, 0xa,
  0x61, 0x35, 0x76, 0x61, 0x6e, 0xa, 0x61, 0x76,
  0x65, 0x34, 0x6e, 0x6f, 0xa, 0x61, 0x76, 0x33,
  0x65, 0x72, 0x61, 0xa, 0x61, 0x76, 0x35, 0x65,
  0x72, 0x6e, 0xa, 0x61, 0x76, 0x35, 0x65, 0x72,
  0x79, 0xa, 0x61, 0x76, 0x31, 0x69, 0xa, 0x61,
  0x76, 0x69, 0x34, 0x65, 0x72, 0xa, 0x61, 0x76,
  0x33, 0x69, 0x67, 0xa, 0x61, 0x76, 0x35, 0x6f,
  0x63, 0xa, 0x61, 0x31, 0x76, 0x6f, 0x72, 0xa,
  0x33, 0x61, 0x77, 0x61, 0x79, 0xa, 0x61, 0x77,
  0x33, 0x69, 0xa, 0x61, 0x77, 0x34, 0x6c, 0x79,
  0xa, 0x61, 0x77, 0x73, 0x34, 0xa, 0x61, 0x78,
  0x34, 0x69, 0x63, 0xa, 0x61, 0x78, 0x34, 0x69,
  0x64, 0xa, 0x61, 0x79, 0x35, 0x61, 0x6c, 0xa,
  0x61, 0x79, 0x65, 0x34, 0xa, 0x61, 0x79, 0x73,
  0x34, 0xa, 0x61, 0x7a, 0x69, 0x34, 0x65, 0x72,
  0xa, 0x61, 0x7a, 0x7a, 0x35, 0x69, 0xa, 0x35,
  0x62, 0x61, 0x2e, 0xa, 0x62, 0x61, 0x64, 0x35,
  0x67, 0x65, 0x72, 0xa, 0x62, 0x61, 0x34, 0x67,
  0x65, 0xa, 0x62, 0x61, 0x6c, 0x31, 0x61, 0xa,
  0x62, 0x61, 0x6e, 0x35, 0x64, 0x61, 0x67, 0xa,
  0x62, 0x61, 0x6e, 0x34, 0x65, 0xa, 0x62, 0x61,
  0x6e, 0x33, 0x69, 0xa, 0x62, 0x61, 0x72, 0x62,
  0x69, 0x35, 0xa, 0x62, 0x61, 0x72, 0x69, 0x34,
  0x61, 0xa, 0x62, 0x61, 0x73, 0x34, 0x73, 0x69,
  0xa, 0x31, 0x62, 0x61, 0x74, 0xa, 0x62, 0x61,
  0x34, 0x7a, 0xa, 0x32, 0x62, 0x31, 0x62, 0xa,
  0x62, 0x32, 0x62, 0x65, 0xa, 0x62, 0x33, 0x62,
  0x65, 0x72, 0xa, 0x62, 0x62, 0x69, 0x34, 0x6e,
  0x61, 0xa, 0x34, 0x62, 0x31, 0x64, 0xa, 0x34,
  0x62, 0x65, 0x2e, 0xa, 0x62, 0x65, 0x61, 0x6b,
  0x34, 0xa, 0x62, 0x65, 0x61, 0x74, 0x33, 0xa,
  0x34, 0x62, 0x65, 0x32, 0x64, 0xa, 0x62, 0x65,
  0x33, 0x64, 0x61, 0xa, 0x62, 0x65, 0x33, 0x64,
  0x65, 0xa, 0x62, 0x65, 0x33, 0x64, 0x69, 0xa,
  0x62, 0x65, 0x33, 0x67, 0x69, 0xa, 0x62, 0x65,
  0x35, 0x67, 0x75, 0xa, 0x31, 0x62, 0x65, 0x6c,
  0xa, 0x62, 0x65, 0x31, 0x6c, 0x69, 0xa, 0x62,
  0x65, 0x33, 0x6c, 0x6f, 0xa, 0x34, 0x62, 0x65,
  0x35, 0x6d, 0xa, 0x62, 0x65, 0x35, 0x6e, 0x69,
  0x67, 0xa, 0x62, 0x65, 0x35, 0x6e, 0x75, 0xa,
  0x34, 0x62, 0x65, 0x73, 0x34, 0xa, 0x62, 0x65,
  0x33, 0x73, 0x70, 0xa, 0x62, 0x65, 0x35, 0x73,
  0x74, 0x72, 0xa, 0x33, 0x62, 0x65, 0x74, 0xa,
  0x62, 0x65, 0x74, 0x35, 0x69, 0x7a, 0xa, 0x62,
  0x65, 0x35, 0x74, 0x72, 0xa, 0x62, 0x65, 0x33,
  0x74, 0x77, 0xa, 0x62, 0x65, 0x33, 0x77, 0xa,
  0x62, 0x65, 0x35, 0x79, 0x6f, 0xa, 0x32, 0x62,
  0x66, 0xa, 0x34, 0x62, 0x33, 0x68, 0xa, 0x62,
  0x69, 0x32, 0x62, 0xa, 0x62, 0x69, 0x34, 0x64,
  0xa, 0x33, 0x62, 0x69, 0x65, 0xa, 0x62, 0x69,
  0x35, 0x65, 0x6e, 0xa, 0x62, 0x69, 0x34, 0x65,
  0x72, 0xa, 0x32, 0x62, 0x33, 0x69, 0x66, 0xa,
  0x31, 0x62, 0x69, 0x6c, 0xa, 0x62, 0x69, 0x33,
  0x6c, 0x69, 0x7a, 0xa, 0x62, 0x69, 0x6e, 0x61,
  0x35, 0x72, 0x34, 0xa, 0x62, 0x69, 0x6e, 0x34,
  0x64, 0xa, 0x62, 0x69, 0x35, 0x6e, 0x65, 0x74,
  0xa, 0x62, 0x69, 0x33, 0x6f, 0x67, 0x72, 0xa,
  0x62, 0x69, 0x35, 0x6f, 0x75, 0xa, 0x62, 0x69,
  0x32, 0x74, 0xa, 0x33, 0x62, 0x69, 0x33, 0x74,
  0x69, 0x6f, 0xa, 0x62, 0x69, 0x33, 0x74, 0x72,
  0xa, 0x33, 0x62, 0x69, 0x74, 0x35, 0x75, 0x61,
  0xa, 0x62, 0x35, 0x69, 0x74, 0x7a, 0xa, 0x62,
  0x31, 0x6a, 0xa, 0x62, 0x6b, 0x34, 0xa, 0x62,
  0x32, 0x6c, 0x32, 0xa, 0x62, 0x6c, 0x61, 0x74,
  0x68, 0x35, 0xa, 0x62, 0x34, 0x6c, 0x65, 0x2e,
  0xa, 0x62, 0x6c, 0x65, 0x6e, 0x34, 0xa, 0x35,
  0x62, 0x6c, 0x65, 0x73, 0x70, 0xa, 0x62, 0x33,
  0x6c, 0x69, 0x73, 0xa, 0x62, 0x34, 0x6c, 0x6f,
  0xa, 0x62, 0x6c, 0x75, 0x6e, 0x34, 0x74, 0xa,
  0x34, 0x62, 0x31, 0x6d, 0xa, 0x34, 0x62, 0x33,
  0x6e, 0xa, 0x62, 0x6e, 0x65, 0x35, 0x67, 0xa,
  0x33, 0x62, 0x6f, 0x64, 0xa, 0x62, 0x6f, 0x64,
  0x33, 0x69, 0xa, 0x62, 0x6f, 0x34, 0x65, 0xa,
  0x62, 0x6f, 0x6c, 0x33, 0x69, 0x63, 0xa, 0x62,
  0x6f, 0x6d, 0x34, 0x62, 0x69, 0xa, 0x62, 0x6f,
  0x6e, 0x34, 0x61, 0xa, 0x62, 0x6f, 0x6e, 0x35,
  0x61, 0x74, 0xa, 0x33, 0x62, 0x6f, 0x6f, 0xa,
  0x35, 0x62, 0x6f, 0x72, 0x2e, 0xa, 0x34, 0x62,
  0x31, 0x6f, 0x72, 0x61, 0xa, 0x62, 0x6f, 0x72,
  0x35, 0x64, 0xa, 0x35, 0x62, 0x6f, 0x72, 0x65,
  0xa, 0x35, 0x62, 0x6f, 0x72, 0x69, 0xa, 0x35,
  0x62, 0x6f, 0x73, 0x34, 0xa, 0x62, 0x35, 0x6f,
  0x74, 0x61, 0xa, 0x62, 0x6f, 0x74, 0x68, 0x35,
  0xa, 0x62, 0x6f, 0x34, 0x74, 0x6f, 0xa, 0x62,
  0x6f, 0x75, 0x6e, 0x64, 0x33, 0xa, 0x34, 0x62,
  0x70, 0xa, 0x34, 0x62, 0x72, 0x69, 0x74, 0xa,
  0x62, 0x72, 0x6f, 0x74, 0x68, 0x33, 0xa, 0x32,
  0x62, 0x35, 0x73, 0x32, 0xa, 0x62, 0x73, 0x6f,
  0x72, 0x34, 0xa, 0x32, 0x62, 0x74, 0xa, 0x62,
  0x74, 0x34, 0x6c, 0xa, 0x62, 0x34, 0x74, 0x6f,
  0xa, 0x62, 0x33, 0x74, 0x72, 0xa, 0x62, 0x75,
  0x66, 0x34, 0x66, 0x65, 0x72, 0xa, 0x62, 0x75,
  0x34, 0x67, 0x61, 0xa, 0x62, 0x75, 0x33, 0x6c,
  0x69, 0xa, 0x62, 0x75, 0x6d, 0x69, 0x34, 0xa,
  0x62, 0x75, 0x34, 0x6e, 0xa, 0x62, 0x75, 0x6e,
  0x74, 0x34, 0x69, 0xa, 0x62, 0x75, 0x33, 0x72,
  0x65, 0xa, 0x62, 0x75, 0x73, 0x35, 0x69, 0x65,
  0xa, 0x62, 0x75, 0x73, 0x73, 0x34, 0x65, 0xa,
  0x35, 0x62, 0x75, 0x73, 0x74, 0xa, 0x34, 0x62,
  0x75, 0x74, 0x61, 0xa, 0x33, 0x62, 0x75, 0x74,
  0x69, 0x6f, 0xa, 0x62, 0x35, 0x75, 0x74, 0x6f,
  0xa, 0x62, 0x31, 0x76, 0xa, 0x34, 0x62, 0x35,
  0x77, 0xa, 0x35, 0x62, 0x79, 0x2e, 0xa, 0x62,
  0x79, 0x73, 0x34, 0xa, 0x31, 0x63, 0x61, 0xa,
  0x63, 0x61, 0x62, 0x33, 0x69, 0x6e, 0xa, 0x63,
  0x61, 0x31, 0x62, 0x6c, 0xa, 0x63, 0x61, 0x63,
  0x68, 0x34, 0xa, 0x63, 0x61, 0x35, 0x64, 0x65,
  0x6e, 0xa, 0x34, 0x63, 0x61, 0x67, 0x34, 0xa,
  0x32, 0x63, 0x35, 0x61, 0x68, 0xa, 0x63, 0x61,
  0x33, 0x6c, 0x61, 0x74, 0xa, 0x63, 0x61, 0x6c,
  0x34, 0x6c, 0x61, 0xa, 0x63, 0x61, 0x6c, 0x6c,
  0x35, 0x69, 0x6e, 0xa, 0x34, 0x63, 0x61, 0x6c,
  0x6f, 0xa, 0x63, 0x61, 0x6e, 0x35, 0x64, 0xa,
  0x63, 0x61, 0x6e, 0x34, 0x65, 0xa, 0x63, 0x61,
  0x6e, 0x34, 0x69, 0x63, 0xa, 0x63, 0x61, 0x6e,
  0x35, 0x69, 0x73, 0xa, 0x63, 0x61, 0x6e, 0x33,
  0x69, 0x7a, 0xa, 0x63, 0x61, 0x6e, 0x34, 0x74,
  0x79, 0xa, 0x63, 0x61, 0x6e, 0x79, 0x34, 0xa,
  0x63, 0x61, 0x35, 0x70, 0x65, 0x72, 0xa, 0x63,
  0x61, 0x72, 0x35, 0x6f, 0x6d, 0xa, 0x63, 0x61,
  0x73, 0x74, 0x35, 0x65, 0x72, 0xa, 0x63, 0x61,
  0x73, 0x35, 0x74, 0x69, 0x67, 0xa, 0x34, 0x63,
  0x61, 0x73, 0x79, 0xa, 0x63, 0x61, 0x34, 0x74,
  0x68, 0xa, 0x34, 0x63, 0x61, 0x74, 0x69, 0x76,
  0xa, 0x63, 0x61, 0x76, 0x35, 0x61, 0x6c, 0xa,
  0x63, 0x33, 0x63, 0xa, 0x63, 0x63, 0x68, 0x61,
  0x35, 0xa, 0x63, 0x63, 0x69, 0x34, 0x61, 0xa,
  0x63, 0x63, 0x6f, 0x6d, 0x70, 0x61, 0x35, 0xa,
  0x63, 0x63, 0x6f, 0x6e, 0x34, 0xa, 0x63, 0x63,
  0x6f, 0x75, 0x33, 0x74, 0xa, 0x32, 0x63, 0x65,
  0x2e, 0xa, 0x34, 0x63, 0x65, 0x64, 0x2e, 0xa,
  0x34, 0x63, 0x65, 0x64, 0x65, 0x6e, 0xa, 0x33,
  0x63, 0x65, 0x69, 0xa, 0x35, 0x63, 0x65, 0x6c,
  0x2e, 0xa, 0x33, 0x63, 0x65, 0x6c, 0x6c, 0xa,
  0x31, 0x63, 0x65, 0x6e, 0xa, 0x33, 0x63, 0x65,
  0x6e, 0x63, 0xa, 0x32, 0x63, 0x65, 0x6e, 0x34,
  0x65, 0xa, 0x34, 0x63, 0x65, 0x6e, 0x69, 0xa,
  0x33, 0x63, 0x65, 0x6e, 0x74, 0xa, 0x33, 0x63,
  0x65, 0x70, 0xa, 0x63, 0x65, 0x35, 0x72, 0x61,
  0x6d, 0xa, 0x34, 0x63, 0x65, 0x73, 0x61, 0xa,
  0x33, 0x63, 0x65, 0x73, 0x73, 0x69, 0xa, 0x63,
  0x65, 0x73, 0x35, 0x73, 0x69, 0x35, 0x62, 0xa,
  0x63, 0x65, 0x73, 0x35, 0x74, 0xa, 0x63, 0x65,
  0x74, 0x34, 0xa, 0x63, 0x35, 0x65, 0x34, 0x74,
  0x61, 0xa, 0x63, 0x65, 0x77, 0x34, 0xa, 0x32,
  0x63, 0x68, 0xa, 0x34, 0x63, 0x68, 0x2e, 0xa,
  0x34, 0x63, 0x68, 0x33, 0x61, 0x62, 0xa, 0x35,
  0x63, 0x68, 0x61, 0x6e, 0x69, 0x63, 0xa, 0x63,
  0x68, 0x35, 0x61, 0x35, 0x6e, 0x69, 0x73, 0xa,
  0x63, 0x68, 0x65, 0x32, 0xa, 0x63, 0x68, 0x65,
  0x61, 0x70, 0x33, 0xa, 0x34, 0x63, 0x68, 0x65,
  0x64, 0xa, 0x63, 0x68, 0x65, 0x35, 0x6c, 0x6f,
  0xa, 0x33, 0x63, 0x68, 0x65, 0x6d, 0x69, 0xa,
  0x63, 0x68, 0x35, 0x65, 0x6e, 0x65, 0xa, 0x63,
  0x68, 0x33, 0x65, 0x72, 0x2e, 0xa, 0x63, 0x68,
  0x33, 0x65, 0x72, 0x73, 0xa, 0x34, 0x63, 0x68,
  0x31, 0x69, 0x6e, 0xa, 0x35, 0x63, 0x68, 0x69,
  0x6e, 0x65, 0x2e, 0xa, 0x63, 0x68, 0x35, 0x69,
  0x6e, 0x65, 0x73, 0x73, 0xa, 0x35, 0x63, 0x68,
  0x69, 0x6e, 0x69, 0xa, 0x35, 0x63, 0x68, 0x69,
  0x6f, 0xa, 0x33, 0x63, 0x68, 0x69, 0x74, 0xa,
  0x63, 0x68, 0x69, 0x32, 0x7a, 0xa, 0x33, 0x63,
  0x68, 0x6f, 0x32, 0xa, 0x63, 0x68, 0x34, 0x74,
  0x69, 0xa, 0x31, 0x63, 0x69, 0xa, 0x33, 0x63,
  0x69, 0x61, 0xa, 0x63, 0x69, 0x32, 0x61, 0x35,
  0x62, 0xa, 0x63, 0x69, 0x61, 0x35, 0x72, 0xa,
  0x63, 0x69, 0x35, 0x63, 0xa, 0x34, 0x63, 0x69,
  0x65, 0x72, 0xa, 0x35, 0x63, 0x69, 0x66, 0x69,
  0x63, 0x2e, 0xa, 0x34, 0x63, 0x69, 0x69, 0xa,
  0x63, 0x69, 0x34, 0x6c, 0x61, 0xa, 0x33, 0x63,
  0x69, 0x6c, 0x69, 0xa, 0x32, 0x63, 0x69, 0x6d,
  0xa, 0x32, 0x63, 0x69, 0x6e, 0xa, 0x63, 0x34,
  0x69, 0x6e, 0x61, 0xa, 0x33, 0x63, 0x69, 0x6e,
  0x61, 0x74, 0xa, 0x63, 0x69, 0x6e, 0x33, 0x65,
  0x6d, 0xa, 0x63, 0x31, 0x69, 0x6e, 0x67, 0xa,
  0x63, 0x35, 0x69, 0x6e, 0x67, 0x2e, 0xa, 0x35,
  0x63, 0x69, 0x6e, 0x6f, 0xa, 0x63, 0x69, 0x6f,
  0x6e, 0x34, 0xa, 0x34, 0x63, 0x69, 0x70, 0x65,
  0xa, 0x63, 0x69, 0x33, 0x70, 0x68, 0xa, 0x34,
  0x63, 0x69, 0x70, 0x69, 0x63, 0xa, 0x34, 0x63,
  0x69, 0x73, 0x74, 0x61, 0xa, 0x34, 0x63, 0x69,
  0x73, 0x74, 0x69, 0xa, 0x32, 0x63, 0x31, 0x69,
  0x74, 0xa, 0x63, 0x69, 0x74, 0x33, 0x69, 0x7a,
  0xa, 0x35, 0x63, 0x69, 0x7a, 0xa, 0x63, 0x6b,
  0x31, 0xa, 0x63, 0x6b, 0x33, 0x69, 0xa, 0x31,
  0x63, 0x34, 0x6c, 0x34, 0xa, 0x34, 0x63, 0x6c,
  0x61, 0x72, 0xa, 0x63, 0x35, 0x6c, 0x61, 0x72,
  0x61, 0x74, 0x69, 0x6f, 0xa, 0x35, 0x63, 0x6c,
  0x61, 0x72, 0x65, 0xa, 0x63, 0x6c, 0x65, 0x34,
  0x6d, 0xa, 0x34, 0x63, 0x6c, 0x69, 0x63, 0xa,
  0x63, 0x6c, 0x69, 0x6d, 0x34, 0xa, 0x63, 0x6c,
  0x79, 0x34, 0xa, 0x63, 0x35, 0x6e, 0xa, 0x31,
  0x63, 0x6f, 0xa, 0x63, 0x6f, 0x35, 0x61, 0x67,
  0xa, 0x63, 0x6f, 0x65, 0x32, 0xa, 0x32, 0x63,
  0x6f, 0x67, 0xa, 0x63, 0x6f, 0x34, 0x67, 0x72,
  0xa, 0x63, 0x6f, 0x69, 0x34, 0xa, 0x63, 0x6f,
  0x33, 0x69, 0x6e, 0x63, 0xa, 0x63, 0x6f, 0x6c,
  0x35, 0x69, 0xa, 0x35, 0x63, 0x6f, 0x6c, 0x6f,
  0xa, 0x63, 0x6f, 0x6c, 0x33, 0x6f, 0x72, 0xa,
  0x63, 0x6f, 0x6d, 0x35, 0x65, 0x72, 0xa, 0x63,
  0x6f, 0x6e, 0x34, 0x61, 0xa, 0x63, 0x34, 0x6f,
  0x6e, 0x65, 0xa, 0x63, 0x6f, 0x6e, 0x33, 0x67,
  0xa, 0x63, 0x6f, 0x6e, 0x35, 0x74, 0xa, 0x63,
  0x6f, 0x33, 0x70, 0x61, 0xa, 0x63, 0x6f, 0x70,
  0x33, 0x69, 0x63, 0xa, 0x63, 0x6f, 0x34, 0x70,
  0x6c, 0xa, 0x34, 0x63, 0x6f, 0x72, 0x62, 0xa,
  0x63, 0x6f, 0x72, 0x6f, 0x33, 0x6e, 0xa, 0x63,
  0x6f, 0x73, 0x34, 0x65, 0xa, 0x63, 0x6f, 0x76,
  0x31, 0xa, 0x63, 0x6f, 0x76, 0x65, 0x34, 0xa,
  0x63, 0x6f, 0x77, 0x35, 0x61, 0xa, 0x63, 0x6f,
  0x7a, 0x35, 0x65, 0xa, 0x63, 0x6f, 0x35, 0x7a,
  0x69, 0xa, 0x63, 0x31, 0x71, 0xa, 0x63, 0x72,
  0x61, 0x73, 0x35, 0x74, 0xa, 0x35, 0x63, 0x72,
  0x61, 0x74, 0x2e, 0xa, 0x35, 0x63, 0x72, 0x61,
  0x74, 0x69, 0x63, 0xa, 0x63, 0x72, 0x65, 0x33,
  0x61, 0x74, 0xa, 0x35, 0x63, 0x72, 0x65, 0x64,
  0xa, 0x34, 0x63, 0x33, 0x72, 0x65, 0x74, 0x61,
  0xa, 0x63, 0x72, 0x65, 0x34, 0x76, 0xa, 0x63,
  0x72, 0x69, 0x32, 0xa, 0x63, 0x72, 0x69, 0x35,
  0x66, 0xa, 0x63, 0x34, 0x72, 0x69, 0x6e, 0xa,
  0x63, 0x72, 0x69, 0x73, 0x34, 0xa, 0x35, 0x63,
  0x72, 0x69, 0x74, 0x69, 0xa, 0x63, 0x72, 0x6f,
  0x34, 0x70, 0x6c, 0xa, 0x63, 0x72, 0x6f, 0x70,
  0x35, 0x6f, 0xa, 0x63, 0x72, 0x6f, 0x73, 0x34,
  0x65, 0xa, 0x63, 0x72, 0x75, 0x34, 0x64, 0xa,
  0x34, 0x63, 0x33, 0x73, 0x32, 0xa, 0x32, 0x63,
  0x31, 0x74, 0xa, 0x63, 0x74, 0x61, 0x34, 0x62,
  0xa, 0x63, 0x74, 0x35, 0x61, 0x6e, 0x67, 0xa,
  0x63, 0x35, 0x74, 0x61, 0x6e, 0x74, 0xa, 0x63,
  0x32, 0x74, 0x65, 0xa, 0x63, 0x33, 0x74, 0x65,
  0x72, 0xa, 0x63, 0x34, 0x74, 0x69, 0x63, 0x75,
  0xa, 0x63, 0x74, 0x69, 0x6d, 0x33, 0x69, 0xa,
  0x63, 0x74, 0x75, 0x34, 0x72, 0xa, 0x63, 0x34,
  0x74, 0x77, 0xa, 0x63, 0x75, 0x64, 0x35, 0xa,
  0x63, 0x34, 0x75, 0x66, 0xa, 0x63, 0x34, 0x75,
  0x69, 0xa, 0x63, 0x75, 0x35, 0x69, 0x74, 0x79,
  0xa, 0x35, 0x63, 0x75, 0x6c, 0x69, 0xa, 0x63,
  0x75, 0x6c, 0x34, 0x74, 0x69, 0x73, 0xa, 0x33,
  0x63, 0x75, 0x6c, 0x74, 0x75, 0xa, 0x63, 0x75,
  0x32, 0x6d, 0x61, 0xa, 0x63, 0x33, 0x75, 0x6d,
  0x65, 0xa, 0x63, 0x75, 0x34, 0x6d, 0x69, 0xa,
  0x33, 0x63, 0x75, 0x6e, 0xa, 0x63, 0x75, 0x33,
  0x70, 0x69, 0xa, 0x63, 0x75, 0x35, 0x70, 0x79,
  0xa, 0x63, 0x75, 0x72, 0x35, 0x61, 0x34, 0x62,
  0xa, 0x63, 0x75, 0x35, 0x72, 0x69, 0x61, 0xa,
  0x31, 0x63, 0x75, 0x73, 0xa, 0x63, 0x75, 0x73,
  0x73, 0x34, 0x69, 0xa, 0x33, 0x63, 0x34, 0x75,
  0x74, 0xa, 0x63, 0x75, 0x34, 0x74, 0x69, 0x65,
  0xa, 0x34, 0x63, 0x35, 0x75, 0x74, 0x69, 0x76,
  0xa, 0x34, 0x63, 0x75, 0x74, 0x72, 0xa, 0x31,
  0x63, 0x79, 0xa, 0x63, 0x7a, 0x65, 0x34, 0xa,
  0x31, 0x64, 0x32, 0x61, 0xa, 0x35, 0x64, 0x61,
  0x2e, 0xa, 0x32, 0x64, 0x33, 0x61, 0x34, 0x62,
  0xa, 0x64, 0x61, 0x63, 0x68, 0x34, 0xa, 0x34,
  0x64, 0x61, 0x66, 0xa, 0x32, 0x64, 0x61, 0x67,
  0xa, 0x64, 0x61, 0x32, 0x6d, 0x32, 0xa, 0x64,
  0x61, 0x6e, 0x33, 0x67, 0xa, 0x64, 0x61, 0x72,
  0x64, 0x35, 0xa, 0x64, 0x61, 0x72, 0x6b, 0x35,
  0xa, 0x34, 0x64, 0x61, 0x72, 0x79, 0xa, 0x33,
  0x64, 0x61, 0x74, 0xa, 0x34, 0x64, 0x61, 0x74,
  0x69, 0x76, 0xa, 0x34, 0x64, 0x61, 0x74, 0x6f,
  0xa, 0x35, 0x64, 0x61, 0x76, 0x34, 0xa, 0x64,
  0x61, 0x76, 0x35, 0x65, 0xa, 0x35, 0x64, 0x61,
  0x79, 0xa, 0x64, 0x31, 0x62, 0xa, 0x64, 0x35,
  0x63, 0xa, 0x64, 0x31, 0x64, 0x34, 0xa, 0x32,
  0x64, 0x65, 0x2e, 0xa, 0x64, 0x65, 0x61, 0x66,
  0x35, 0xa, 0x64, 0x65, 0x62, 0x35, 0x69, 0x74,
  0xa, 0x64, 0x65, 0x34, 0x62, 0x6f, 0x6e, 0xa,
  0x64, 0x65, 0x63, 0x61, 0x6e, 0x34, 0xa, 0x64,
  0x65, 0x34, 0x63, 0x69, 0x6c, 0xa, 0x64, 0x65,
  0x35, 0x63, 0x6f, 0x6d, 0xa, 0x32, 0x64, 0x31,
  0x65, 0x64, 0xa, 0x34, 0x64, 0x65, 0x65, 0x2e,
  0xa, 0x64, 0x65, 0x35, 0x69, 0x66, 0xa, 0x64,
  0x65, 0x6c, 0x69, 0x34, 0x65, 0xa, 0x64, 0x65,
  0x6c, 0x35, 0x69, 0x35, 0x71, 0xa, 0x64, 0x65,
  0x35, 0x6c, 0x6f, 0xa, 0x64, 0x34, 0x65, 0x6d,
  0xa, 0x35, 0x64, 0x65, 0x6d, 0x2e, 0xa, 0x33,
  0x64, 0x65, 0x6d, 0x69, 0x63, 0xa, 0x64, 0x65,
  0x6d, 0x35, 0x69, 0x63, 0x2e, 0xa, 0x64, 0x65,
  0x35, 0x6d, 0x69, 0x6c, 0xa, 0x64, 0x65, 0x34,
  0x6d, 0x6f, 0x6e, 0x73, 0xa, 0x64, 0x65, 0x6d,
  0x6f, 0x72, 0x35, 0xa, 0x31, 0x64, 0x65, 0x6e,
  0xa, 0x64, 0x65, 0x34, 0x6e, 0x61, 0x72, 0xa,
  0x64, 0x65, 0x33, 0x6e, 0x6f, 0xa, 0x64, 0x65,
  0x6e, 0x74, 0x69, 0x35, 0x66, 0xa, 0x64, 0x65,
  0x33, 0x6e, 0x75, 0xa, 0x64, 0x65, 0x31, 0x70,
  0xa, 0x64, 0x65, 0x33, 0x70, 0x61, 0xa, 0x64,
  0x65, 0x70, 0x69, 0x34, 0xa, 0x64, 0x65, 0x32,
  0x70, 0x75, 0xa, 0x64, 0x33, 0x65, 0x71, 0xa,
  0x64, 0x34, 0x65, 0x72, 0x68, 0xa, 0x35, 0x64,
  0x65, 0x72, 0x6d, 0xa, 0x64, 0x65, 0x72, 0x6e,
  0x35, 0x69, 0x7a, 0xa, 0x64, 0x65, 0x72, 0x35,
  0x73, 0xa, 0x64, 0x65, 0x73, 0x32, 0xa, 0x64,
  0x32, 0x65, 0x73, 0x2e, 0xa, 0x64, 0x65, 0x31,
  0x73, 0x63, 0xa, 0x64, 0x65, 0x32, 0x73, 0x35,
  0x6f, 0xa, 0x64, 0x65, 0x73, 0x33, 0x74, 0x69,
  0xa, 0x64, 0x65, 0x33, 0x73, 0x74, 0x72, 0xa,
  0x64, 0x65, 0x34, 0x73, 0x75, 0xa, 0x64, 0x65,
  0x31, 0x74, 0xa, 0x64, 0x65, 0x32, 0x74, 0x6f,
  0xa, 0x64, 0x65, 0x31, 0x76, 0xa, 0x64, 0x65,
  0x76, 0x33, 0x69, 0x6c, 0xa, 0x34, 0x64, 0x65,
  0x79, 0xa, 0x34, 0x64, 0x31, 0x66, 0xa, 0x64,
  0x34, 0x67, 0x61, 0xa, 0x64, 0x33, 0x67, 0x65,
  0x34, 0x74, 0xa, 0x64, 0x67, 0x31, 0x69, 0xa,
  0x64, 0x32, 0x67, 0x79, 0xa, 0x64, 0x31, 0x68,
  0x32, 0xa, 0x35, 0x64, 0x69, 0x2e, 0xa, 0x31,
  0x64, 0x34, 0x69, 0x33, 0x61, 0xa, 0x64, 0x69,
  0x61, 0x35, 0x62, 0xa, 0x64, 0x69, 0x34, 0x63,
  0x61, 0x6d, 0xa, 0x64, 0x34, 0x69, 0x63, 0x65,
  0xa, 0x33, 0x64, 0x69, 0x63, 0x74, 0xa, 0x33,
  0x64, 0x69, 0x64, 0xa, 0x35, 0x64, 0x69, 0x33,
  0x65, 0x6e, 0xa, 0x64, 0x31, 0x69, 0x66, 0xa,
  0x64, 0x69, 0x33, 0x67, 0x65, 0xa, 0x64, 0x69,
  0x34, 0x6c, 0x61, 0x74, 0x6f, 0xa, 0x64, 0x31,
  0x69, 0x6e, 0xa, 0x31, 0x64, 0x69, 0x6e, 0x61,
  0xa, 0x33, 0x64, 0x69, 0x6e, 0x65, 0x2e, 0xa,
  0x35, 0x64, 0x69, 0x6e, 0x69, 0xa, 0x64, 0x69,
  0x35, 0x6e, 0x69, 0x7a, 0xa, 0x31, 0x64, 0x69,
  0x6f, 0xa, 0x64, 0x69, 0x6f, 0x35, 0x67, 0xa,
  0x64, 0x69, 0x34, 0x70, 0x6c, 0xa, 0x64, 0x69,
  0x72, 0x32, 0xa, 0x64, 0x69, 0x31, 0x72, 0x65,
  0xa, 0x64, 0x69, 0x72, 0x74, 0x35, 0x69, 0xa,
  0x64, 0x69, 0x73, 0x31, 0xa, 0x35, 0x64, 0x69,
  0x73, 0x69, 0xa, 0x64, 0x34, 0x69, 0x73, 0x33,
  0x74, 0xa, 0x64, 0x32, 0x69, 0x74, 0x69, 0xa,
  0x31, 0x64, 0x69, 0x31, 0x76, 0xa, 0x64, 0x31,
  0x6a, 0xa, 0x64, 0x35, 0x6b, 0x32, 0xa, 0x34,
  0x64, 0x35, 0x6c, 0x61, 0xa, 0x33, 0x64, 0x6c,
  0x65, 0x2e, 0xa, 0x33, 0x64, 0x6c, 0x65, 0x64,
  0xa, 0x33, 0x64, 0x6c, 0x65, 0x73, 0x2e, 0xa,
  0x34, 0x64, 0x6c, 0x65, 0x73, 0x73, 0xa, 0x32,
  0x64, 0x33, 0x6c, 0x6f, 0xa, 0x34, 0x64, 0x35,
  0x6c, 0x75, 0xa, 0x32, 0x64, 0x6c, 0x79, 0xa,
  0x64, 0x31, 0x6d, 0xa, 0x34, 0x64, 0x31, 0x6e,
  0x34, 0xa, 0x31, 0x64, 0x6f, 0xa, 0x33, 0x64,
  0x6f, 0x2e, 0xa, 0x64, 0x6f, 0x35, 0x64, 0x65,
  0xa, 0x35, 0x64, 0x6f, 0x65, 0xa, 0x32, 0x64,
  0x35, 0x6f, 0x66, 0xa, 0x64, 0x34, 0x6f, 0x67,
  0xa, 0x64, 0x6f, 0x34, 0x6c, 0x61, 0xa, 0x64,
  0x6f, 0x6c, 0x69, 0x34, 0xa, 0x64, 0x6f, 0x35,
  0x6c, 0x6f, 0x72, 0xa, 0x64, 0x6f, 0x6d, 0x35,
  0x69, 0x7a, 0xa, 0x64, 0x6f, 0x33, 0x6e, 0x61,
  0x74, 0xa, 0x64, 0x6f, 0x6e, 0x69, 0x34, 0xa,
  0x64, 0x6f, 0x6f, 0x33, 0x64, 0xa, 0x64, 0x6f,
  0x70, 0x34, 0x70, 0xa, 0x64, 0x34, 0x6f, 0x72,
  0xa, 0x33, 0x64, 0x6f, 0x73, 0xa, 0x34, 0x64,
  0x35, 0x6f, 0x75, 0x74, 0xa, 0x64, 0x6f, 0x34,
  0x76, 0xa, 0x33, 0x64, 0x6f, 0x78, 0xa, 0x64,
  0x31, 0x70, 0xa, 0x31, 0x64, 0x72, 0xa, 0x64,
  0x72, 0x61, 0x67, 0x35, 0x6f, 0x6e, 0xa, 0x34,
  0x64, 0x72, 0x61, 0x69, 0xa, 0x64, 0x72, 0x65,
  0x34, 0xa, 0x64, 0x72, 0x65, 0x61, 0x35, 0x72,
  0xa, 0x35, 0x64, 0x72, 0x65, 0x6e, 0xa, 0x64,
  0x72, 0x69, 0x34, 0x62, 0xa, 0x64, 0x72, 0x69,
  0x6c, 0x34, 0xa, 0x64, 0x72, 0x6f, 0x34, 0x70,
  0xa, 0x34, 0x64, 0x72, 0x6f, 0x77, 0xa, 0x35,
  0x64, 0x72, 0x75, 0x70, 0x6c, 0x69, 0xa, 0x34,
  0x64, 0x72, 0x79, 0xa, 0x32, 0x64, 0x31, 0x73,
  0x32, 0xa, 0x64, 0x73, 0x34, 0x70, 0xa, 0x64,
  0x34, 0x73, 0x77, 0xa, 0x64, 0x34, 0x73, 0x79,
  0xa, 0x64, 0x32, 0x74, 0x68, 0xa, 0x31, 0x64,
  0x75, 0xa, 0x64, 0x31, 0x75, 0x31, 0x61, 0xa,
  0x64, 0x75, 0x32, 0x63, 0xa, 0x64, 0x31, 0x75,
  0x63, 0x61, 0xa, 0x64, 0x75, 0x63, 0x35, 0x65,
  0x72, 0xa, 0x34, 0x64, 0x75, 0x63, 0x74, 0x2e,
  0xa, 0x34, 0x64, 0x75, 0x63, 0x74, 0x73, 0xa,
  0x64, 0x75, 0x35, 0x65, 0x6c, 0xa, 0x64, 0x75,
  0x34, 0x67, 0xa, 0x64, 0x33, 0x75, 0x6c, 0x65,
  0xa, 0x64, 0x75, 0x6d, 0x34, 0x62, 0x65, 0xa,
  0x64, 0x75, 0x34, 0x6e, 0xa, 0x34, 0x64, 0x75,
  0x70, 0xa, 0x64, 0x75, 0x34, 0x70, 0x65, 0xa,
  0x64, 0x31, 0x76, 0xa, 0x64, 0x31, 0x77, 0xa,
  0x64, 0x32, 0x79, 0xa, 0x35, 0x64, 0x79, 0x6e,
  0xa, 0x64, 0x79, 0x34, 0x73, 0x65, 0xa, 0x64,
  0x79, 0x73, 0x35, 0x70, 0xa, 0x65, 0x31, 0x61,
  0x34, 0x62, 0xa, 0x65, 0x33, 0x61, 0x63, 0x74,
  0xa, 0x65, 0x61, 0x64, 0x31, 0xa, 0x65, 0x61,
  0x64, 0x35, 0x69, 0x65, 0xa, 0x65, 0x61, 0x34,
  0x67, 0x65, 0xa, 0x65, 0x61, 0x35, 0x67, 0x65,
  0x72, 0xa, 0x65, 0x61, 0x34, 0x6c, 0xa, 0x65,
  0x61, 0x6c, 0x35, 0x65, 0x72, 0xa, 0x65, 0x61,
  0x6c, 0x33, 0x6f, 0x75, 0xa, 0x65, 0x61, 0x6d,
  0x33, 0x65, 0x72, 0xa, 0x65, 0x35, 0x61, 0x6e,
  0x64, 0xa, 0x65, 0x61, 0x72, 0x33, 0x61, 0xa,
  0x65, 0x61, 0x72, 0x34, 0x63, 0xa, 0x65, 0x61,
  0x72, 0x35, 0x65, 0x73, 0xa, 0x65, 0x61, 0x72,
  0x34, 0x69, 0x63, 0xa, 0x65, 0x61, 0x72, 0x34,
  0x69, 0x6c, 0xa, 0x65, 0x61, 0x72, 0x35, 0x6b,
  0xa, 0x65, 0x61, 0x72, 0x32, 0x74, 0xa, 0x65,
  0x61, 0x72, 0x74, 0x33, 0x65, 0xa, 0x65, 0x61,
  0x35, 0x73, 0x70, 0xa, 0x65, 0x33, 0x61, 0x73,
  0x73, 0xa, 0x65, 0x61, 0x73, 0x74, 0x33, 0xa,
  0x65, 0x61, 0x32, 0x74, 0xa, 0x65, 0x61, 0x74,
  0x35, 0x65, 0x6e, 0xa, 0x65, 0x61, 0x74, 0x68,
  0x33, 0x69, 0xa, 0x65, 0x35, 0x61, 0x74, 0x69,
  0x66, 0xa, 0x65, 0x34, 0x61, 0x33, 0x74, 0x75,
  0xa, 0x65, 0x61, 0x32, 0x76, 0xa, 0x65, 0x61,
  0x76, 0x33, 0x65, 0x6e, 0xa, 0x65, 0x61, 0x76,
  0x35, 0x69, 0xa, 0x65, 0x61, 0x76, 0x35, 0x6f,
  0xa, 0x32, 0x65, 0x31, 0x62, 0xa, 0x65, 0x34,
  0x62, 0x65, 0x6c, 0x2e, 0xa, 0x65, 0x34, 0x62,
  0x65, 0x6c, 0x73, 0xa, 0x65, 0x34, 0x62, 0x65,
  0x6e, 0xa, 0x65, 0x34, 0x62, 0x69, 0x74, 0xa,
  0x65, 0x33, 0x62, 0x72, 0xa, 0x65, 0x34, 0x63,
  0x61, 0x64, 0xa, 0x65, 0x63, 0x61, 0x6e, 0x35,
  0x63, 0xa, 0x65, 0x63, 0x63, 0x61, 0x35, 0xa,
  0x65, 0x31, 0x63, 0x65, 0xa, 0x65, 0x63, 0x35,
  0x65, 0x73, 0x73, 0x61, 0xa, 0x65, 0x63, 0x32,
  0x69, 0xa, 0x65, 0x34, 0x63, 0x69, 0x62, 0xa,
  0x65, 0x63, 0x35, 0x69, 0x66, 0x69, 0x63, 0x61,
  0x74, 0xa, 0x65, 0x63, 0x35, 0x69, 0x66, 0x69,
  0x65, 0xa, 0x65, 0x63, 0x35, 0x69, 0x66, 0x79,
  0xa, 0x65, 0x63, 0x33, 0x69, 0x6d, 0xa, 0x65,
  0x63, 0x69, 0x34, 0x74, 0xa, 0x65, 0x35, 0x63,
  0x69, 0x74, 0x65, 0xa, 0x65, 0x34, 0x63, 0x6c,
  0x61, 0x6d, 0xa, 0x65, 0x34, 0x63, 0x6c, 0x75,
  0x73, 0xa, 0x65, 0x32, 0x63, 0x6f, 0x6c, 0xa,
  0x65, 0x34, 0x63, 0x6f, 0x6d, 0x6d, 0xa, 0x65,
  0x34, 0x63, 0x6f, 0x6d, 0x70, 0x65, 0xa, 0x65,
  0x34, 0x63, 0x6f, 0x6e, 0x63, 0xa, 0x65, 0x32,
  0x63, 0x6f, 0x72, 0xa, 0x65, 0x63, 0x33, 0x6f,
  0x72, 0x61, 0xa, 0x65, 0x63, 0x6f, 0x35, 0x72,
  0x6f, 0xa, 0x65, 0x31, 0x63, 0x72, 0xa, 0x65,
  0x34, 0x63, 0x72, 0x65, 0x6d, 0xa, 0x65, 0x63,
  0x34, 0x74, 0x61, 0x6e, 0xa, 0x65, 0x63, 0x34,
  0x74, 0x65, 0xa, 0x65, 0x31, 0x63, 0x75, 0xa,
  0x65, 0x34, 0x63, 0x75, 0x6c, 0xa, 0x65, 0x63,
  0x33, 0x75, 0x6c, 0x61, 0xa, 0x32, 0x65, 0x32,
  0x64, 0x61, 0xa, 0x34, 0x65, 0x64, 0x33, 0x64,
  0xa, 0x65, 0x34, 0x64, 0x31, 0x65, 0x72, 0xa,
  0x65, 0x64, 0x65, 0x34, 0x73, 0xa, 0x34, 0x65,
  0x64, 0x69, 0xa, 0x65, 0x33, 0x64, 0x69, 0x61,
  0xa, 0x65, 0x64, 0x33, 0x69, 0x62, 0xa, 0x65,
  0x64, 0x33, 0x69, 0x63, 0x61, 0xa, 0x65, 0x64,
  0x33, 0x69, 0x6d, 0xa, 0x65, 0x64, 0x31, 0x69,
  0x74, 0xa, 0x65, 0x64, 0x69, 0x35, 0x7a, 0xa,
  0x34, 0x65, 0x64, 0x6f, 0xa, 0x65, 0x34, 0x64,
  0x6f, 0x6c, 0xa, 0x65, 0x64, 0x6f, 0x6e, 0x32,
  0xa, 0x65, 0x34, 0x64, 0x72, 0x69, 0xa, 0x65,
  0x34, 0x64, 0x75, 0x6c, 0xa, 0x65, 0x64, 0x35,
  0x75, 0x6c, 0x6f, 0xa, 0x65, 0x65, 0x32, 0x63,
  0xa, 0x65, 0x65, 0x64, 0x33, 0x69, 0xa, 0x65,
  0x65, 0x32, 0x66, 0xa, 0x65, 0x65, 0x6c, 0x33,
  0x69, 0xa, 0x65, 0x65, 0x34, 0x6c, 0x79, 0xa,
  0x65, 0x65, 0x32, 0x6d, 0xa, 0x65, 0x65, 0x34,
  0x6e, 0x61, 0xa, 0x65, 0x65, 0x34, 0x70, 0x31,
  0xa, 0x65, 0x65, 0x32, 0x73, 0x34, 0xa, 0x65,
  0x65, 0x73, 0x74, 0x34, 0xa, 0x65, 0x65, 0x34,
  0x74, 0x79, 0xa, 0x65, 0x35, 0x65, 0x78, 0xa,
  0x65, 0x31, 0x66, 0xa, 0x65, 0x34, 0x66, 0x33,
  0x65, 0x72, 0x65, 0xa, 0x31, 0x65, 0x66, 0x66,
  0xa, 0x65, 0x34, 0x66, 0x69, 0x63, 0xa, 0x35,
  0x65, 0x66, 0x69, 0x63, 0x69, 0xa, 0x65, 0x66,
  0x69, 0x6c, 0x34, 0xa, 0x65, 0x33, 0x66, 0x69,
  0x6e, 0x65, 0xa, 0x65, 0x66, 0x35, 0x69, 0x35,
  0x6e, 0x69, 0x74, 0x65, 0xa, 0x33, 0x65, 0x66,
  0x69, 0x74, 0xa, 0x65, 0x66, 0x6f, 0x72, 0x35,
  0x65, 0x73, 0xa, 0x65, 0x34, 0x66, 0x75, 0x73,
  0x65, 0x2e, 0xa, 0x34, 0x65, 0x67, 0x61, 0x6c,
  0xa, 0x65, 0x67, 0x65, 0x72, 0x34, 0xa, 0x65,
  0x67, 0x35, 0x69, 0x62, 0xa, 0x65, 0x67, 0x34,
  0x69, 0x63, 0xa, 0x65, 0x67, 0x35, 0x69, 0x6e,
  0x67, 0xa, 0x65, 0x35, 0x67, 0x69, 0x74, 0x35,
  0xa, 0x65, 0x67, 0x35, 0x6e, 0xa, 0x65, 0x34,
  0x67, 0x6f, 0x2e, 0xa, 0x65, 0x34, 0x67, 0x6f,
  0x73, 0xa, 0x65, 0x67, 0x31, 0x75, 0x6c, 0xa,
  0x65, 0x35, 0x67, 0x75, 0x72, 0xa, 0x35, 0x65,
  0x67, 0x79, 0xa, 0x65, 0x31, 0x68, 0x34, 0xa,
  0x65, 0x68, 0x65, 0x72, 0x34, 0xa, 0x65, 0x69,
  0x32, 0xa, 0x65, 0x35, 0x69, 0x63, 0xa, 0x65,
  0x69, 0x35, 0x64, 0xa, 0x65, 0x69, 0x67, 0x32,
  0xa, 0x65, 0x69, 0x35, 0x67, 0x6c, 0xa, 0x65,
  0x33, 0x69, 0x6d, 0x62, 0xa, 0x65, 0x33, 0x69,
  0x6e, 0x66, 0xa, 0x65, 0x31, 0x69, 0x6e, 0x67,
  0xa, 0x65, 0x35, 0x69, 0x6e, 0x73, 0x74, 0xa,
  0x65, 0x69, 0x72, 0x34, 0x64, 0xa, 0x65, 0x69,
  0x74, 0x33, 0x65, 0xa, 0x65, 0x69, 0x33, 0x74,
  0x68, 0xa, 0x65, 0x35, 0x69, 0x74, 0x79, 0xa,
  0x65, 0x31, 0x6a, 0xa, 0x65, 0x34, 0x6a, 0x75,
  0x64, 0xa, 0x65, 0x6a, 0x35, 0x75, 0x64, 0x69,
  0xa, 0x65, 0x6b, 0x69, 0x34, 0x6e, 0xa, 0x65,
  0x6b, 0x34, 0x6c, 0x61, 0xa, 0x65, 0x31, 0x6c,
  0x61, 0xa, 0x65, 0x34, 0x6c, 0x61, 0x2e, 0xa,
  0x65, 0x34, 0x6c, 0x61, 0x63, 0xa, 0x65, 0x6c,
  0x61, 0x6e, 0x34, 0x64, 0xa, 0x65, 0x6c, 0x35,
  0x61, 0x74, 0x69, 0x76, 0xa, 0x65, 0x34, 0x6c,
  0x61, 0x77, 0xa, 0x65, 0x6c, 0x61, 0x78, 0x61,
  0x34, 0xa, 0x65, 0x33, 0x6c, 0x65, 0x61, 0xa,
  0x65, 0x6c, 0x35, 0x65, 0x62, 0x72, 0x61, 0xa,
  0x35, 0x65, 0x6c, 0x65, 0x63, 0xa, 0x65, 0x34,
  0x6c, 0x65, 0x64, 0xa, 0x65, 0x6c, 0x33, 0x65,
  0x67, 0x61, 0xa, 0x65, 0x35, 0x6c, 0x65, 0x6e,
  0xa, 0x65, 0x34, 0x6c, 0x31, 0x65, 0x72, 0xa,
  0x65, 0x31, 0x6c, 0x65, 0x73, 0xa, 0x65, 0x6c,
  0x32, 0x66, 0xa, 0x65, 0x6c, 0x32, 0x69, 0xa,
  0x65, 0x33, 0x6c, 0x69, 0x62, 0x65, 0xa, 0x65,
  0x34, 0x6c, 0x35, 0x69, 0x63, 0x2e, 0xa, 0x65,
  0x6c, 0x33, 0x69, 0x63, 0x61, 0xa, 0x65, 0x33,
  0x6c, 0x69, 0x65, 0x72, 0xa, 0x65, 0x6c, 0x35,
  0x69, 0x67, 0x69, 0x62, 0xa, 0x65, 0x35, 0x6c,
  0x69, 0x6d, 0xa, 0x65, 0x34, 0x6c, 0x33, 0x69,
  0x6e, 0x67, 0xa, 0x65, 0x33, 0x6c, 0x69, 0x6f,
  0xa, 0x65, 0x32, 0x6c, 0x69, 0x73, 0xa, 0x65,
  0x6c, 0x35, 0x69, 0x73, 0x68, 0xa, 0x65, 0x33,
  0x6c, 0x69, 0x76, 0x33, 0xa, 0x34, 0x65, 0x6c,
  0x6c, 0x61, 0xa, 0x65, 0x6c, 0x34, 0x6c, 0x61,
  0x62, 0xa, 0x65, 0x6c, 0x6c, 0x6f, 0x34, 0xa,
  0x65, 0x35, 0x6c, 0x6f, 0x63, 0xa, 0x65, 0x6c,
  0x35, 0x6f, 0x67, 0xa, 0x65, 0x6c, 0x33, 0x6f,
  0x70, 0x2e, 0xa, 0x65, 0x6c, 0x32, 0x73, 0x68,
  0xa, 0x65, 0x6c, 0x34, 0x74, 0x61, 0xa, 0x65,
  0x35, 0x6c, 0x75, 0x64, 0xa, 0x65, 0x6c, 0x35,
  0x75, 0x67, 0xa, 0x65, 0x34, 0x6d, 0x61, 0x63,
  0xa, 0x65, 0x34, 0x6d, 0x61, 0x67, 0xa, 0x65,
  0x35, 0x6d, 0x61, 0x6e, 0xa, 0x65, 0x6d, 0x35,
  0x61, 0x6e, 0x61, 0xa, 0x65, 0x6d, 0x35, 0x62,
  0xa, 0x65, 0x31, 0x6d, 0x65, 0xa, 0x65, 0x32,
  0x6d, 0x65, 0x6c, 0xa, 0x65, 0x34, 0x6d, 0x65,
  0x74, 0xa, 0x65, 0x6d, 0x33, 0x69, 0x63, 0x61,
  0xa, 0x65, 0x6d, 0x69, 0x34, 0x65, 0xa, 0x65,
  0x6d, 0x35, 0x69, 0x67, 0x72, 0x61, 0xa, 0x65,
  0x6d, 0x31, 0x69, 0x6e, 0x32, 0xa, 0x65, 0x6d,
  0x35, 0x69, 0x6e, 0x65, 0xa, 0x65, 0x6d, 0x33,
  0x69, 0x33, 0x6e, 0x69, 0xa, 0x65, 0x34, 0x6d,
  0x69, 0x73, 0xa, 0x65, 0x6d, 0x35, 0x69, 0x73,
  0x68, 0xa, 0x65, 0x35, 0x6d, 0x69, 0x73, 0x73,
  0xa, 0x65, 0x6d, 0x33, 0x69, 0x7a, 0xa, 0x35,
  0x65, 0x6d, 0x6e, 0x69, 0x7a, 0xa, 0x65, 0x6d,
  0x6f, 0x34, 0x67, 0xa, 0x65, 0x6d, 0x6f, 0x6e,
  0x69, 0x35, 0x6f, 0xa, 0x65, 0x6d, 0x33, 0x70,
  0x69, 0xa, 0x65, 0x34, 0x6d, 0x75, 0x6c, 0xa,
  0x65, 0x6d, 0x35, 0x75, 0x6c, 0x61, 0xa, 0x65,
  0x6d, 0x75, 0x33, 0x6e, 0xa, 0x65, 0x33, 0x6d,
  0x79, 0xa, 0x65, 0x6e, 0x35, 0x61, 0x6d, 0x6f,
  0xa, 0x65, 0x34, 0x6e, 0x61, 0x6e, 0x74, 0xa,
  0x65, 0x6e, 0x63, 0x68, 0x34, 0x65, 0x72, 0xa,
  0x65, 0x6e, 0x33, 0x64, 0x69, 0x63, 0xa, 0x65,
  0x35, 0x6e, 0x65, 0x61, 0xa, 0x65, 0x35, 0x6e,
  0x65, 0x65, 0xa, 0x65, 0x6e, 0x33, 0x65, 0x6d,
  0xa, 0x65, 0x6e, 0x35, 0x65, 0x72, 0x6f, 0xa,
  0x65, 0x6e, 0x35, 0x65, 0x73, 0x69, 0xa, 0x65,
  0x6e, 0x35, 0x65, 0x73, 0x74, 0xa, 0x65, 0x6e,
  0x33, 0x65, 0x74, 0x72, 0xa, 0x65, 0x33, 0x6e,
  0x65, 0x77, 0xa, 0x65, 0x6e, 0x35, 0x69, 0x63,
  0x73, 0xa, 0x65, 0x35, 0x6e, 0x69, 0x65, 0xa,
  0x65, 0x35, 0x6e, 0x69, 0x6c, 0xa, 0x65, 0x33,
  0x6e, 0x69, 0x6f, 0xa, 0x65, 0x6e, 0x33, 0x69,
  0x73, 0x68, 0xa, 0x65, 0x6e, 0x33, 0x69, 0x74,
  0xa, 0x65, 0x35, 0x6e, 0x69, 0x75, 0xa, 0x35,
  0x65, 0x6e, 0x69, 0x7a, 0xa, 0x34, 0x65, 0x6e,
  0x6e, 0xa, 0x34, 0x65, 0x6e, 0x6f, 0xa, 0x65,
  0x6e, 0x6f, 0x34, 0x67, 0xa, 0x65, 0x34, 0x6e,
  0x6f, 0x73, 0xa, 0x65, 0x6e, 0x33, 0x6f, 0x76,
  0xa, 0x65, 0x6e, 0x34, 0x73, 0x77, 0xa, 0x65,
  0x6e, 0x74, 0x35, 0x61, 0x67, 0x65, 0xa, 0x34,
  0x65, 0x6e, 0x74, 0x68, 0x65, 0x73, 0xa, 0x65,
  0x6e, 0x33, 0x75, 0x61, 0xa, 0x65, 0x6e, 0x35,
  0x75, 0x66, 0xa, 0x65, 0x33, 0x6e, 0x79, 0x2e,
  0xa, 0x34, 0x65, 0x6e, 0x33, 0x7a, 0xa, 0x65,
  0x35, 0x6f, 0x66, 0xa, 0x65, 0x6f, 0x32, 0x67,
  0xa, 0x65, 0x34, 0x6f, 0x69, 0x34, 0xa, 0x65,
  0x33, 0x6f, 0x6c, 0xa, 0x65, 0x6f, 0x70, 0x33,
  0x61, 0x72, 0xa, 0x65, 0x31, 0x6f, 0x72, 0xa,
  0x65, 0x6f, 0x33, 0x72, 0x65, 0xa, 0x65, 0x6f,
  0x35, 0x72, 0x6f, 0x6c, 0xa, 0x65, 0x6f, 0x73,
  0x34, 0xa, 0x65, 0x34, 0x6f, 0x74, 0xa, 0x65,
  0x6f, 0x34, 0x74, 0x6f, 0xa, 0x65, 0x35, 0x6f,
  0x75, 0x74, 0xa, 0x65, 0x35, 0x6f, 0x77, 0xa,
  0x65, 0x32, 0x70, 0x61, 0xa, 0x65, 0x33, 0x70,
  0x61, 0x69, 0xa, 0x65, 0x70, 0x35, 0x61, 0x6e,
  0x63, 0xa, 0x65, 0x35, 0x70, 0x65, 0x6c, 0xa,
  0x65, 0x33, 0x70, 0x65, 0x6e, 0x74, 0xa, 0x65,
  0x70, 0x35, 0x65, 0x74, 0x69, 0x74, 0x69, 0x6f,
  0xa, 0x65, 0x70, 0x68, 0x65, 0x34, 0xa, 0x65,
  0x34, 0x70, 0x6c, 0x69, 0xa, 0x65, 0x31, 0x70,
  0x6f, 0xa, 0x65, 0x34, 0x70, 0x72, 0x65, 0x63,
  0xa, 0x65, 0x70, 0x35, 0x72, 0x65, 0x63, 0x61,
  0xa, 0x65, 0x34, 0x70, 0x72, 0x65, 0x64, 0xa,
  0x65, 0x70, 0x33, 0x72, 0x65, 0x68, 0xa, 0x65,
  0x33, 0x70, 0x72, 0x6f, 0xa, 0x65, 0x34, 0x70,
  0x72, 0x6f, 0x62, 0xa, 0x65, 0x70, 0x34, 0x73,
  0x68, 0xa, 0x65, 0x70, 0x35, 0x74, 0x69, 0x35,
  0x62, 0xa, 0x65, 0x34, 0x70, 0x75, 0x74, 0xa,
  0x65, 0x70, 0x35, 0x75, 0x74, 0x61, 0xa, 0x65,
  0x31, 0x71, 0xa, 0x65, 0x71, 0x75, 0x69, 0x33,
  0x6c, 0xa, 0x65, 0x34, 0x71, 0x33, 0x75, 0x69,
  0x33, 0x73, 0xa, 0x65, 0x72, 0x31, 0x61, 0xa,
  0x65, 0x72, 0x61, 0x34, 0x62, 0xa, 0x34, 0x65,
  0x72, 0x61, 0x6e, 0x64, 0xa, 0x65, 0x72, 0x33,
  0x61, 0x72, 0xa, 0x34, 0x65, 0x72, 0x61, 0x74,
  0x69, 0x2e, 0xa, 0x32, 0x65, 0x72, 0x62, 0xa,
  0x65, 0x72, 0x34, 0x62, 0x6c, 0xa, 0x65, 0x72,
  0x33, 0x63, 0x68, 0xa, 0x65, 0x72, 0x34, 0x63,
  0x68, 0x65, 0xa, 0x32, 0x65, 0x72, 0x65, 0x2e,
  0xa, 0x65, 0x33, 0x72, 0x65, 0x61, 0x6c, 0xa,
  0x65, 0x72, 0x65, 0x35, 0x63, 0x6f, 0xa, 0x65,
  0x72, 0x65, 0x33, 0x69, 0x6e, 0xa, 0x65, 0x72,
  0x35, 0x65, 0x6c, 0x2e, 0xa, 0x65, 0x72, 0x33,
  0x65, 0x6d, 0x6f, 0xa, 0x65, 0x72, 0x35, 0x65,
  0x6e, 0x61, 0xa, 0x65, 0x72, 0x35, 0x65, 0x6e,
  0x63, 0x65, 0xa, 0x34, 0x65, 0x72, 0x65, 0x6e,
  0x65, 0xa, 0x65, 0x72, 0x33, 0x65, 0x6e, 0x74,
  0xa, 0x65, 0x72, 0x65, 0x34, 0x71, 0xa, 0x65,
  0x72, 0x35, 0x65, 0x73, 0x73, 0xa, 0x65, 0x72,
  0x33, 0x65, 0x73, 0x74, 0xa, 0x65, 0x72, 0x65,
  0x74, 0x34, 0xa, 0x65, 0x72, 0x31, 0x68, 0xa,
  0x65, 0x72, 0x31, 0x69, 0xa, 0x65, 0x31, 0x72,
  0x69, 0x61, 0x34, 0xa, 0x35, 0x65, 0x72, 0x69,
  0x63, 0x6b, 0xa, 0x65, 0x33, 0x72, 0x69, 0x65,
  0x6e, 0xa, 0x65, 0x72, 0x69, 0x34, 0x65, 0x72,
  0xa, 0x65, 0x72, 0x33, 0x69, 0x6e, 0x65, 0xa,
  0x65, 0x31, 0x72, 0x69, 0x6f, 0xa, 0x34, 0x65,
  0x72, 0x69, 0x74, 0xa, 0x65, 0x72, 0x34, 0x69,
  0x75, 0xa, 0x65, 0x72, 0x69, 0x34, 0x76, 0xa,
  0x65, 0x34, 0x72, 0x69, 0x76, 0x61, 0xa, 0x65,
  0x72, 0x33, 0x6d, 0x34, 0xa, 0x65, 0x72, 0x34,
  0x6e, 0x69, 0x73, 0xa, 0x34, 0x65, 0x72, 0x6e,
  0x69, 0x74, 0xa, 0x35, 0x65, 0x72, 0x6e, 0x69,
  0x7a, 0xa, 0x65, 0x72, 0x33, 0x6e, 0x6f, 0xa,
  0x32, 0x65, 0x72, 0x6f, 0xa, 0x65, 0x72, 0x35,
  0x6f, 0x62, 0xa, 0x65, 0x35, 0x72, 0x6f, 0x63,
  0xa, 0x65, 0x72, 0x6f, 0x34, 0x72, 0xa, 0x65,
  0x72, 0x31, 0x6f, 0x75, 0xa, 0x65, 0x72, 0x31,
  0x73, 0xa, 0x65, 0x72, 0x33, 0x73, 0x65, 0x74,
  0xa, 0x65, 0x72, 0x74, 0x33, 0x65, 0x72, 0xa,
  0x34, 0x65, 0x72, 0x74, 0x6c, 0xa, 0x65, 0x72,
  0x33, 0x74, 0x77, 0xa, 0x34, 0x65, 0x72, 0x75,
  0xa, 0x65, 0x72, 0x75, 0x34, 0x74, 0xa, 0x35,
  0x65, 0x72, 0x77, 0x61, 0x75, 0xa, 0x65, 0x31,
  0x73, 0x34, 0x61, 0xa, 0x65, 0x34, 0x73, 0x61,
  0x67, 0x65, 0x2e, 0xa, 0x65, 0x34, 0x73, 0x61,
  0x67, 0x65, 0x73, 0xa, 0x65, 0x73, 0x32, 0x63,
  0xa, 0x65, 0x32, 0x73, 0x63, 0x61, 0xa, 0x65,
  0x73, 0x35, 0x63, 0x61, 0x6e, 0xa, 0x65, 0x33,
  0x73, 0x63, 0x72, 0xa, 0x65, 0x73, 0x35, 0x63,
  0x75, 0xa, 0x65, 0x31, 0x73, 0x32, 0x65, 0xa,
  0x65, 0x32, 0x73, 0x65, 0x63, 0xa, 0x65, 0x73,
  0x35, 0x65, 0x63, 0x72, 0xa, 0x65, 0x73, 0x35,
  0x65, 0x6e, 0x63, 0xa, 0x65, 0x34, 0x73, 0x65,
  0x72, 0x74, 0x2e, 0xa, 0x65, 0x34, 0x73, 0x65,
  0x72, 0x74, 0x73, 0xa, 0x65, 0x34, 0x73, 0x65,
  0x72, 0x76, 0x61, 0xa, 0x34, 0x65, 0x73, 0x68,
  0xa, 0x65, 0x33, 0x73, 0x68, 0x61, 0xa, 0x65,
  0x73, 0x68, 0x35, 0x65, 0x6e, 0xa, 0x65, 0x31,
  0x73, 0x69, 0xa, 0x65, 0x32, 0x73, 0x69, 0x63,
  0xa, 0x65, 0x32, 0x73, 0x69, 0x64, 0xa, 0x65,
  0x73, 0x35, 0x69, 0x64, 0x65, 0x6e, 0xa, 0x65,
  0x73, 0x35, 0x69, 0x67, 0x6e, 0x61, 0xa, 0x65,
  0x32, 0x73, 0x35, 0x69, 0x6d, 0xa, 0x65, 0x73,
  0x34, 0x69, 0x34, 0x6e, 0xa, 0x65, 0x73, 0x69,
  0x73, 0x34, 0x74, 0x65, 0xa, 0x65, 0x73, 0x69,
  0x34, 0x75, 0xa, 0x65, 0x35, 0x73, 0x6b, 0x69,
  0x6e, 0xa, 0x65, 0x73, 0x34, 0x6d, 0x69, 0xa,
  0x65, 0x32, 0x73, 0x6f, 0x6c, 0xa, 0x65, 0x73,
  0x33, 0x6f, 0x6c, 0x75, 0xa, 0x65, 0x32, 0x73,
  0x6f, 0x6e, 0xa, 0x65, 0x73, 0x35, 0x6f, 0x6e,
  0x61, 0xa, 0x65, 0x31, 0x73, 0x70, 0xa, 0x65,
  0x73, 0x33, 0x70, 0x65, 0x72, 0xa, 0x65, 0x73,
  0x35, 0x70, 0x69, 0x72, 0x61, 0xa, 0x65, 0x73,
  0x34, 0x70, 0x72, 0x65, 0xa, 0x32, 0x65, 0x73,
  0x73, 0xa, 0x65, 0x73, 0x34, 0x73, 0x69, 0x34,
  0x62, 0xa, 0x65, 0x73, 0x74, 0x61, 0x6e, 0x34,
  0xa, 0x65, 0x73, 0x33, 0x74, 0x69, 0x67, 0xa,
  0x65, 0x73, 0x35, 0x74, 0x69, 0x6d, 0xa, 0x34,
  0x65, 0x73, 0x32, 0x74, 0x6f, 0xa, 0x65, 0x33,
  0x73, 0x74, 0x6f, 0x6e, 0xa, 0x32, 0x65, 0x73,
  0x74, 0x72, 0xa, 0x65, 0x35, 0x73, 0x74, 0x72,
  0x6f, 0xa, 0x65, 0x73, 0x74, 0x72, 0x75, 0x63,
  0x35, 0xa, 0x65, 0x32, 0x73, 0x75, 0x72, 0xa,
  0x65, 0x73, 0x35, 0x75, 0x72, 0x72, 0xa, 0x65,
  0x73, 0x34, 0x77, 0xa, 0x65, 0x74, 0x61, 0x34,
  0x62, 0xa, 0x65, 0x74, 0x65, 0x6e, 0x34, 0x64,
  0xa, 0x65, 0x33, 0x74, 0x65, 0x6f, 0xa, 0x65,
  0x74, 0x68, 0x6f, 0x64, 0x33, 0xa, 0x65, 0x74,
  0x31, 0x69, 0x63, 0xa, 0x65, 0x35, 0x74, 0x69,
  0x64, 0x65, 0xa, 0x65, 0x74, 0x69, 0x6e, 0x34,
  0xa, 0x65, 0x74, 0x69, 0x34, 0x6e, 0x6f, 0xa,
  0x65, 0x35, 0x74, 0x69, 0x72, 0xa, 0x65, 0x35,
  0x74, 0x69, 0x74, 0x69, 0x6f, 0xa, 0x65, 0x74,
  0x35, 0x69, 0x74, 0x69, 0x76, 0xa, 0x34, 0x65,
  0x74, 0x6e, 0xa, 0x65, 0x74, 0x35, 0x6f, 0x6e,
  0x61, 0xa, 0x65, 0x33, 0x74, 0x72, 0x61, 0xa,
  0x65, 0x33, 0x74, 0x72, 0x65, 0xa, 0x65, 0x74,
  0x33, 0x72, 0x69, 0x63, 0xa, 0x65, 0x74, 0x35,
  0x72, 0x69, 0x66, 0xa, 0x65, 0x74, 0x33, 0x72,
  0x6f, 0x67, 0xa, 0x65, 0x74, 0x35, 0x72, 0x6f,
  0x73, 0xa, 0x65, 0x74, 0x33, 0x75, 0x61, 0xa,
  0x65, 0x74, 0x35, 0x79, 0x6d, 0xa, 0x65, 0x74,
  0x35, 0x7a, 0xa, 0x34, 0x65, 0x75, 0xa, 0x65,
  0x35, 0x75, 0x6e, 0xa, 0x65, 0x33, 0x75, 0x70,
  0xa, 0x65, 0x75, 0x33, 0x72, 0x6f, 0xa, 0x65,
  0x75, 0x73, 0x34, 0xa, 0x65, 0x75, 0x74, 0x65,
  0x34, 0xa, 0x65, 0x75, 0x74, 0x69, 0x35, 0x6c,
  0xa, 0x65, 0x75, 0x35, 0x74, 0x72, 0xa, 0x65,
  0x76, 0x61, 0x32, 0x70, 0x35, 0xa, 0x65, 0x32,
  0x76, 0x61, 0x73, 0xa, 0x65, 0x76, 0x35, 0x61,
  0x73, 0x74, 0xa, 0x65, 0x35, 0x76, 0x65, 0x61,
  0xa, 0x65, 0x76, 0x33, 0x65, 0x6c, 0x6c, 0xa,
  0x65, 0x76, 0x65, 0x6c, 0x33, 0x6f, 0xa, 0x65,
  0x35, 0x76, 0x65, 0x6e, 0x67, 0xa, 0x65, 0x76,
  0x65, 0x6e, 0x34, 0x69, 0xa, 0x65, 0x76, 0x31,
  0x65, 0x72, 0xa, 0x65, 0x35, 0x76, 0x65, 0x72,
  0x62, 0xa, 0x65, 0x31, 0x76, 0x69, 0xa, 0x65,
  0x76, 0x33, 0x69, 0x64, 0xa, 0x65, 0x76, 0x69,
  0x34, 0x6c, 0xa, 0x65, 0x34, 0x76, 0x69, 0x6e,
  0xa, 0x65, 0x76, 0x69, 0x34, 0x76, 0xa, 0x65,
  0x35, 0x76, 0x6f, 0x63, 0xa, 0x65, 0x35, 0x76,
  0x75, 0xa, 0x65, 0x31, 0x77, 0x61, 0xa, 0x65,
  0x34, 0x77, 0x61, 0x67, 0xa, 0x65, 0x35, 0x77,
  0x65, 0x65, 0xa, 0x65, 0x33, 0x77, 0x68, 0xa,
  0x65, 0x77, 0x69, 0x6c, 0x35, 0xa, 0x65, 0x77,
  0x33, 0x69, 0x6e, 0x67, 0xa, 0x65, 0x33, 0x77,
  0x69, 0x74, 0xa, 0x31, 0x65, 0x78, 0x70, 0xa,
  0x35, 0x65, 0x79, 0x63, 0xa, 0x35, 0x65, 0x79,
  0x65, 0x2e, 0xa, 0x65, 0x79, 0x73, 0x34, 0xa,
  0x31, 0x66, 0x61, 0xa, 0x66, 0x61, 0x33, 0x62,
  0x6c, 0xa, 0x66, 0x61, 0x62, 0x33, 0x72, 0xa,
  0x66, 0x61, 0x34, 0x63, 0x65, 0xa, 0x34, 0x66,
  0x61, 0x67, 0xa, 0x66, 0x61, 0x69, 0x6e, 0x34,
  0xa, 0x66, 0x61, 0x6c, 0x6c, 0x35, 0x65, 0xa,
  0x34, 0x66, 0x61, 0x34, 0x6d, 0x61, 0xa, 0x66,
  0x61, 0x6d, 0x35, 0x69, 0x73, 0xa, 0x35, 0x66,
  0x61, 0x72, 0xa, 0x66, 0x61, 0x72, 0x35, 0x74,
  0x68, 0xa, 0x66, 0x61, 0x33, 0x74, 0x61, 0xa,
  0x66, 0x61, 0x33, 0x74, 0x68, 0x65, 0xa, 0x34,
  0x66, 0x61, 0x74, 0x6f, 0xa, 0x66, 0x61, 0x75,
  0x6c, 0x74, 0x35, 0xa, 0x34, 0x66, 0x35, 0x62,
  0xa, 0x34, 0x66, 0x64, 0xa, 0x34, 0x66, 0x65,
  0x2e, 0xa, 0x66, 0x65, 0x61, 0x73, 0x34, 0xa,
  0x66, 0x65, 0x61, 0x74, 0x68, 0x33, 0xa, 0x66,
  0x65, 0x34, 0x62, 0xa, 0x34, 0x66, 0x65, 0x63,
  0x61, 0xa, 0x35, 0x66, 0x65, 0x63, 0x74, 0xa,
  0x32, 0x66, 0x65, 0x64, 0xa, 0x66, 0x65, 0x33,
  0x6c, 0x69, 0xa, 0x66, 0x65, 0x34, 0x6d, 0x6f,
  0xa, 0x66, 0x65, 0x6e, 0x32, 0x64, 0xa, 0x66,
  0x65, 0x6e, 0x64, 0x35, 0x65, 0xa, 0x66, 0x65,
  0x72, 0x31, 0xa, 0x35, 0x66, 0x65, 0x72, 0x72,
  0xa, 0x66, 0x65, 0x76, 0x34, 0xa, 0x34, 0x66,
  0x31, 0x66, 0xa, 0x66, 0x34, 0x66, 0x65, 0x73,
  0xa, 0x66, 0x34, 0x66, 0x69, 0x65, 0xa, 0x66,
  0x35, 0x66, 0x69, 0x6e, 0x2e, 0xa, 0x66, 0x32,
  0x66, 0x35, 0x69, 0x73, 0xa, 0x66, 0x34, 0x66,
  0x6c, 0x79, 0xa, 0x66, 0x32, 0x66, 0x79, 0xa,
  0x34, 0x66, 0x68, 0xa, 0x31, 0x66, 0x69, 0xa,
  0x66, 0x69, 0x33, 0x61, 0xa, 0x32, 0x66, 0x33,
  0x69, 0x63, 0x2e, 0xa, 0x34, 0x66, 0x33, 0x69,
  0x63, 0x61, 0x6c, 0xa, 0x66, 0x33, 0x69, 0x63,
  0x61, 0x6e, 0xa, 0x34, 0x66, 0x69, 0x63, 0x61,
  0x74, 0x65, 0xa, 0x66, 0x33, 0x69, 0x63, 0x65,
  0x6e, 0xa, 0x66, 0x69, 0x33, 0x63, 0x65, 0x72,
  0xa, 0x66, 0x69, 0x63, 0x34, 0x69, 0xa, 0x35,
  0x66, 0x69, 0x63, 0x69, 0x61, 0xa, 0x35, 0x66,
  0x69, 0x63, 0x69, 0x65, 0xa, 0x34, 0x66, 0x69,
  0x63, 0x73, 0xa, 0x66, 0x69, 0x33, 0x63, 0x75,
  0xa, 0x66, 0x69, 0x35, 0x64, 0x65, 0x6c, 0xa,
  0x66, 0x69, 0x67, 0x68, 0x74, 0x35, 0xa, 0x66,
  0x69, 0x6c, 0x35, 0x69, 0xa, 0x66, 0x69, 0x6c,
  0x6c, 0x35, 0x69, 0x6e, 0xa, 0x34, 0x66, 0x69,
  0x6c, 0x79, 0xa, 0x32, 0x66, 0x69, 0x6e, 0xa,
  0x35, 0x66, 0x69, 0x6e, 0x61, 0xa, 0x66, 0x69,
  0x6e, 0x32, 0x64, 0x35, 0xa, 0x66, 0x69, 0x32,
  0x6e, 0x65, 0xa, 0x66, 0x31, 0x69, 0x6e, 0x33,
  0x67, 0xa, 0x66, 0x69, 0x6e, 0x34, 0x6e, 0xa,
  0x66, 0x69, 0x73, 0x34, 0x74, 0x69, 0xa, 0x66,
  0x34, 0x6c, 0x32, 0xa, 0x66, 0x35, 0x6c, 0x65,
  0x73, 0x73, 0xa, 0x66, 0x6c, 0x69, 0x6e, 0x34,
  0xa, 0x66, 0x6c, 0x6f, 0x33, 0x72, 0x65, 0xa,
  0x66, 0x32, 0x6c, 0x79, 0x35, 0xa, 0x34, 0x66,
  0x6d, 0xa, 0x34, 0x66, 0x6e, 0xa, 0x31, 0x66,
  0x6f, 0xa, 0x35, 0x66, 0x6f, 0x6e, 0xa, 0x66,
  0x6f, 0x6e, 0x34, 0x64, 0x65, 0xa, 0x66, 0x6f,
  0x6e, 0x34, 0x74, 0xa, 0x66, 0x6f, 0x32, 0x72,
  0xa, 0x66, 0x6f, 0x35, 0x72, 0x61, 0x74, 0xa,
  0x66, 0x6f, 0x72, 0x35, 0x61, 0x79, 0xa, 0x66,
  0x6f, 0x72, 0x65, 0x35, 0x74, 0xa, 0x66, 0x6f,
  0x72, 0x34, 0x69, 0xa, 0x66, 0x6f, 0x72, 0x74,
  0x35, 0x61, 0xa, 0x66, 0x6f, 0x73, 0x35, 0xa,
  0x34, 0x66, 0x35, 0x70, 0xa, 0x66, 0x72, 0x61,
  0x34, 0x74, 0xa, 0x66, 0x35, 0x72, 0x65, 0x61,
  0xa, 0x66, 0x72, 0x65, 0x73, 0x35, 0x63, 0xa,
  0x66, 0x72, 0x69, 0x32, 0xa, 0x66, 0x72, 0x69,
  0x6c, 0x34, 0xa, 0x66, 0x72, 0x6f, 0x6c, 0x35,
  0xa, 0x32, 0x66, 0x33, 0x73, 0xa, 0x32, 0x66,
  0x74, 0xa, 0x66, 0x34, 0x74, 0x6f, 0xa, 0x66,
  0x32, 0x74, 0x79, 0xa, 0x33, 0x66, 0x75, 0xa,
  0x66, 0x75, 0x35, 0x65, 0x6c, 0xa, 0x34, 0x66,
  0x75, 0x67, 0xa, 0x66, 0x75, 0x34, 0x6d, 0x69,
  0x6e, 0xa, 0x66, 0x75, 0x35, 0x6e, 0x65, 0xa,
  0x66, 0x75, 0x33, 0x72, 0x69, 0xa, 0x66, 0x75,
  0x73, 0x69, 0x34, 0xa, 0x66, 0x75, 0x73, 0x34,
  0x73, 0xa, 0x34, 0x66, 0x75, 0x74, 0x61, 0xa,
  0x31, 0x66, 0x79, 0xa, 0x31, 0x67, 0x61, 0xa,
  0x67, 0x61, 0x66, 0x34, 0xa, 0x35, 0x67, 0x61,
  0x6c, 0x2e, 0xa, 0x33, 0x67, 0x61, 0x6c, 0x69,
  0xa, 0x67, 0x61, 0x33, 0x6c, 0x6f, 0xa, 0x32,
  0x67, 0x61, 0x6d, 0xa, 0x67, 0x61, 0x35, 0x6d,
  0x65, 0x74, 0xa, 0x67, 0x35, 0x61, 0x6d, 0x6f,
  0xa, 0x67, 0x61, 0x6e, 0x35, 0x69, 0x73, 0xa,
  0x67, 0x61, 0x33, 0x6e, 0x69, 0x7a, 0xa, 0x67,
  0x61, 0x6e, 0x69, 0x35, 0x7a, 0x61, 0xa, 0x34,
  0x67, 0x61, 0x6e, 0x6f, 0xa, 0x67, 0x61, 0x72,
  0x35, 0x6e, 0x34, 0xa, 0x67, 0x61, 0x73, 0x73,
  0x34, 0xa, 0x67, 0x61, 0x74, 0x68, 0x33, 0xa,
  0x34, 0x67, 0x61, 0x74, 0x69, 0x76, 0xa, 0x34,
  0x67, 0x61, 0x7a, 0xa, 0x67, 0x33, 0x62, 0xa,
  0x67, 0x64, 0x34, 0xa, 0x32, 0x67, 0x65, 0x2e,
  0xa, 0x32, 0x67, 0x65, 0x64, 0xa, 0x67, 0x65,
  0x65, 0x7a, 0x34, 0xa, 0x67, 0x65, 0x6c, 0x34,
  0x69, 0x6e, 0xa, 0x67, 0x65, 0x35, 0x6c, 0x69,
  0x73, 0xa, 0x67, 0x65, 0x35, 0x6c, 0x69, 0x7a,
  0xa, 0x34, 0x67, 0x65, 0x6c, 0x79, 0xa, 0x31,
  0x67, 0x65, 0x6e, 0xa, 0x67, 0x65, 0x34, 0x6e,
  0x61, 0x74, 0xa, 0x67, 0x65, 0x35, 0x6e, 0x69,
  0x7a, 0xa, 0x34, 0x67, 0x65, 0x6e, 0x6f, 0xa,
  0x34, 0x67, 0x65, 0x6e, 0x79, 0xa, 0x31, 0x67,
  0x65, 0x6f, 0xa, 0x67, 0x65, 0x33, 0x6f, 0x6d,
  0xa, 0x67, 0x34, 0x65, 0x72, 0x79, 0xa, 0x35,
  0x67, 0x65, 0x73, 0x69, 0xa, 0x67, 0x65, 0x74,
  0x68, 0x35, 0xa, 0x34, 0x67, 0x65, 0x74, 0x6f,
  0xa, 0x67, 0x65, 0x34, 0x74, 0x79, 0xa, 0x67,
  0x65, 0x34, 0x76, 0xa, 0x34, 0x67, 0x31, 0x67,
  0x32, 0xa, 0x67, 0x32, 0x67, 0x65, 0xa, 0x67,
  0x33, 0x67, 0x65, 0x72, 0xa, 0x67, 0x67, 0x6c,
  0x75, 0x35, 0xa, 0x67, 0x67, 0x6f, 0x34, 0xa,
  0x67, 0x68, 0x33, 0x69, 0x6e, 0xa, 0x67, 0x68,
  0x35, 0x6f, 0x75, 0x74, 0xa, 0x67, 0x68, 0x34,
  0x74, 0x6f, 0xa, 0x35, 0x67, 0x69, 0x2e, 0xa,
  0x31, 0x67, 0x69, 0x34, 0x61, 0xa, 0x67, 0x69,
  0x61, 0x35, 0x72, 0xa, 0x67, 0x31, 0x69, 0x63,
  0xa, 0x35, 0x67, 0x69, 0x63, 0x69, 0x61, 0xa,
  0x67, 0x34, 0x69, 0x63, 0x6f, 0xa, 0x67, 0x69,
  0x65, 0x6e, 0x35, 0xa, 0x35, 0x67, 0x69, 0x65,
  0x73, 0x2e, 0xa, 0x67, 0x69, 0x6c, 0x34, 0xa,
  0x67, 0x33, 0x69, 0x6d, 0x65, 0x6e, 0xa, 0x33,
  0x67, 0x34, 0x69, 0x6e, 0x2e, 0xa, 0x67, 0x69,
  0x6e, 0x35, 0x67, 0x65, 0xa, 0x35, 0x67, 0x34,
  0x69, 0x6e, 0x73, 0xa, 0x35, 0x67, 0x69, 0x6f,
  0xa, 0x33, 0x67, 0x69, 0x72, 0xa, 0x67, 0x69,
  0x72, 0x34, 0x6c, 0xa, 0x67, 0x33, 0x69, 0x73,
  0x6c, 0xa, 0x67, 0x69, 0x34, 0x75, 0xa, 0x35,
  0x67, 0x69, 0x76, 0xa, 0x33, 0x67, 0x69, 0x7a,
  0xa, 0x67, 0x6c, 0x32, 0xa, 0x67, 0x6c, 0x61,
  0x34, 0xa, 0x67, 0x6c, 0x61, 0x64, 0x35, 0x69,
  0xa, 0x35, 0x67, 0x6c, 0x61, 0x73, 0xa, 0x31,
  0x67, 0x6c, 0x65, 0xa, 0x67, 0x6c, 0x69, 0x34,
  0x62, 0xa, 0x67, 0x33, 0x6c, 0x69, 0x67, 0xa,
  0x33, 0x67, 0x6c, 0x6f, 0xa, 0x67, 0x6c, 0x6f,
  0x33, 0x72, 0xa, 0x67, 0x31, 0x6d, 0xa, 0x67,
  0x34, 0x6d, 0x79, 0xa, 0x67, 0x6e, 0x34, 0x61,
  0xa, 0x67, 0x34, 0x6e, 0x61, 0x2e, 0xa, 0x67,
  0x6e, 0x65, 0x74, 0x34, 0x74, 0xa, 0x67, 0x31,
  0x6e, 0x69, 0xa, 0x67, 0x32, 0x6e, 0x69, 0x6e,
  0xa, 0x67, 0x34, 0x6e, 0x69, 0x6f, 0xa, 0x67,
  0x31, 0x6e, 0x6f, 0xa, 0x67, 0x34, 0x6e, 0x6f,
  0x6e, 0xa, 0x31, 0x67, 0x6f, 0xa, 0x33, 0x67,
  0x6f, 0x2e, 0xa, 0x67, 0x6f, 0x62, 0x35, 0xa,
  0x35, 0x67, 0x6f, 0x65, 0xa, 0x33, 0x67, 0x34,
  0x6f, 0x34, 0x67, 0xa, 0x67, 0x6f, 0x33, 0x69,
  0x73, 0xa, 0x67, 0x6f, 0x6e, 0x32, 0xa, 0x34,
  0x67, 0x33, 0x6f, 0x33, 0x6e, 0x61, 0xa, 0x67,
  0x6f, 0x6e, 0x64, 0x6f, 0x35, 0xa, 0x67, 0x6f,
  0x33, 0x6e, 0x69, 0xa, 0x35, 0x67, 0x6f, 0x6f,
  0xa, 0x67, 0x6f, 0x35, 0x72, 0x69, 0x7a, 0xa,
  0x67, 0x6f, 0x72, 0x35, 0x6f, 0x75, 0xa, 0x35,
  0x67, 0x6f, 0x73, 0x2e, 0xa, 0x67, 0x6f, 0x76,
  0x31, 0xa, 0x67, 0x33, 0x70, 0xa, 0x31, 0x67,
  0x72, 0xa, 0x34, 0x67, 0x72, 0x61, 0x64, 0x61,
  0xa, 0x67, 0x34, 0x72, 0x61, 0x69, 0xa, 0x67,
  0x72, 0x61, 0x6e, 0x32, 0xa, 0x35, 0x67, 0x72,
  0x61, 0x70, 0x68, 0x2e, 0xa, 0x67, 0x35, 0x72,
  0x61, 0x70, 0x68, 0x65, 0x72, 0xa, 0x35, 0x67,
  0x72, 0x61, 0x70, 0x68, 0x69, 0x63, 0xa, 0x34,
  0x67, 0x72, 0x61, 0x70, 0x68, 0x79, 0xa, 0x34,
  0x67, 0x72, 0x61, 0x79, 0xa, 0x67, 0x72, 0x65,
  0x34, 0x6e, 0xa, 0x34, 0x67, 0x72, 0x65, 0x73,
  0x73, 0x2e, 0xa, 0x34, 0x67, 0x72, 0x69, 0x74,
  0xa, 0x67, 0x34, 0x72, 0x6f, 0xa, 0x67, 0x72,
  0x75, 0x66, 0x34, 0xa, 0x67, 0x73, 0x32, 0xa,
  0x67, 0x35, 0x73, 0x74, 0x65, 0xa, 0x67, 0x74,
  0x68, 0x33, 0xa, 0x67, 0x75, 0x34, 0x61, 0xa,
  0x33, 0x67, 0x75, 0x61, 0x72, 0x64, 0xa, 0x32,
  0x67, 0x75, 0x65, 0xa, 0x35, 0x67, 0x75, 0x69,
  0x35, 0x74, 0xa, 0x33, 0x67, 0x75, 0x6e, 0xa,
  0x33, 0x67, 0x75, 0x73, 0xa, 0x34, 0x67, 0x75,
  0x34, 0x74, 0xa, 0x67, 0x33, 0x77, 0xa, 0x31,
  0x67, 0x79, 0xa, 0x32, 0x67, 0x35, 0x79, 0x33,
  0x6e, 0xa, 0x67, 0x79, 0x35, 0x72, 0x61, 0xa,
  0x68, 0x33, 0x61, 0x62, 0x34, 0x6c, 0xa, 0x68,
  0x61, 0x63, 0x68, 0x34, 0xa, 0x68, 0x61, 0x65,
  0x34, 0x6d, 0xa, 0x68, 0x61, 0x65, 0x34, 0x74,
  0xa, 0x68, 0x35, 0x61, 0x67, 0x75, 0xa, 0x68,
  0x61, 0x33, 0x6c, 0x61, 0xa, 0x68, 0x61, 0x6c,
  0x61, 0x33, 0x6d, 0xa, 0x68, 0x61, 0x34, 0x6d,
  0xa, 0x68, 0x61, 0x6e, 0x34, 0x63, 0x69, 0xa,
  0x68, 0x61, 0x6e, 0x34, 0x63, 0x79, 0xa, 0x35,
  0x68, 0x61, 0x6e, 0x64, 0x2e, 0xa, 0x68, 0x61,
  0x6e, 0x34, 0x67, 0xa, 0x68, 0x61, 0x6e, 0x67,
  0x35, 0x65, 0x72, 0xa, 0x68, 0x61, 0x6e, 0x67,
  0x35, 0x6f, 0xa, 0x68, 0x35, 0x61, 0x35, 0x6e,
  0x69, 0x7a, 0xa, 0x68, 0x61, 0x6e, 0x34, 0x6b,
  0xa, 0x68, 0x61, 0x6e, 0x34, 0x74, 0x65, 0xa,
  0x68, 0x61, 0x70, 0x33, 0x6c, 0xa, 0x68, 0x61,
  0x70, 0x35, 0x74, 0xa, 0x68, 0x61, 0x33, 0x72,
  0x61, 0x6e, 0xa, 0x68, 0x61, 0x35, 0x72, 0x61,
  0x73, 0xa, 0x68, 0x61, 0x72, 0x32, 0x64, 0xa,
  0x68, 0x61, 0x72, 0x64, 0x33, 0x65, 0xa, 0x68,
  0x61, 0x72, 0x34, 0x6c, 0x65, 0xa, 0x68, 0x61,
  0x72, 0x70, 0x35, 0x65, 0x6e, 0xa, 0x68, 0x61,
  0x72, 0x35, 0x74, 0x65, 0x72, 0xa, 0x68, 0x61,
  0x73, 0x35, 0x73, 0xa, 0x68, 0x61, 0x75, 0x6e,
  0x34, 0xa, 0x35, 0x68, 0x61, 0x7a, 0xa, 0x68,
  0x61, 0x7a, 0x33, 0x61, 0xa, 0x68, 0x31, 0x62,
  0xa, 0x31, 0x68, 0x65, 0x61, 0x64, 0xa, 0x33,
  0x68, 0x65, 0x61, 0x72, 0xa, 0x68, 0x65, 0x34,
  0x63, 0x61, 0x6e, 0xa, 0x68, 0x35, 0x65, 0x63,
  0x61, 0x74, 0xa, 0x68, 0x34, 0x65, 0x64, 0xa,
  0x68, 0x65, 0x35, 0x64, 0x6f, 0x35, 0xa, 0x68,
  0x65, 0x33, 0x6c, 0x34, 0x69, 0xa, 0x68, 0x65,
  0x6c, 0x34, 0x6c, 0x69, 0x73, 0xa, 0x68, 0x65,
  0x6c, 0x34, 0x6c, 0x79, 0xa, 0x68, 0x35, 0x65,
  0x6c, 0x6f, 0xa, 0x68, 0x65, 0x6d, 0x34, 0x70,
  0xa, 0x68, 0x65, 0x32, 0x6e, 0xa, 0x68, 0x65,
  0x6e, 0x61, 0x34, 0xa, 0x68, 0x65, 0x6e, 0x35,
  0x61, 0x74, 0xa, 0x68, 0x65, 0x6f, 0x35, 0x72,
  0xa, 0x68, 0x65, 0x70, 0x35, 0xa, 0x68, 0x34,
  0x65, 0x72, 0x61, 0xa, 0x68, 0x65, 0x72, 0x61,
  0x33, 0x70, 0xa, 0x68, 0x65, 0x72, 0x34, 0x62,
  0x61, 0xa, 0x68, 0x65, 0x72, 0x65, 0x35, 0x61,
  0xa, 0x68, 0x33, 0x65, 0x72, 0x6e, 0xa, 0x68,
  0x35, 0x65, 0x72, 0x6f, 0x75, 0xa, 0x68, 0x33,
  0x65, 0x72, 0x79, 0xa, 0x68, 0x31, 0x65, 0x73,
  0xa, 0x68, 0x65, 0x32, 0x73, 0x35, 0x70, 0xa,
  0x68, 0x65, 0x34, 0x74, 0xa, 0x68, 0x65, 0x74,
  0x34, 0x65, 0x64, 0xa, 0x68, 0x65, 0x75, 0x34,
  0xa, 0x68, 0x31, 0x66, 0xa, 0x68, 0x31, 0x68,
  0xa, 0x68, 0x69, 0x35, 0x61, 0x6e, 0xa, 0x68,
  0x69, 0x34, 0x63, 0x6f, 0xa, 0x68, 0x69, 0x67,
  0x68, 0x35, 0xa, 0x68, 0x34, 0x69, 0x6c, 0x32,
  0xa, 0x68, 0x69, 0x6d, 0x65, 0x72, 0x34, 0xa,
  0x68, 0x34, 0x69, 0x6e, 0x61, 0xa, 0x68, 0x69,
  0x6f, 0x6e, 0x34, 0x65, 0xa, 0x68, 0x69, 0x34,
  0x70, 0xa, 0x68, 0x69, 0x72, 0x34, 0x6c, 0xa,
  0x68, 0x69, 0x33, 0x72, 0x6f, 0xa, 0x68, 0x69,
  0x72, 0x34, 0x70, 0xa, 0x68, 0x69, 0x72, 0x34,
  0x72, 0xa, 0x68, 0x69, 0x73, 0x33, 0x65, 0x6c,
  0xa, 0x68, 0x69, 0x73, 0x34, 0x73, 0xa, 0x68,
  0x69, 0x74, 0x68, 0x35, 0x65, 0x72, 0xa, 0x68,
  0x69, 0x32, 0x76, 0xa, 0x34, 0x68, 0x6b, 0xa,
  0x34, 0x68, 0x31, 0x6c, 0x34, 0xa, 0x68, 0x6c,
  0x61, 0x6e, 0x34, 0xa, 0x68, 0x32, 0x6c, 0x6f,
  0xa, 0x68, 0x6c, 0x6f, 0x33, 0x72, 0x69, 0xa,
  0x34, 0x68, 0x31, 0x6d, 0xa, 0x68, 0x6d, 0x65,
  0x74, 0x34, 0xa, 0x32, 0x68, 0x31, 0x6e, 0xa,
  0x68, 0x35, 0x6f, 0x64, 0x69, 0x7a, 0xa, 0x68,
  0x35, 0x6f, 0x64, 0x73, 0xa, 0x68, 0x6f, 0x34,
  0x67, 0xa, 0x68, 0x6f, 0x67, 0x65, 0x34, 0xa,
  0x68, 0x6f, 0x6c, 0x35, 0x61, 0x72, 0xa, 0x33,
  0x68, 0x6f, 0x6c, 0x34, 0x65, 0xa, 0x68, 0x6f,
  0x34, 0x6d, 0x61, 0xa, 0x68, 0x6f, 0x6d, 0x65,
  0x33, 0xa, 0x68, 0x6f, 0x6e, 0x34, 0x61, 0xa,
  0x68, 0x6f, 0x35, 0x6e, 0x79, 0xa, 0x33, 0x68,
  0x6f, 0x6f, 0x64, 0xa, 0x68, 0x6f, 0x6f, 0x6e,
  0x34, 0xa, 0x68, 0x6f, 0x72, 0x35, 0x61, 0x74,
  0xa, 0x68, 0x6f, 0x35, 0x72, 0x69, 0x73, 0xa,
  0x68, 0x6f, 0x72, 0x74, 0x33, 0x65, 0xa, 0x68,
  0x6f, 0x35, 0x72, 0x75, 0xa, 0x68, 0x6f, 0x73,
  0x34, 0x65, 0xa, 0x68, 0x6f, 0x35, 0x73, 0x65,
  0x6e, 0xa, 0x68, 0x6f, 0x73, 0x31, 0x70, 0xa,
  0x31, 0x68, 0x6f, 0x75, 0x73, 0xa, 0x68, 0x6f,
  0x75, 0x73, 0x65, 0x33, 0xa, 0x68, 0x6f, 0x76,
  0x35, 0x65, 0x6c, 0xa, 0x34, 0x68, 0x35, 0x70,
  0xa, 0x34, 0x68, 0x72, 0x34, 0xa, 0x68, 0x72,
  0x65, 0x65, 0x35, 0xa, 0x68, 0x72, 0x6f, 0x35,
  0x6e, 0x69, 0x7a, 0xa, 0x68, 0x72, 0x6f, 0x33,
  0x70, 0x6f, 0xa, 0x34, 0x68, 0x31, 0x73, 0x32,
  0xa, 0x68, 0x34, 0x73, 0x68, 0xa, 0x68, 0x34,
  0x74, 0x61, 0x72, 0xa, 0x68, 0x74, 0x31, 0x65,
  0x6e, 0xa, 0x68, 0x74, 0x35, 0x65, 0x73, 0xa,
  0x68, 0x34, 0x74, 0x79, 0xa, 0x68, 0x75, 0x34,
  0x67, 0xa, 0x68, 0x75, 0x34, 0x6d, 0x69, 0x6e,
  0xa, 0x68, 0x75, 0x6e, 0x35, 0x6b, 0x65, 0xa,
  0x68, 0x75, 0x6e, 0x34, 0x74, 0xa, 0x68, 0x75,
  0x73, 0x33, 0x74, 0x34, 0xa, 0x68, 0x75, 0x34,
  0x74, 0xa, 0x68, 0x31, 0x77, 0xa, 0x68, 0x34,
  0x77, 0x61, 0x72, 0x74, 0xa, 0x68, 0x79, 0x33,
  0x70, 0x65, 0xa, 0x68, 0x79, 0x33, 0x70, 0x68,
  0xa, 0x68, 0x79, 0x32, 0x73, 0xa, 0x32, 0x69,
  0x31, 0x61, 0xa, 0x69, 0x32, 0x61, 0x6c, 0xa,
  0x69, 0x61, 0x6d, 0x34, 0xa, 0x69, 0x61, 0x6d,
  0x35, 0x65, 0x74, 0x65, 0xa, 0x69, 0x32, 0x61,
  0x6e, 0xa, 0x34, 0x69, 0x61, 0x6e, 0x63, 0xa,
  0x69, 0x61, 0x6e, 0x33, 0x69, 0xa, 0x34, 0x69,
  0x61, 0x6e, 0x34, 0x74, 0xa, 0x69, 0x61, 0x35,
  0x70, 0x65, 0xa, 0x69, 0x61, 0x73, 0x73, 0x34,
  0xa, 0x69, 0x34, 0x61, 0x74, 0x69, 0x76, 0xa,
  0x69, 0x61, 0x34, 0x74, 0x72, 0x69, 0x63, 0xa,
  0x69, 0x34, 0x61, 0x74, 0x75, 0xa, 0x69, 0x62,
  0x65, 0x34, 0xa, 0x69, 0x62, 0x33, 0x65, 0x72,
  0x61, 0xa, 0x69, 0x62, 0x35, 0x65, 0x72, 0x74,
  0xa, 0x69, 0x62, 0x35, 0x69, 0x61, 0xa, 0x69,
  0x62, 0x33, 0x69, 0x6e, 0xa, 0x69, 0x62, 0x35,
  0x69, 0x74, 0x2e, 0xa, 0x69, 0x62, 0x35, 0x69,
  0x74, 0x65, 0xa, 0x69, 0x31, 0x62, 0x6c, 0xa,
  0x69, 0x62, 0x33, 0x6c, 0x69, 0xa, 0x69, 0x35,
  0x62, 0x6f, 0xa, 0x69, 0x31, 0x62, 0x72, 0xa,
  0x69, 0x32, 0x62, 0x35, 0x72, 0x69, 0xa, 0x69,
  0x35, 0x62, 0x75, 0x6e, 0xa, 0x34, 0x69, 0x63,
  0x61, 0x6d, 0xa, 0x35, 0x69, 0x63, 0x61, 0x70,
  0xa, 0x34, 0x69, 0x63, 0x61, 0x72, 0xa, 0x69,
  0x34, 0x63, 0x61, 0x72, 0x2e, 0xa, 0x69, 0x34,
  0x63, 0x61, 0x72, 0x61, 0xa, 0x69, 0x63, 0x61,
  0x73, 0x35, 0xa, 0x69, 0x34, 0x63, 0x61, 0x79,
  0xa, 0x69, 0x63, 0x63, 0x75, 0x34, 0xa, 0x34,
  0x69, 0x63, 0x65, 0x6f, 0xa, 0x34, 0x69, 0x63,
  0x68, 0xa, 0x32, 0x69, 0x63, 0x69, 0xa, 0x69,
  0x35, 0x63, 0x69, 0x64, 0xa, 0x69, 0x63, 0x35,
  0x69, 0x6e, 0x61, 0xa, 0x69, 0x32, 0x63, 0x69,
  0x70, 0xa, 0x69, 0x63, 0x33, 0x69, 0x70, 0x61,
  0xa, 0x69, 0x34, 0x63, 0x6c, 0x79, 0xa, 0x69,
  0x32, 0x63, 0x35, 0x6f, 0x63, 0xa, 0x34, 0x69,
  0x31, 0x63, 0x72, 0xa, 0x35, 0x69, 0x63, 0x72,
  0x61, 0xa, 0x69, 0x34, 0x63, 0x72, 0x79, 0xa,
  0x69, 0x63, 0x34, 0x74, 0x65, 0xa, 0x69, 0x63,
  0x74, 0x75, 0x32, 0xa, 0x69, 0x63, 0x34, 0x74,
  0x33, 0x75, 0x61, 0xa, 0x69, 0x63, 0x33, 0x75,
  0x6c, 0x61, 0xa, 0x69, 0x63, 0x34, 0x75, 0x6d,
  0xa, 0x69, 0x63, 0x35, 0x75, 0x6f, 0xa, 0x69,
  0x33, 0x63, 0x75, 0x72, 0xa, 0x32, 0x69, 0x64,
  0xa, 0x69, 0x34, 0x64, 0x61, 0x69, 0xa, 0x69,
  0x64, 0x35, 0x61, 0x6e, 0x63, 0xa, 0x69, 0x64,
  0x35, 0x64, 0xa, 0x69, 0x64, 0x65, 0x33, 0x61,
  0x6c, 0xa, 0x69, 0x64, 0x65, 0x34, 0x73, 0xa,
  0x69, 0x32, 0x64, 0x69, 0xa, 0x69, 0x64, 0x35,
  0x69, 0x61, 0x6e, 0xa, 0x69, 0x64, 0x69, 0x34,
  0x61, 0x72, 0xa, 0x69, 0x35, 0x64, 0x69, 0x65,
  0xa, 0x69, 0x64, 0x33, 0x69, 0x6f, 0xa, 0x69,
  0x64, 0x69, 0x35, 0x6f, 0x75, 0xa, 0x69, 0x64,
  0x31, 0x69, 0x74, 0xa, 0x69, 0x64, 0x35, 0x69,
  0x75, 0xa, 0x69, 0x33, 0x64, 0x6c, 0x65, 0xa,
  0x69, 0x34, 0x64, 0x6f, 0x6d, 0xa, 0x69, 0x64,
  0x33, 0x6f, 0x77, 0xa, 0x69, 0x34, 0x64, 0x72,
  0xa, 0x69, 0x32, 0x64, 0x75, 0xa, 0x69, 0x64,
  0x35, 0x75, 0x6f, 0xa, 0x32, 0x69, 0x65, 0x34,
  0xa, 0x69, 0x65, 0x64, 0x34, 0x65, 0xa, 0x35,
  0x69, 0x65, 0x35, 0x67, 0x61, 0xa, 0x69, 0x65,
  0x6c, 0x64, 0x33, 0xa, 0x69, 0x65, 0x6e, 0x35,
  0x61, 0x34, 0xa, 0x69, 0x65, 0x6e, 0x34, 0x65,
  0xa, 0x69, 0x35, 0x65, 0x6e, 0x6e, 0xa, 0x69,
  0x33, 0x65, 0x6e, 0x74, 0x69, 0xa, 0x69, 0x31,
  0x65, 0x72, 0x2e, 0xa, 0x69, 0x33, 0x65, 0x73,
  0x63, 0xa, 0x69, 0x31, 0x65, 0x73, 0x74, 0xa,
  0x69, 0x33, 0x65, 0x74, 0xa, 0x34, 0x69, 0x66,
  0x2e, 0xa, 0x69, 0x66, 0x35, 0x65, 0x72, 0x6f,
  0xa, 0x69, 0x66, 0x66, 0x35, 0x65, 0x6e, 0xa,
  0x69, 0x66, 0x34, 0x66, 0x72, 0xa, 0x34, 0x69,
  0x66, 0x69, 0x63, 0x2e, 0xa, 0x69, 0x33, 0x66,
  0x69, 0x65, 0xa, 0x69, 0x33, 0x66, 0x6c, 0xa,
  0x34, 0x69, 0x66, 0x74, 0xa, 0x32, 0x69, 0x67,
  0xa, 0x69, 0x67, 0x61, 0x35, 0x62, 0xa, 0x69,
  0x67, 0x33, 0x65, 0x72, 0x61, 0xa, 0x69, 0x67,
  0x68, 0x74, 0x33, 0x69, 0xa, 0x34, 0x69, 0x67,
  0x69, 0xa, 0x69, 0x33, 0x67, 0x69, 0x62, 0xa,
  0x69, 0x67, 0x33, 0x69, 0x6c, 0xa, 0x69, 0x67,
  0x33, 0x69, 0x6e, 0xa, 0x69, 0x67, 0x33, 0x69,
  0x74, 0xa, 0x69, 0x34, 0x67, 0x34, 0x6c, 0xa,
  0x69, 0x32, 0x67, 0x6f, 0xa, 0x69, 0x67, 0x33,
  0x6f, 0x72, 0xa, 0x69, 0x67, 0x35, 0x6f, 0x74,
  0xa, 0x69, 0x35, 0x67, 0x72, 0x65, 0xa, 0x69,
  0x67, 0x75, 0x35, 0x69, 0xa, 0x69, 0x67, 0x31,
  0x75, 0x72, 0xa, 0x69, 0x33, 0x68, 0xa, 0x34,
  0x69, 0x35, 0x69, 0x34, 0xa, 0x69, 0x33, 0x6a,
  0xa, 0x34, 0x69, 0x6b, 0xa, 0x69, 0x31, 0x6c,
  0x61, 0xa, 0x69, 0x6c, 0x33, 0x61, 0x34, 0x62,
  0xa, 0x69, 0x34, 0x6c, 0x61, 0x64, 0x65, 0xa,
  0x69, 0x32, 0x6c, 0x35, 0x61, 0x6d, 0xa, 0x69,
  0x6c, 0x61, 0x35, 0x72, 0x61, 0xa, 0x69, 0x33,
  0x6c, 0x65, 0x67, 0xa, 0x69, 0x6c, 0x31, 0x65,
  0x72, 0xa, 0x69, 0x6c, 0x65, 0x76, 0x34, 0xa,
  0x69, 0x6c, 0x35, 0x66, 0xa, 0x69, 0x6c, 0x31,
  0x69, 0xa, 0x69, 0x6c, 0x33, 0x69, 0x61, 0xa,
  0x69, 0x6c, 0x32, 0x69, 0x62, 0xa, 0x69, 0x6c,
  0x33, 0x69, 0x6f, 0xa, 0x69, 0x6c, 0x34, 0x69,
  0x73, 0x74, 0xa, 0x32, 0x69, 0x6c, 0x69, 0x74,
  0xa, 0x69, 0x6c, 0x32, 0x69, 0x7a, 0xa, 0x69,
  0x6c, 0x6c, 0x35, 0x61, 0x62, 0xa, 0x34, 0x69,
  0x6c, 0x6e, 0xa, 0x69, 0x6c, 0x33, 0x6f, 0x71,
  0xa, 0x69, 0x6c, 0x34, 0x74, 0x79, 0xa, 0x69,
  0x6c, 0x35, 0x75, 0x72, 0xa, 0x69, 0x6c, 0x33,
  0x76, 0xa, 0x69, 0x34, 0x6d, 0x61, 0x67, 0xa,
  0x69, 0x6d, 0x33, 0x61, 0x67, 0x65, 0xa, 0x69,
  0x6d, 0x61, 0x35, 0x72, 0x79, 0xa, 0x69, 0x6d,
  0x65, 0x6e, 0x74, 0x61, 0x35, 0x72, 0xa, 0x34,
  0x69, 0x6d, 0x65, 0x74, 0xa, 0x69, 0x6d, 0x31,
  0x69, 0xa, 0x69, 0x6d, 0x35, 0x69, 0x64, 0x61,
  0xa, 0x69, 0x6d, 0x69, 0x35, 0x6c, 0x65, 0xa,
  0x69, 0x35, 0x6d, 0x69, 0x6e, 0x69, 0xa, 0x34,
  0x69, 0x6d, 0x69, 0x74, 0xa, 0x69, 0x6d, 0x34,
  0x6e, 0x69, 0xa, 0x69, 0x33, 0x6d, 0x6f, 0x6e,
  0xa, 0x69, 0x32, 0x6d, 0x75, 0xa, 0x69, 0x6d,
  0x33, 0x75, 0x6c, 0x61, 0xa, 0x32, 0x69, 0x6e,
  0x2e, 0xa, 0x69, 0x34, 0x6e, 0x33, 0x61, 0x75,
  0xa, 0x34, 0x69, 0x6e, 0x61, 0x76, 0xa, 0x69,
  0x6e, 0x63, 0x65, 0x6c, 0x34, 0xa, 0x69, 0x6e,
  0x33, 0x63, 0x65, 0x72, 0xa, 0x34, 0x69, 0x6e,
  0x64, 0xa, 0x69, 0x6e, 0x35, 0x64, 0x6c, 0x69,
  0x6e, 0x67, 0xa, 0x32, 0x69, 0x6e, 0x65, 0xa,
  0x69, 0x33, 0x6e, 0x65, 0x65, 0xa, 0x69, 0x6e,
  0x65, 0x72, 0x34, 0x61, 0x72, 0xa, 0x69, 0x35,
  0x6e, 0x65, 0x73, 0x73, 0xa, 0x34, 0x69, 0x6e,
  0x67, 0x61, 0xa, 0x34, 0x69, 0x6e, 0x67, 0x65,
  0xa, 0x69, 0x6e, 0x35, 0x67, 0x65, 0x6e, 0xa,
  0x34, 0x69, 0x6e, 0x67, 0x69, 0xa, 0x69, 0x6e,
  0x35, 0x67, 0x6c, 0x69, 0x6e, 0x67, 0xa, 0x34,
  0x69, 0x6e, 0x67, 0x6f, 0xa, 0x34, 0x69, 0x6e,
  0x67, 0x75, 0xa, 0x32, 0x69, 0x6e, 0x69, 0xa,
  0x69, 0x35, 0x6e, 0x69, 0x2e, 0xa, 0x69, 0x34,
  0x6e, 0x69, 0x61, 0xa, 0x69, 0x6e, 0x33, 0x69,
  0x6f, 0xa, 0x69, 0x6e, 0x31, 0x69, 0x73, 0xa,
  0x69, 0x35, 0x6e, 0x69, 0x74, 0x65, 0x2e, 0xa,
  0x35, 0x69, 0x6e, 0x69, 0x74, 0x69, 0x6f, 0xa,
  0x69, 0x6e, 0x33, 0x69, 0x74, 0x79, 0xa, 0x34,
  0x69, 0x6e, 0x6b, 0xa, 0x34, 0x69, 0x6e, 0x6c,
  0xa, 0x32, 0x69, 0x6e, 0x6e, 0xa, 0x32, 0x69,
  0x31, 0x6e, 0x6f, 0xa, 0x69, 0x34, 0x6e, 0x6f,
  0x34, 0x63, 0xa, 0x69, 0x6e, 0x6f, 0x34, 0x73,
  0xa, 0x69, 0x34, 0x6e, 0x6f, 0x74, 0xa, 0x32,
  0x69, 0x6e, 0x73, 0xa, 0x69, 0x6e, 0x33, 0x73,
  0x65, 0xa, 0x69, 0x6e, 0x73, 0x75, 0x72, 0x35,
  0x61, 0xa, 0x32, 0x69, 0x6e, 0x74, 0x2e, 0xa,
  0x32, 0x69, 0x6e, 0x34, 0x74, 0x68, 0xa, 0x69,
  0x6e, 0x31, 0x75, 0xa, 0x69, 0x35, 0x6e, 0x75,
  0x73, 0xa, 0x34, 0x69, 0x6e, 0x79, 0xa, 0x32,
  0x69, 0x6f, 0xa, 0x34, 0x69, 0x6f, 0x2e, 0xa,
  0x69, 0x6f, 0x67, 0x65, 0x34, 0xa, 0x69, 0x6f,
  0x32, 0x67, 0x72, 0xa, 0x69, 0x31, 0x6f, 0x6c,
  0xa, 0x69, 0x6f, 0x34, 0x6d, 0xa, 0x69, 0x6f,
  0x6e, 0x33, 0x61, 0x74, 0xa, 0x69, 0x6f, 0x6e,
  0x34, 0x65, 0x72, 0x79, 0xa, 0x69, 0x6f, 0x6e,
  0x33, 0x69, 0xa, 0x69, 0x6f, 0x35, 0x70, 0x68,
  0xa, 0x69, 0x6f, 0x72, 0x33, 0x69, 0xa, 0x69,
  0x34, 0x6f, 0x73, 0xa, 0x69, 0x6f, 0x35, 0x74,
  0x68, 0xa, 0x69, 0x35, 0x6f, 0x74, 0x69, 0xa,
  0x69, 0x6f, 0x34, 0x74, 0x6f, 0xa, 0x69, 0x34,
  0x6f, 0x75, 0x72, 0xa, 0x32, 0x69, 0x70, 0xa,
  0x69, 0x70, 0x65, 0x34, 0xa, 0x69, 0x70, 0x68,
  0x72, 0x61, 0x73, 0x34, 0xa, 0x69, 0x70, 0x33,
  0x69, 0xa, 0x69, 0x70, 0x34, 0x69, 0x63, 0xa,
  0x69, 0x70, 0x34, 0x72, 0x65, 0x34, 0xa, 0x69,
  0x70, 0x33, 0x75, 0x6c, 0xa, 0x69, 0x33, 0x71,
  0x75, 0x61, 0xa, 0x69, 0x71, 0x35, 0x75, 0x65,
  0x66, 0xa, 0x69, 0x71, 0x33, 0x75, 0x69, 0x64,
  0xa, 0x69, 0x71, 0x33, 0x75, 0x69, 0x33, 0x74,
  0xa, 0x34, 0x69, 0x72, 0xa, 0x69, 0x31, 0x72,
  0x61, 0xa, 0x69, 0x72, 0x61, 0x34, 0x62, 0xa,
  0x69, 0x34, 0x72, 0x61, 0x63, 0xa, 0x69, 0x72,
  0x64, 0x35, 0x65, 0xa, 0x69, 0x72, 0x65, 0x34,
  0x64, 0x65, 0xa, 0x69, 0x34, 0x72, 0x65, 0x66,
  0xa, 0x69, 0x34, 0x72, 0x65, 0x6c, 0x34, 0xa,
  0x69, 0x34, 0x72, 0x65, 0x73, 0xa, 0x69, 0x72,
  0x35, 0x67, 0x69, 0xa, 0x69, 0x72, 0x31, 0x69,
  0xa, 0x69, 0x72, 0x69, 0x35, 0x64, 0x65, 0xa,
  0x69, 0x72, 0x34, 0x69, 0x73, 0xa, 0x69, 0x72,
  0x69, 0x33, 0x74, 0x75, 0xa, 0x35, 0x69, 0x35,
  0x72, 0x32, 0x69, 0x7a, 0xa, 0x69, 0x72, 0x34,
  0x6d, 0x69, 0x6e, 0xa, 0x69, 0x72, 0x6f, 0x34,
  0x67, 0xa, 0x35, 0x69, 0x72, 0x6f, 0x6e, 0x2e,
  0xa, 0x69, 0x72, 0x35, 0x75, 0x6c, 0xa, 0x32,
  0x69, 0x73, 0x2e, 0xa, 0x69, 0x73, 0x35, 0x61,
  0x67, 0xa, 0x69, 0x73, 0x33, 0x61, 0x72, 0xa,
  0x69, 0x73, 0x61, 0x73, 0x35, 0xa, 0x32, 0x69,
  0x73, 0x31, 0x63, 0xa, 0x69, 0x73, 0x33, 0x63,
  0x68, 0xa, 0x34, 0x69, 0x73, 0x65, 0xa, 0x69,
  0x73, 0x33, 0x65, 0x72, 0xa, 0x33, 0x69, 0x73,
  0x66, 0xa, 0x69, 0x73, 0x35, 0x68, 0x61, 0x6e,
  0xa, 0x69, 0x73, 0x33, 0x68, 0x6f, 0x6e, 0xa,
  0x69, 0x73, 0x68, 0x35, 0x6f, 0x70, 0xa, 0x69,
  0x73, 0x33, 0x69, 0x62, 0xa, 0x69, 0x73, 0x69,
  0x34, 0x64, 0xa, 0x69, 0x35, 0x73, 0x69, 0x73,
  0xa, 0x69, 0x73, 0x35, 0x69, 0x74, 0x69, 0x76,
  0xa, 0x34, 0x69, 0x73, 0x34, 0x6b, 0xa, 0x69,
  0x73, 0x6c, 0x61, 0x6e, 0x34, 0xa, 0x34, 0x69,
  0x73, 0x6d, 0x73, 0xa, 0x69, 0x32, 0x73, 0x6f,
  0xa, 0x69, 0x73, 0x6f, 0x35, 0x6d, 0x65, 0x72,
  0xa, 0x69, 0x73, 0x31, 0x70, 0xa, 0x69, 0x73,
  0x32, 0x70, 0x69, 0xa, 0x69, 0x73, 0x34, 0x70,
  0x79, 0xa, 0x34, 0x69, 0x73, 0x31, 0x73, 0xa,
  0x69, 0x73, 0x34, 0x73, 0x61, 0x6c, 0xa, 0x69,
  0x73, 0x73, 0x65, 0x6e, 0x34, 0xa, 0x69, 0x73,
  0x34, 0x73, 0x65, 0x73, 0xa, 0x69, 0x73, 0x34,
  0x74, 0x61, 0x2e, 0xa, 0x69, 0x73, 0x31, 0x74,
  0x65, 0xa, 0x69, 0x73, 0x31, 0x74, 0x69, 0xa,
  0x69, 0x73, 0x74, 0x34, 0x6c, 0x79, 0xa, 0x34,
  0x69, 0x73, 0x74, 0x72, 0x61, 0x6c, 0xa, 0x69,
  0x32, 0x73, 0x75, 0xa, 0x69, 0x73, 0x35, 0x75,
  0x73, 0xa, 0x34, 0x69, 0x74, 0x61, 0x2e, 0xa,
  0x69, 0x74, 0x61, 0x34, 0x62, 0x69, 0xa, 0x69,
  0x34, 0x74, 0x61, 0x67, 0xa, 0x34, 0x69, 0x74,
  0x61, 0x35, 0x6d, 0xa, 0x69, 0x33, 0x74, 0x61,
  0x6e, 0xa, 0x69, 0x33, 0x74, 0x61, 0x74, 0xa,
  0x32, 0x69, 0x74, 0x65, 0xa, 0x69, 0x74, 0x33,
  0x65, 0x72, 0x61, 0xa, 0x69, 0x35, 0x74, 0x65,
  0x72, 0x69, 0xa, 0x69, 0x74, 0x34, 0x65, 0x73,
  0xa, 0x32, 0x69, 0x74, 0x68, 0xa, 0x69, 0x31,
  0x74, 0x69, 0xa, 0x34, 0x69, 0x74, 0x69, 0x61,
  0xa, 0x34, 0x69, 0x32, 0x74, 0x69, 0x63, 0xa,
  0x69, 0x74, 0x33, 0x69, 0x63, 0x61, 0xa, 0x35,
  0x69, 0x35, 0x74, 0x69, 0x63, 0x6b, 0xa, 0x69,
  0x74, 0x33, 0x69, 0x67, 0xa, 0x69, 0x74, 0x35,
  0x69, 0x6c, 0x6c, 0xa, 0x69, 0x32, 0x74, 0x69,
  0x6d, 0xa, 0x32, 0x69, 0x74, 0x69, 0x6f, 0xa,
  0x34, 0x69, 0x74, 0x69, 0x73, 0xa, 0x69, 0x34,
  0x74, 0x69, 0x73, 0x6d, 0xa, 0x69, 0x32, 0x74,
  0x35, 0x6f, 0x35, 0x6d, 0xa, 0x34, 0x69, 0x74,
  0x6f, 0x6e, 0xa, 0x69, 0x34, 0x74, 0x72, 0x61,
  0x6d, 0xa, 0x69, 0x74, 0x35, 0x72, 0x79, 0xa,
  0x34, 0x69, 0x74, 0x74, 0xa, 0x69, 0x74, 0x33,
  0x75, 0x61, 0x74, 0xa, 0x69, 0x35, 0x74, 0x75,
  0x64, 0xa, 0x69, 0x74, 0x33, 0x75, 0x6c, 0xa,
  0x34, 0x69, 0x74, 0x7a, 0x2e, 0xa, 0x69, 0x31,
  0x75, 0xa, 0x32, 0x69, 0x76, 0xa, 0x69, 0x76,
  0x33, 0x65, 0x6c, 0x6c, 0xa, 0x69, 0x76, 0x33,
  0x65, 0x6e, 0x2e, 0xa, 0x69, 0x34, 0x76, 0x33,
  0x65, 0x72, 0x2e, 0xa, 0x69, 0x34, 0x76, 0x65,
  0x72, 0x73, 0x2e, 0xa, 0x69, 0x76, 0x35, 0x69,
  0x6c, 0x2e, 0xa, 0x69, 0x76, 0x35, 0x69, 0x6f,
  0xa, 0x69, 0x76, 0x31, 0x69, 0x74, 0xa, 0x69,
  0x35, 0x76, 0x6f, 0x72, 0x65, 0xa, 0x69, 0x76,
  0x33, 0x6f, 0x33, 0x72, 0x6f, 0xa, 0x69, 0x34,
  0x76, 0x33, 0x6f, 0x74, 0xa, 0x34, 0x69, 0x35,
  0x77, 0xa, 0x69, 0x78, 0x34, 0x6f, 0xa, 0x34,
  0x69, 0x79, 0xa, 0x34, 0x69, 0x7a, 0x61, 0x72,
  0xa, 0x69, 0x7a, 0x69, 0x34, 0xa, 0x35, 0x69,
  0x7a, 0x6f, 0x6e, 0x74, 0xa, 0x35, 0x6a, 0x61,
  0xa, 0x6a, 0x61, 0x63, 0x34, 0x71, 0xa, 0x6a,
  0x61, 0x34, 0x70, 0xa, 0x31, 0x6a, 0x65, 0xa,
  0x6a, 0x65, 0x72, 0x35, 0x73, 0xa, 0x34, 0x6a,
  0x65, 0x73, 0x74, 0x69, 0x65, 0xa, 0x34, 0x6a,
  0x65, 0x73, 0x74, 0x79, 0xa, 0x6a, 0x65, 0x77,
  0x33, 0xa, 0x6a, 0x6f, 0x34, 0x70, 0xa, 0x35,
  0x6a, 0x75, 0x64, 0x67, 0xa, 0x33, 0x6b, 0x61,
  0x2e, 0xa, 0x6b, 0x33, 0x61, 0x62, 0xa, 0x6b,
  0x35, 0x61, 0x67, 0xa, 0x6b, 0x61, 0x69, 0x73,
  0x34, 0xa, 0x6b, 0x61, 0x6c, 0x34, 0xa, 0x6b,
  0x31, 0x62, 0xa, 0x6b, 0x32, 0x65, 0x64, 0xa,
  0x31, 0x6b, 0x65, 0x65, 0xa, 0x6b, 0x65, 0x34,
  0x67, 0xa, 0x6b, 0x65, 0x35, 0x6c, 0x69, 0xa,
  0x6b, 0x33, 0x65, 0x6e, 0x34, 0x64, 0xa, 0x6b,
  0x31, 0x65, 0x72, 0xa, 0x6b, 0x65, 0x73, 0x34,
  0xa, 0x6b, 0x33, 0x65, 0x73, 0x74, 0x2e, 0xa,
  0x6b, 0x65, 0x34, 0x74, 0x79, 0xa, 0x6b, 0x33,
  0x66, 0xa, 0x6b, 0x68, 0x34, 0xa, 0x6b, 0x31,
  0x69, 0xa, 0x35, 0x6b, 0x69, 0x2e, 0xa, 0x35,
  0x6b, 0x32, 0x69, 0x63, 0xa, 0x6b, 0x34, 0x69,
  0x6c, 0x6c, 0xa, 0x6b, 0x69, 0x6c, 0x6f, 0x35,
  0xa, 0x6b, 0x34, 0x69, 0x6d, 0xa, 0x6b, 0x34,
  0x69, 0x6e, 0x2e, 0xa, 0x6b, 0x69, 0x6e, 0x34,
  0x64, 0x65, 0xa, 0x6b, 0x35, 0x69, 0x6e, 0x65,
  0x73, 0x73, 0xa, 0x6b, 0x69, 0x6e, 0x34, 0x67,
  0xa, 0x6b, 0x69, 0x34, 0x70, 0xa, 0x6b, 0x69,
  0x73, 0x34, 0xa, 0x6b, 0x35, 0x69, 0x73, 0x68,
  0xa, 0x6b, 0x6b, 0x34, 0xa, 0x6b, 0x31, 0x6c,
  0xa, 0x34, 0x6b, 0x6c, 0x65, 0x79, 0xa, 0x34,
  0x6b, 0x6c, 0x79, 0xa, 0x6b, 0x31, 0x6d, 0xa,
  0x6b, 0x35, 0x6e, 0x65, 0x73, 0xa, 0x31, 0x6b,
  0x32, 0x6e, 0x6f, 0xa, 0x6b, 0x6f, 0x35, 0x72,
  0xa, 0x6b, 0x6f, 0x73, 0x68, 0x34, 0xa, 0x6b,
  0x33, 0x6f, 0x75, 0xa, 0x6b, 0x72, 0x6f, 0x35,
  0x6e, 0xa, 0x34, 0x6b, 0x31, 0x73, 0x32, 0xa,
  0x6b, 0x34, 0x73, 0x63, 0xa, 0x6b, 0x73, 0x34,
  0x6c, 0xa, 0x6b, 0x34, 0x73, 0x79, 0xa, 0x6b,
  0x35, 0x74, 0xa, 0x6b, 0x31, 0x77, 0xa, 0x6c,
  0x61, 0x62, 0x33, 0x69, 0x63, 0xa, 0x6c, 0x34,
  0x61, 0x62, 0x6f, 0xa, 0x6c, 0x61, 0x63, 0x69,
  0x34, 0xa, 0x6c, 0x34, 0x61, 0x64, 0x65, 0xa,
  0x6c, 0x61, 0x33, 0x64, 0x79, 0xa, 0x6c, 0x61,
  0x67, 0x34, 0x6e, 0xa, 0x6c, 0x61, 0x6d, 0x33,
  0x6f, 0xa, 0x33, 0x6c, 0x61, 0x6e, 0x64, 0xa,
  0x6c, 0x61, 0x6e, 0x34, 0x64, 0x6c, 0xa, 0x6c,
  0x61, 0x6e, 0x35, 0x65, 0x74, 0xa, 0x6c, 0x61,
  0x6e, 0x34, 0x74, 0x65, 0xa, 0x6c, 0x61, 0x72,
  0x34, 0x67, 0xa, 0x6c, 0x61, 0x72, 0x33, 0x69,
  0xa, 0x6c, 0x61, 0x73, 0x34, 0x65, 0xa, 0x6c,
  0x61, 0x35, 0x74, 0x61, 0x6e, 0xa, 0x34, 0x6c,
  0x61, 0x74, 0x65, 0x6c, 0x69, 0xa, 0x34, 0x6c,
  0x61, 0x74, 0x69, 0x76, 0xa, 0x34, 0x6c, 0x61,
  0x76, 0xa, 0x6c, 0x61, 0x34, 0x76, 0x34, 0x61,
  0xa, 0x32, 0x6c, 0x31, 0x62, 0xa, 0x6c, 0x62,
  0x69, 0x6e, 0x34, 0xa, 0x34, 0x6c, 0x31, 0x63,
  0x32, 0xa, 0x6c, 0x63, 0x65, 0x34, 0xa, 0x6c,
  0x33, 0x63, 0x69, 0xa, 0x32, 0x6c, 0x64, 0xa,
  0x6c, 0x32, 0x64, 0x65, 0xa, 0x6c, 0x64, 0x34,
  0x65, 0x72, 0x65, 0xa, 0x6c, 0x64, 0x34, 0x65,
  0x72, 0x69, 0xa, 0x6c, 0x64, 0x69, 0x34, 0xa,
  0x6c, 0x64, 0x35, 0x69, 0x73, 0xa, 0x6c, 0x33,
  0x64, 0x72, 0xa, 0x6c, 0x34, 0x64, 0x72, 0x69,
  0xa, 0x6c, 0x65, 0x32, 0x61, 0xa, 0x6c, 0x65,
  0x34, 0x62, 0x69, 0xa, 0x6c, 0x65, 0x66, 0x74,
  0x35, 0xa, 0x35, 0x6c, 0x65, 0x67, 0x2e, 0xa,
  0x35, 0x6c, 0x65, 0x67, 0x67, 0xa, 0x6c, 0x65,
  0x34, 0x6d, 0x61, 0x74, 0xa, 0x6c, 0x65, 0x6d,
  0x35, 0x61, 0x74, 0x69, 0x63, 0xa, 0x34, 0x6c,
  0x65, 0x6e, 0x2e, 0xa, 0x33, 0x6c, 0x65, 0x6e,
  0x63, 0xa, 0x35, 0x6c, 0x65, 0x6e, 0x65, 0x2e,
  0xa, 0x31, 0x6c, 0x65, 0x6e, 0x74, 0xa, 0x6c,
  0x65, 0x33, 0x70, 0x68, 0xa, 0x6c, 0x65, 0x34,
  0x70, 0x72, 0xa, 0x6c, 0x65, 0x72, 0x61, 0x35,
  0x62, 0xa, 0x6c, 0x65, 0x72, 0x34, 0x65, 0xa,
  0x33, 0x6c, 0x65, 0x72, 0x67, 0xa, 0x33, 0x6c,
  0x34, 0x65, 0x72, 0x69, 0xa, 0x6c, 0x34, 0x65,
  0x72, 0x6f, 0xa, 0x6c, 0x65, 0x73, 0x32, 0xa,
  0x6c, 0x65, 0x35, 0x73, 0x63, 0x6f, 0xa, 0x35,
  0x6c, 0x65, 0x73, 0x71, 0xa, 0x33, 0x6c, 0x65,
  0x73, 0x73, 0xa, 0x35, 0x6c, 0x65, 0x73, 0x73,
  0x2e, 0xa, 0x6c, 0x33, 0x65, 0x76, 0x61, 0xa,
  0x6c, 0x65, 0x76, 0x34, 0x65, 0x72, 0x2e, 0xa,
  0x6c, 0x65, 0x76, 0x34, 0x65, 0x72, 0x61, 0xa,
  0x6c, 0x65, 0x76, 0x34, 0x65, 0x72, 0x73, 0xa,
  0x33, 0x6c, 0x65, 0x79, 0xa, 0x34, 0x6c, 0x65,
  0x79, 0x65, 0xa, 0x32, 0x6c, 0x66, 0xa, 0x6c,
  0x35, 0x66, 0x72, 0xa, 0x34, 0x6c, 0x31, 0x67,
  0x34, 0xa, 0x6c, 0x35, 0x67, 0x61, 0xa, 0x6c,
  0x67, 0x61, 0x72, 0x33, 0xa, 0x6c, 0x34, 0x67,
  0x65, 0x73, 0xa, 0x6c, 0x67, 0x6f, 0x33, 0xa,
  0x32, 0x6c, 0x33, 0x68, 0xa, 0x6c, 0x69, 0x34,
  0x61, 0x67, 0xa, 0x6c, 0x69, 0x32, 0x61, 0x6d,
  0xa, 0x6c, 0x69, 0x61, 0x72, 0x35, 0x69, 0x7a,
  0xa, 0x6c, 0x69, 0x34, 0x61, 0x73, 0xa, 0x6c,
  0x69, 0x34, 0x61, 0x74, 0x6f, 0xa, 0x6c, 0x69,
  0x35, 0x62, 0x69, 0xa, 0x35, 0x6c, 0x69, 0x63,
  0x69, 0x6f, 0xa, 0x6c, 0x69, 0x34, 0x63, 0x6f,
  0x72, 0xa, 0x34, 0x6c, 0x69, 0x63, 0x73, 0xa,
  0x34, 0x6c, 0x69, 0x63, 0x74, 0x2e, 0xa, 0x6c,
  0x34, 0x69, 0x63, 0x75, 0xa, 0x6c, 0x33, 0x69,
  0x63, 0x79, 0xa, 0x6c, 0x33, 0x69, 0x64, 0x61,
  0xa, 0x6c, 0x69, 0x64, 0x35, 0x65, 0x72, 0xa,
  0x33, 0x6c, 0x69, 0x64, 0x69, 0xa, 0x6c, 0x69,
  0x66, 0x33, 0x65, 0x72, 0xa, 0x6c, 0x34, 0x69,
  0x66, 0x66, 0xa, 0x6c, 0x69, 0x34, 0x66, 0x6c,
  0xa, 0x35, 0x6c, 0x69, 0x67, 0x61, 0x74, 0x65,
  0xa, 0x33, 0x6c, 0x69, 0x67, 0x68, 0xa, 0x6c,
  0x69, 0x34, 0x67, 0x72, 0x61, 0xa, 0x33, 0x6c,
  0x69, 0x6b, 0xa, 0x34, 0x6c, 0x34, 0x69, 0x34,
  0x6c, 0xa, 0x6c, 0x69, 0x6d, 0x34, 0x62, 0x6c,
  0xa, 0x6c, 0x69, 0x6d, 0x33, 0x69, 0xa, 0x6c,
  0x69, 0x34, 0x6d, 0x6f, 0xa, 0x6c, 0x34, 0x69,
  0x6d, 0x34, 0x70, 0xa, 0x6c, 0x34, 0x69, 0x6e,
  0x61, 0xa, 0x31, 0x6c, 0x34, 0x69, 0x6e, 0x65,
  0xa, 0x6c, 0x69, 0x6e, 0x33, 0x65, 0x61, 0xa,
  0x6c, 0x69, 0x6e, 0x33, 0x69, 0xa, 0x6c, 0x69,
  0x6e, 0x6b, 0x35, 0x65, 0x72, 0xa, 0x6c, 0x69,
  0x35, 0x6f, 0x67, 0xa, 0x34, 0x6c, 0x34, 0x69,
  0x71, 0xa, 0x6c, 0x69, 0x73, 0x34, 0x70, 0xa,
  0x6c, 0x31, 0x69, 0x74, 0xa, 0x6c, 0x32, 0x69,
  0x74, 0x2e, 0xa, 0x35, 0x6c, 0x69, 0x74, 0x69,
  0x63, 0x61, 0xa, 0x6c, 0x35, 0x69, 0x35, 0x74,
  0x69, 0x63, 0x73, 0xa, 0x6c, 0x69, 0x76, 0x33,
  0x65, 0x72, 0xa, 0x6c, 0x31, 0x69, 0x7a, 0xa,
  0x34, 0x6c, 0x6a, 0xa, 0x6c, 0x6b, 0x61, 0x33,
  0xa, 0x6c, 0x33, 0x6b, 0x61, 0x6c, 0xa, 0x6c,
  0x6b, 0x61, 0x34, 0x74, 0xa, 0x6c, 0x31, 0x6c,
  0xa, 0x6c, 0x34, 0x6c, 0x61, 0x77, 0xa, 0x6c,
  0x32, 0x6c, 0x65, 0xa, 0x6c, 0x35, 0x6c, 0x65,
  0x61, 0xa, 0x6c, 0x33, 0x6c, 0x65, 0x63, 0xa,
  0x6c, 0x33, 0x6c, 0x65, 0x67, 0xa, 0x6c, 0x33,
  0x6c, 0x65, 0x6c, 0xa, 0x6c, 0x33, 0x6c, 0x65,
  0x34, 0x6e, 0xa, 0x6c, 0x33, 0x6c, 0x65, 0x34,
  0x74, 0xa, 0x6c, 0x6c, 0x32, 0x69, 0xa, 0x6c,
  0x32, 0x6c, 0x69, 0x6e, 0x34, 0xa, 0x6c, 0x35,
  0x6c, 0x69, 0x6e, 0x61, 0xa, 0x6c, 0x6c, 0x34,
  0x6f, 0xa, 0x6c, 0x6c, 0x6f, 0x71, 0x75, 0x69,
  0x35, 0xa, 0x6c, 0x6c, 0x35, 0x6f, 0x75, 0x74,
  0xa, 0x6c, 0x35, 0x6c, 0x6f, 0x77, 0xa, 0x32,
  0x6c, 0x6d, 0xa, 0x6c, 0x35, 0x6d, 0x65, 0x74,
  0xa, 0x6c, 0x6d, 0x33, 0x69, 0x6e, 0x67, 0xa,
  0x6c, 0x34, 0x6d, 0x6f, 0x64, 0xa, 0x6c, 0x6d,
  0x6f, 0x6e, 0x34, 0xa, 0x32, 0x6c, 0x31, 0x6e,
  0x32, 0xa, 0x33, 0x6c, 0x6f, 0x2e, 0xa, 0x6c,
  0x6f, 0x62, 0x35, 0x61, 0x6c, 0xa, 0x6c, 0x6f,
  0x34, 0x63, 0x69, 0xa, 0x34, 0x6c, 0x6f, 0x66,
  0xa, 0x33, 0x6c, 0x6f, 0x67, 0x69, 0x63, 0xa,
  0x6c, 0x35, 0x6f, 0x67, 0x6f, 0xa, 0x33, 0x6c,
  0x6f, 0x67, 0x75, 0xa, 0x6c, 0x6f, 0x6d, 0x33,
  0x65, 0x72, 0xa, 0x35, 0x6c, 0x6f, 0x6e, 0x67,
  0xa, 0x6c, 0x6f, 0x6e, 0x34, 0x69, 0xa, 0x6c,
  0x33, 0x6f, 0x33, 0x6e, 0x69, 0x7a, 0xa, 0x6c,
  0x6f, 0x6f, 0x64, 0x35, 0xa, 0x35, 0x6c, 0x6f,
  0x70, 0x65, 0x2e, 0xa, 0x6c, 0x6f, 0x70, 0x33,
  0x69, 0xa, 0x6c, 0x33, 0x6f, 0x70, 0x6d, 0xa,
  0x6c, 0x6f, 0x72, 0x61, 0x34, 0xa, 0x6c, 0x6f,
  0x34, 0x72, 0x61, 0x74, 0x6f, 0xa, 0x6c, 0x6f,
  0x35, 0x72, 0x69, 0x65, 0xa, 0x6c, 0x6f, 0x72,
  0x35, 0x6f, 0x75, 0xa, 0x35, 0x6c, 0x6f, 0x73,
  0x2e, 0xa, 0x6c, 0x6f, 0x73, 0x35, 0x65, 0x74,
  0xa, 0x35, 0x6c, 0x6f, 0x73, 0x6f, 0x70, 0x68,
  0x69, 0x7a, 0xa, 0x35, 0x6c, 0x6f, 0x73, 0x6f,
  0x70, 0x68, 0x79, 0xa, 0x6c, 0x6f, 0x73, 0x34,
  0x74, 0xa, 0x6c, 0x6f, 0x34, 0x74, 0x61, 0xa,
  0x6c, 0x6f, 0x75, 0x6e, 0x35, 0x64, 0xa, 0x32,
  0x6c, 0x6f, 0x75, 0x74, 0xa, 0x34, 0x6c, 0x6f,
  0x76, 0xa, 0x32, 0x6c, 0x70, 0xa, 0x6c, 0x70,
  0x61, 0x35, 0x62, 0xa, 0x6c, 0x33, 0x70, 0x68,
  0x61, 0xa, 0x6c, 0x35, 0x70, 0x68, 0x69, 0xa,
  0x6c, 0x70, 0x35, 0x69, 0x6e, 0x67, 0xa, 0x6c,
  0x33, 0x70, 0x69, 0x74, 0xa, 0x6c, 0x34, 0x70,
  0x6c, 0xa, 0x6c, 0x35, 0x70, 0x72, 0xa, 0x34,
  0x6c, 0x31, 0x72, 0xa, 0x32, 0x6c, 0x31, 0x73,
  0x32, 0xa, 0x6c, 0x34, 0x73, 0x63, 0xa, 0x6c,
  0x32, 0x73, 0x65, 0xa, 0x6c, 0x34, 0x73, 0x69,
  0x65, 0xa, 0x34, 0x6c, 0x74, 0xa, 0x6c, 0x74,
  0x35, 0x61, 0x67, 0xa, 0x6c, 0x74, 0x61, 0x6e,
  0x65, 0x35, 0xa, 0x6c, 0x31, 0x74, 0x65, 0xa,
  0x6c, 0x74, 0x65, 0x6e, 0x34, 0xa, 0x6c, 0x74,
  0x65, 0x72, 0x61, 0x34, 0xa, 0x6c, 0x74, 0x68,
  0x33, 0x69, 0xa, 0x6c, 0x35, 0x74, 0x69, 0x65,
  0x73, 0x2e, 0xa, 0x6c, 0x74, 0x69, 0x73, 0x34,
  0xa, 0x6c, 0x31, 0x74, 0x72, 0xa, 0x6c, 0x74,
  0x75, 0x32, 0xa, 0x6c, 0x74, 0x75, 0x72, 0x33,
  0x61, 0xa, 0x6c, 0x75, 0x35, 0x61, 0xa, 0x6c,
  0x75, 0x33, 0x62, 0x72, 0xa, 0x6c, 0x75, 0x63,
  0x68, 0x34, 0xa, 0x6c, 0x75, 0x33, 0x63, 0x69,
  0xa, 0x6c, 0x75, 0x33, 0x65, 0x6e, 0xa, 0x6c,
  0x75, 0x66, 0x34, 0xa, 0x6c, 0x75, 0x35, 0x69,
  0x64, 0xa, 0x6c, 0x75, 0x34, 0x6d, 0x61, 0xa,
  0x35, 0x6c, 0x75, 0x6d, 0x69, 0xa, 0x6c, 0x35,
  0x75, 0x6d, 0x6e, 0x2e, 0xa, 0x35, 0x6c, 0x75,
  0x6d, 0x6e, 0x69, 0x61, 0xa, 0x6c, 0x75, 0x33,
  0x6f, 0xa, 0x6c, 0x75, 0x6f, 0x33, 0x72, 0xa,
  0x34, 0x6c, 0x75, 0x70, 0xa, 0x6c, 0x75, 0x73,
  0x73, 0x34, 0xa, 0x6c, 0x75, 0x73, 0x33, 0x74,
  0x65, 0xa, 0x31, 0x6c, 0x75, 0x74, 0xa, 0x6c,
  0x35, 0x76, 0x65, 0x6e, 0xa, 0x6c, 0x35, 0x76,
  0x65, 0x74, 0x34, 0xa, 0x32, 0x6c, 0x31, 0x77,
  0xa, 0x31, 0x6c, 0x79, 0xa, 0x34, 0x6c, 0x79,
  0x61, 0xa, 0x34, 0x6c, 0x79, 0x62, 0xa, 0x6c,
  0x79, 0x35, 0x6d, 0x65, 0xa, 0x6c, 0x79, 0x33,
  0x6e, 0x6f, 0xa, 0x32, 0x6c, 0x79, 0x73, 0x34,
  0xa, 0x6c, 0x35, 0x79, 0x73, 0x65, 0xa, 0x31,
  0x6d, 0x61, 0xa, 0x32, 0x6d, 0x61, 0x62, 0xa,
  0x6d, 0x61, 0x32, 0x63, 0x61, 0xa, 0x6d, 0x61,
  0x35, 0x63, 0x68, 0x69, 0x6e, 0x65, 0xa, 0x6d,
  0x61, 0x34, 0x63, 0x6c, 0xa, 0x6d, 0x61, 0x67,
  0x35, 0x69, 0x6e, 0xa, 0x35, 0x6d, 0x61, 0x67,
  0x6e, 0xa, 0x32, 0x6d, 0x61, 0x68, 0xa, 0x6d,
  0x61, 0x69, 0x64, 0x35, 0xa, 0x34, 0x6d, 0x61,
  0x6c, 0x64, 0xa, 0x6d, 0x61, 0x33, 0x6c, 0x69,
  0x67, 0xa, 0x6d, 0x61, 0x35, 0x6c, 0x69, 0x6e,
  0xa, 0x6d, 0x61, 0x6c, 0x34, 0x6c, 0x69, 0xa,
  0x6d, 0x61, 0x6c, 0x34, 0x74, 0x79, 0xa, 0x35,
  0x6d, 0x61, 0x6e, 0x69, 0x61, 0xa, 0x6d, 0x61,
  0x6e, 0x35, 0x69, 0x73, 0xa, 0x6d, 0x61, 0x6e,
  0x33, 0x69, 0x7a, 0xa, 0x34, 0x6d, 0x61, 0x70,
  0xa, 0x6d, 0x61, 0x35, 0x72, 0x69, 0x6e, 0x65,
  0x2e, 0xa, 0x6d, 0x61, 0x35, 0x72, 0x69, 0x7a,
  0xa, 0x6d, 0x61, 0x72, 0x34, 0x6c, 0x79, 0xa,
  0x6d, 0x61, 0x72, 0x33, 0x76, 0xa, 0x6d, 0x61,
  0x35, 0x73, 0x63, 0x65, 0xa, 0x6d, 0x61, 0x73,
  0x34, 0x65, 0xa, 0x6d, 0x61, 0x73, 0x31, 0x74,
  0xa, 0x35, 0x6d, 0x61, 0x74, 0x65, 0xa, 0x6d,
  0x61, 0x74, 0x68, 0x33, 0xa, 0x6d, 0x61, 0x33,
  0x74, 0x69, 0x73, 0xa, 0x34, 0x6d, 0x61, 0x74,
  0x69, 0x7a, 0x61, 0xa, 0x34, 0x6d, 0x31, 0x62,
  0xa, 0x6d, 0x62, 0x61, 0x34, 0x74, 0x35, 0xa,
  0x6d, 0x35, 0x62, 0x69, 0x6c, 0xa, 0x6d, 0x34,
  0x62, 0x33, 0x69, 0x6e, 0x67, 0xa, 0x6d, 0x62,
  0x69, 0x34, 0x76, 0xa, 0x34, 0x6d, 0x35, 0x63,
  0xa, 0x34, 0x6d, 0x65, 0x2e, 0xa, 0x32, 0x6d,
  0x65, 0x64, 0xa, 0x34, 0x6d, 0x65, 0x64, 0x2e,
  0xa, 0x35, 0x6d, 0x65, 0x64, 0x69, 0x61, 0xa,
  0x6d, 0x65, 0x33, 0x64, 0x69, 0x65, 0xa, 0x6d,
  0x35, 0x65, 0x35, 0x64, 0x79, 0xa, 0x6d, 0x65,
  0x32, 0x67, 0xa, 0x6d, 0x65, 0x6c, 0x35, 0x6f,
  0x6e, 0xa, 0x6d, 0x65, 0x6c, 0x34, 0x74, 0xa,
  0x6d, 0x65, 0x32, 0x6d, 0xa, 0x6d, 0x65, 0x6d,
  0x31, 0x6f, 0x33, 0xa, 0x31, 0x6d, 0x65, 0x6e,
  0xa, 0x6d, 0x65, 0x6e, 0x34, 0x61, 0xa, 0x6d,
  0x65, 0x6e, 0x35, 0x61, 0x63, 0xa, 0x6d, 0x65,
  0x6e, 0x34, 0x64, 0x65, 0xa, 0x34, 0x6d, 0x65,
  0x6e, 0x65, 0xa, 0x6d, 0x65, 0x6e, 0x34, 0x69,
  0xa, 0x6d, 0x65, 0x6e, 0x73, 0x34, 0xa, 0x6d,
  0x65, 0x6e, 0x73, 0x75, 0x35, 0xa, 0x33, 0x6d,
  0x65, 0x6e, 0x74, 0xa, 0x6d, 0x65, 0x6e, 0x34,
  0x74, 0x65, 0xa, 0x6d, 0x65, 0x35, 0x6f, 0x6e,
  0xa, 0x6d, 0x35, 0x65, 0x72, 0x73, 0x61, 0xa,
  0x32, 0x6d, 0x65, 0x73, 0xa, 0x33, 0x6d, 0x65,
  0x73, 0x74, 0x69, 0xa, 0x6d, 0x65, 0x34, 0x74,
  0x61, 0xa, 0x6d, 0x65, 0x74, 0x33, 0x61, 0x6c,
  0xa, 0x6d, 0x65, 0x31, 0x74, 0x65, 0xa, 0x6d,
  0x65, 0x35, 0x74, 0x68, 0x69, 0xa, 0x6d, 0x34,
  0x65, 0x74, 0x72, 0xa, 0x35, 0x6d, 0x65, 0x74,
  0x72, 0x69, 0x63, 0xa, 0x6d, 0x65, 0x35, 0x74,
  0x72, 0x69, 0x65, 0xa, 0x6d, 0x65, 0x33, 0x74,
  0x72, 0x79, 0xa, 0x6d, 0x65, 0x34, 0x76, 0xa,
  0x34, 0x6d, 0x31, 0x66, 0xa, 0x32, 0x6d, 0x68,
  0xa, 0x35, 0x6d, 0x69, 0x2e, 0xa, 0x6d, 0x69,
  0x33, 0x61, 0xa, 0x6d, 0x69, 0x64, 0x34, 0x61,
  0xa, 0x6d, 0x69, 0x64, 0x34, 0x67, 0xa, 0x6d,
  0x69, 0x67, 0x34, 0xa, 0x33, 0x6d, 0x69, 0x6c,
  0x69, 0x61, 0xa, 0x6d, 0x35, 0x69, 0x35, 0x6c,
  0x69, 0x65, 0xa, 0x6d, 0x34, 0x69, 0x6c, 0x6c,
  0xa, 0x6d, 0x69, 0x6e, 0x34, 0x61, 0xa, 0x33,
  0x6d, 0x69, 0x6e, 0x64, 0xa, 0x6d, 0x35, 0x69,
  0x6e, 0x65, 0x65, 0xa, 0x6d, 0x34, 0x69, 0x6e,
  0x67, 0x6c, 0xa, 0x6d, 0x69, 0x6e, 0x35, 0x67,
  0x6c, 0x69, 0xa, 0x6d, 0x35, 0x69, 0x6e, 0x67,
  0x6c, 0x79, 0xa, 0x6d, 0x69, 0x6e, 0x34, 0x74,
  0xa, 0x6d, 0x34, 0x69, 0x6e, 0x75, 0xa, 0x6d,
  0x69, 0x6f, 0x74, 0x34, 0xa, 0x6d, 0x32, 0x69,
  0x73, 0xa, 0x6d, 0x69, 0x73, 0x34, 0x65, 0x72,
  0x2e, 0xa, 0x6d, 0x69, 0x73, 0x35, 0x6c, 0xa,
  0x6d, 0x69, 0x73, 0x34, 0x74, 0x69, 0xa, 0x6d,
  0x35, 0x69, 0x73, 0x74, 0x72, 0x79, 0xa, 0x34,
  0x6d, 0x69, 0x74, 0x68, 0xa, 0x6d, 0x32, 0x69,
  0x7a, 0xa, 0x34, 0x6d, 0x6b, 0xa, 0x34, 0x6d,
  0x31, 0x6c, 0xa, 0x6d, 0x31, 0x6d, 0xa, 0x6d,
  0x6d, 0x61, 0x35, 0x72, 0x79, 0xa, 0x34, 0x6d,
  0x31, 0x6e, 0xa, 0x6d, 0x6e, 0x34, 0x61, 0xa,
  0x6d, 0x34, 0x6e, 0x69, 0x6e, 0xa, 0x6d, 0x6e,
  0x34, 0x6f, 0xa, 0x31, 0x6d, 0x6f, 0xa, 0x34,
  0x6d, 0x6f, 0x63, 0x72, 0xa, 0x35, 0x6d, 0x6f,
  0x63, 0x72, 0x61, 0x74, 0x69, 0x7a, 0xa, 0x6d,
  0x6f, 0x32, 0x64, 0x31, 0xa, 0x6d, 0x6f, 0x34,
  0x67, 0x6f, 0xa, 0x6d, 0x6f, 0x69, 0x73, 0x32,
  0xa, 0x6d, 0x6f, 0x69, 0x35, 0x73, 0x65, 0xa,
  0x34, 0x6d, 0x6f, 0x6b, 0xa, 0x6d, 0x6f, 0x35,
  0x6c, 0x65, 0x73, 0x74, 0xa, 0x6d, 0x6f, 0x33,
  0x6d, 0x65, 0xa, 0x6d, 0x6f, 0x6e, 0x35, 0x65,
  0x74, 0xa, 0x6d, 0x6f, 0x6e, 0x35, 0x67, 0x65,
  0xa, 0x6d, 0x6f, 0x6e, 0x69, 0x33, 0x61, 0xa,
  0x6d, 0x6f, 0x6e, 0x34, 0x69, 0x73, 0x6d, 0xa,
  0x6d, 0x6f, 0x6e, 0x34, 0x69, 0x73, 0x74, 0xa,
  0x6d, 0x6f, 0x33, 0x6e, 0x69, 0x7a, 0xa, 0x6d,
  0x6f, 0x6e, 0x6f, 0x6c, 0x34, 0xa, 0x6d, 0x6f,
  0x33, 0x6e, 0x79, 0x2e, 0xa, 0x6d, 0x6f, 0x32,
  0x72, 0xa, 0x34, 0x6d, 0x6f, 0x72, 0x61, 0x2e,
  0xa, 0x6d, 0x6f, 0x73, 0x32, 0xa, 0x6d, 0x6f,
  0x35, 0x73, 0x65, 0x79, 0xa, 0x6d, 0x6f, 0x33,
  0x73, 0x70, 0xa, 0x6d, 0x6f, 0x74, 0x68, 0x33,
  0xa, 0x6d, 0x35, 0x6f, 0x75, 0x66, 0xa, 0x33,
  0x6d, 0x6f, 0x75, 0x73, 0xa, 0x6d, 0x6f, 0x32,
  0x76, 0xa, 0x34, 0x6d, 0x31, 0x70, 0xa, 0x6d,
  0x70, 0x61, 0x72, 0x61, 0x35, 0xa, 0x6d, 0x70,
  0x61, 0x35, 0x72, 0x61, 0x62, 0xa, 0x6d, 0x70,
  0x61, 0x72, 0x35, 0x69, 0xa, 0x6d, 0x33, 0x70,
  0x65, 0x74, 0xa, 0x6d, 0x70, 0x68, 0x61, 0x73,
  0x34, 0xa, 0x6d, 0x32, 0x70, 0x69, 0xa, 0x6d,
  0x70, 0x69, 0x34, 0x61, 0xa, 0x6d, 0x70, 0x35,
  0x69, 0x65, 0x73, 0xa, 0x6d, 0x34, 0x70, 0x31,
  0x69, 0x6e, 0xa, 0x6d, 0x35, 0x70, 0x69, 0x72,
  0xa, 0x6d, 0x70, 0x35, 0x69, 0x73, 0xa, 0x6d,
  0x70, 0x6f, 0x33, 0x72, 0x69, 0xa, 0x6d, 0x70,
  0x6f, 0x73, 0x35, 0x69, 0x74, 0x65, 0xa, 0x6d,
  0x34, 0x70, 0x6f, 0x75, 0x73, 0xa, 0x6d, 0x70,
  0x6f, 0x76, 0x35, 0xa, 0x6d, 0x70, 0x34, 0x74,
  0x72, 0xa, 0x6d, 0x32, 0x70, 0x79, 0xa, 0x34,
  0x6d, 0x33, 0x72, 0xa, 0x34, 0x6d, 0x31, 0x73,
  0x32, 0xa, 0x6d, 0x34, 0x73, 0x68, 0xa, 0x6d,
  0x35, 0x73, 0x69, 0xa, 0x34, 0x6d, 0x74, 0xa,
  0x31, 0x6d, 0x75, 0xa, 0x6d, 0x75, 0x6c, 0x61,
  0x35, 0x72, 0x34, 0xa, 0x35, 0x6d, 0x75, 0x6c,
  0x74, 0xa, 0x6d, 0x75, 0x6c, 0x74, 0x69, 0x33,
  0xa, 0x33, 0x6d, 0x75, 0x6d, 0xa, 0x6d, 0x75,
  0x6e, 0x32, 0xa, 0x34, 0x6d, 0x75, 0x70, 0xa,
  0x6d, 0x75, 0x34, 0x75, 0xa, 0x34, 0x6d, 0x77,
  0xa, 0x31, 0x6e, 0x61, 0xa, 0x32, 0x6e, 0x31,
  0x61, 0x32, 0x62, 0xa, 0x6e, 0x34, 0x61, 0x62,
  0x75, 0xa, 0x34, 0x6e, 0x61, 0x63, 0x2e, 0xa,
  0x6e, 0x61, 0x34, 0x63, 0x61, 0xa, 0x6e, 0x35,
  0x61, 0x63, 0x74, 0xa, 0x6e, 0x61, 0x67, 0x35,
  0x65, 0x72, 0x2e, 0xa, 0x6e, 0x61, 0x6b, 0x34,
  0xa, 0x6e, 0x61, 0x34, 0x6c, 0x69, 0xa, 0x6e,
  0x61, 0x35, 0x6c, 0x69, 0x61, 0xa, 0x34, 0x6e,
  0x61, 0x6c, 0x74, 0xa, 0x6e, 0x61, 0x35, 0x6d,
  0x69, 0x74, 0xa, 0x6e, 0x32, 0x61, 0x6e, 0xa,
  0x6e, 0x61, 0x6e, 0x63, 0x69, 0x34, 0xa, 0x6e,
  0x61, 0x6e, 0x34, 0x69, 0x74, 0xa, 0x6e, 0x61,
  0x6e, 0x6b, 0x34, 0xa, 0x6e, 0x61, 0x72, 0x33,
  0x63, 0xa, 0x34, 0x6e, 0x61, 0x72, 0x65, 0xa,
  0x6e, 0x61, 0x72, 0x33, 0x69, 0xa, 0x6e, 0x61,
  0x72, 0x34, 0x6c, 0xa, 0x6e, 0x35, 0x61, 0x72,
  0x6d, 0xa, 0x6e, 0x34, 0x61, 0x73, 0xa, 0x6e,
  0x61, 0x73, 0x34, 0x63, 0xa, 0x6e, 0x61, 0x73,
  0x35, 0x74, 0x69, 0xa, 0x6e, 0x32, 0x61, 0x74,
  0xa, 0x6e, 0x61, 0x33, 0x74, 0x61, 0x6c, 0xa,
  0x6e, 0x61, 0x74, 0x6f, 0x35, 0x6d, 0x69, 0x7a,
  0xa, 0x6e, 0x32, 0x61, 0x75, 0xa, 0x6e, 0x61,
  0x75, 0x33, 0x73, 0x65, 0xa, 0x33, 0x6e, 0x61,
  0x75, 0x74, 0xa, 0x6e, 0x61, 0x76, 0x34, 0x65,
  0xa, 0x34, 0x6e, 0x31, 0x62, 0x34, 0xa, 0x6e,
  0x63, 0x61, 0x72, 0x35, 0xa, 0x6e, 0x34, 0x63,
  0x65, 0x73, 0x2e, 0xa, 0x6e, 0x33, 0x63, 0x68,
  0x61, 0xa, 0x6e, 0x35, 0x63, 0x68, 0x65, 0x6f,
  0xa, 0x6e, 0x35, 0x63, 0x68, 0x69, 0x6c, 0xa,
  0x6e, 0x33, 0x63, 0x68, 0x69, 0x73, 0xa, 0x6e,
  0x63, 0x31, 0x69, 0x6e, 0xa, 0x6e, 0x63, 0x34,
  0x69, 0x74, 0xa, 0x6e, 0x63, 0x6f, 0x75, 0x72,
  0x35, 0x61, 0xa, 0x6e, 0x31, 0x63, 0x72, 0xa,
  0x6e, 0x31, 0x63, 0x75, 0xa, 0x6e, 0x34, 0x64,
  0x61, 0x69, 0xa, 0x6e, 0x35, 0x64, 0x61, 0x6e,
  0xa, 0x6e, 0x31, 0x64, 0x65, 0xa, 0x6e, 0x64,
  0x35, 0x65, 0x73, 0x74, 0x2e, 0xa, 0x6e, 0x64,
  0x69, 0x34, 0x62, 0xa, 0x6e, 0x35, 0x64, 0x32,
  0x69, 0x66, 0xa, 0x6e, 0x31, 0x64, 0x69, 0x74,
  0xa, 0x6e, 0x33, 0x64, 0x69, 0x7a, 0xa, 0x6e,
  0x35, 0x64, 0x75, 0x63, 0xa, 0x6e, 0x64, 0x75,
  0x34, 0x72, 0xa, 0x6e, 0x64, 0x32, 0x77, 0x65,
  0xa, 0x32, 0x6e, 0x65, 0x2e, 0xa, 0x6e, 0x33,
  0x65, 0x61, 0x72, 0xa, 0x6e, 0x65, 0x32, 0x62,
  0xa, 0x6e, 0x65, 0x62, 0x33, 0x75, 0xa, 0x6e,
  0x65, 0x32, 0x63, 0xa, 0x35, 0x6e, 0x65, 0x63,
  0x6b, 0xa, 0x32, 0x6e, 0x65, 0x64, 0xa, 0x6e,
  0x65, 0x34, 0x67, 0x61, 0x74, 0xa, 0x6e, 0x65,
  0x67, 0x35, 0x61, 0x74, 0x69, 0x76, 0xa, 0x35,
  0x6e, 0x65, 0x67, 0x65, 0xa, 0x6e, 0x65, 0x34,
  0x6c, 0x61, 0xa, 0x6e, 0x65, 0x6c, 0x35, 0x69,
  0x7a, 0xa, 0x6e, 0x65, 0x35, 0x6d, 0x69, 0xa,
  0x6e, 0x65, 0x34, 0x6d, 0x6f, 0xa, 0x31, 0x6e,
  0x65, 0x6e, 0xa, 0x34, 0x6e, 0x65, 0x6e, 0x65,
  0xa, 0x33, 0x6e, 0x65, 0x6f, 0xa, 0x6e, 0x65,
  0x34, 0x70, 0x6f, 0xa, 0x6e, 0x65, 0x32, 0x71,
  0xa, 0x6e, 0x31, 0x65, 0x72, 0xa, 0x6e, 0x65,
  0x72, 0x61, 0x35, 0x62, 0xa, 0x6e, 0x34, 0x65,
  0x72, 0x61, 0x72, 0xa, 0x6e, 0x32, 0x65, 0x72,
  0x65, 0xa, 0x6e, 0x34, 0x65, 0x72, 0x35, 0x69,
  0xa, 0x6e, 0x65, 0x72, 0x34, 0x72, 0xa, 0x31,
  0x6e, 0x65, 0x73, 0xa, 0x32, 0x6e, 0x65, 0x73,
  0x2e, 0xa, 0x34, 0x6e, 0x65, 0x73, 0x70, 0xa,
  0x32, 0x6e, 0x65, 0x73, 0x74, 0xa, 0x34, 0x6e,
  0x65, 0x73, 0x77, 0xa, 0x33, 0x6e, 0x65, 0x74,
  0x69, 0x63, 0xa, 0x6e, 0x65, 0x34, 0x76, 0xa,
  0x6e, 0x35, 0x65, 0x76, 0x65, 0xa, 0x6e, 0x65,
  0x34, 0x77, 0xa, 0x6e, 0x33, 0x66, 0xa, 0x6e,
  0x34, 0x67, 0x61, 0x62, 0xa, 0x6e, 0x33, 0x67,
  0x65, 0x6c, 0xa, 0x6e, 0x67, 0x65, 0x34, 0x6e,
  0x34, 0x65, 0xa, 0x6e, 0x35, 0x67, 0x65, 0x72,
  0x65, 0xa, 0x6e, 0x33, 0x67, 0x65, 0x72, 0x69,
  0xa, 0x6e, 0x67, 0x35, 0x68, 0x61, 0xa, 0x6e,
  0x33, 0x67, 0x69, 0x62, 0xa, 0x6e, 0x67, 0x31,
  0x69, 0x6e, 0xa, 0x6e, 0x35, 0x67, 0x69, 0x74,
  0xa, 0x6e, 0x34, 0x67, 0x6c, 0x61, 0xa, 0x6e,
  0x67, 0x6f, 0x76, 0x34, 0xa, 0x6e, 0x67, 0x35,
  0x73, 0x68, 0xa, 0x6e, 0x31, 0x67, 0x75, 0xa,
  0x6e, 0x34, 0x67, 0x75, 0x6d, 0xa, 0x6e, 0x32,
  0x67, 0x79, 0xa, 0x34, 0x6e, 0x31, 0x68, 0x34,
  0xa, 0x6e, 0x68, 0x61, 0x34, 0xa, 0x6e, 0x68,
  0x61, 0x62, 0x33, 0xa, 0x6e, 0x68, 0x65, 0x34,
  0xa, 0x33, 0x6e, 0x34, 0x69, 0x61, 0xa, 0x6e,
  0x69, 0x33, 0x61, 0x6e, 0xa, 0x6e, 0x69, 0x34,
  0x61, 0x70, 0xa, 0x6e, 0x69, 0x33, 0x62, 0x61,
  0xa, 0x6e, 0x69, 0x34, 0x62, 0x6c, 0xa, 0x6e,
  0x69, 0x34, 0x64, 0xa, 0x6e, 0x69, 0x35, 0x64,
  0x69, 0xa, 0x6e, 0x69, 0x34, 0x65, 0x72, 0xa,
  0x6e, 0x69, 0x32, 0x66, 0x69, 0xa, 0x6e, 0x69,
  0x35, 0x66, 0x69, 0x63, 0x61, 0x74, 0xa, 0x6e,
  0x35, 0x69, 0x67, 0x72, 0xa, 0x6e, 0x69, 0x6b,
  0x34, 0xa, 0x6e, 0x31, 0x69, 0x6d, 0xa, 0x6e,
  0x69, 0x33, 0x6d, 0x69, 0x7a, 0xa, 0x6e, 0x31,
  0x69, 0x6e, 0xa, 0x35, 0x6e, 0x69, 0x6e, 0x65,
  0x2e, 0xa, 0x6e, 0x69, 0x6e, 0x34, 0x67, 0xa,
  0x6e, 0x69, 0x34, 0x6f, 0xa, 0x35, 0x6e, 0x69,
  0x73, 0x2e, 0xa, 0x6e, 0x69, 0x73, 0x34, 0x74,
  0x61, 0xa, 0x6e, 0x32, 0x69, 0x74, 0xa, 0x6e,
  0x34, 0x69, 0x74, 0x68, 0xa, 0x33, 0x6e, 0x69,
  0x74, 0x69, 0x6f, 0xa, 0x6e, 0x33, 0x69, 0x74,
  0x6f, 0x72, 0xa, 0x6e, 0x69, 0x33, 0x74, 0x72,
  0xa, 0x6e, 0x31, 0x6a, 0xa, 0x34, 0x6e, 0x6b,
  0x32, 0xa, 0x6e, 0x35, 0x6b, 0x65, 0x72, 0x6f,
  0xa, 0x6e, 0x33, 0x6b, 0x65, 0x74, 0xa, 0x6e,
  0x6b, 0x33, 0x69, 0x6e, 0xa, 0x6e, 0x31, 0x6b,
  0x6c, 0xa, 0x34, 0x6e, 0x31, 0x6c, 0xa, 0x6e,
  0x35, 0x6d, 0xa, 0x6e, 0x6d, 0x65, 0x34, 0xa,
  0x6e, 0x6d, 0x65, 0x74, 0x34, 0xa, 0x34, 0x6e,
  0x31, 0x6e, 0x32, 0xa, 0x6e, 0x6e, 0x65, 0x34,
  0xa, 0x6e, 0x6e, 0x69, 0x33, 0x61, 0x6c, 0xa,
  0x6e, 0x6e, 0x69, 0x34, 0x76, 0xa, 0x6e, 0x6f,
  0x62, 0x34, 0x6c, 0xa, 0x6e, 0x6f, 0x33, 0x62,
  0x6c, 0x65, 0xa, 0x6e, 0x35, 0x6f, 0x63, 0x6c,
  0xa, 0x34, 0x6e, 0x33, 0x6f, 0x32, 0x64, 0xa,
  0x33, 0x6e, 0x6f, 0x65, 0xa, 0x34, 0x6e, 0x6f,
  0x67, 0xa, 0x6e, 0x6f, 0x67, 0x65, 0x34, 0xa,
  0x6e, 0x6f, 0x69, 0x73, 0x35, 0x69, 0xa, 0x6e,
  0x6f, 0x35, 0x6c, 0x34, 0x69, 0xa, 0x35, 0x6e,
  0x6f, 0x6c, 0x6f, 0x67, 0x69, 0x73, 0xa, 0x33,
  0x6e, 0x6f, 0x6d, 0x69, 0x63, 0xa, 0x6e, 0x35,
  0x6f, 0x35, 0x6d, 0x69, 0x7a, 0xa, 0x6e, 0x6f,
  0x34, 0x6d, 0x6f, 0xa, 0x6e, 0x6f, 0x33, 0x6d,
  0x79, 0xa, 0x6e, 0x6f, 0x34, 0x6e, 0xa, 0x6e,
  0x6f, 0x6e, 0x34, 0x61, 0x67, 0xa, 0x6e, 0x6f,
  0x6e, 0x35, 0x69, 0xa, 0x6e, 0x35, 0x6f, 0x6e,
  0x69, 0x7a, 0xa, 0x34, 0x6e, 0x6f, 0x70, 0xa,
  0x35, 0x6e, 0x6f, 0x70, 0x35, 0x6f, 0x35, 0x6c,
  0x69, 0xa, 0x6e, 0x6f, 0x72, 0x35, 0x61, 0x62,
  0xa, 0x6e, 0x6f, 0x34, 0x72, 0x61, 0x72, 0x79,
  0xa, 0x34, 0x6e, 0x6f, 0x73, 0x63, 0xa, 0x6e,
  0x6f, 0x73, 0x34, 0x65, 0xa, 0x6e, 0x6f, 0x73,
  0x35, 0x74, 0xa, 0x6e, 0x6f, 0x35, 0x74, 0x61,
  0xa, 0x31, 0x6e, 0x6f, 0x75, 0xa, 0x33, 0x6e,
  0x6f, 0x75, 0x6e, 0xa, 0x6e, 0x6f, 0x76, 0x33,
  0x65, 0x6c, 0x33, 0xa, 0x6e, 0x6f, 0x77, 0x6c,
  0x33, 0xa, 0x6e, 0x31, 0x70, 0x34, 0xa, 0x6e,
  0x70, 0x69, 0x34, 0xa, 0x6e, 0x70, 0x72, 0x65,
  0x34, 0x63, 0xa, 0x6e, 0x31, 0x71, 0xa, 0x6e,
  0x31, 0x72, 0xa, 0x6e, 0x72, 0x75, 0x34, 0xa,
  0x32, 0x6e, 0x31, 0x73, 0x32, 0xa, 0x6e, 0x73,
  0x35, 0x61, 0x62, 0xa, 0x6e, 0x73, 0x61, 0x74,
  0x69, 0x34, 0xa, 0x6e, 0x73, 0x34, 0x63, 0xa,
  0x6e, 0x32, 0x73, 0x65, 0xa, 0x6e, 0x34, 0x73,
  0x33, 0x65, 0x73, 0xa, 0x6e, 0x73, 0x69, 0x64,
  0x31, 0xa, 0x6e, 0x73, 0x69, 0x67, 0x34, 0xa,
  0x6e, 0x32, 0x73, 0x6c, 0xa, 0x6e, 0x73, 0x33,
  0x6d, 0xa, 0x6e, 0x34, 0x73, 0x6f, 0x63, 0xa,
  0x6e, 0x73, 0x34, 0x70, 0x65, 0xa, 0x6e, 0x35,
  0x73, 0x70, 0x69, 0xa, 0x6e, 0x73, 0x74, 0x61,
  0x35, 0x62, 0x6c, 0xa, 0x6e, 0x31, 0x74, 0xa,
  0x6e, 0x74, 0x61, 0x34, 0x62, 0xa, 0x6e, 0x74,
  0x65, 0x72, 0x33, 0x73, 0xa, 0x6e, 0x74, 0x32,
  0x69, 0xa, 0x6e, 0x35, 0x74, 0x69, 0x62, 0xa,
  0x6e, 0x74, 0x69, 0x34, 0x65, 0x72, 0xa, 0x6e,
  0x74, 0x69, 0x32, 0x66, 0xa, 0x6e, 0x33, 0x74,
  0x69, 0x6e, 0x65, 0xa, 0x6e, 0x34, 0x74, 0x33,
  0x69, 0x6e, 0x67, 0xa, 0x6e, 0x74, 0x69, 0x34,
  0x70, 0xa, 0x6e, 0x74, 0x72, 0x6f, 0x6c, 0x35,
  0x6c, 0x69, 0xa, 0x6e, 0x74, 0x34, 0x73, 0xa,
  0x6e, 0x74, 0x75, 0x33, 0x6d, 0x65, 0xa, 0x6e,
  0x75, 0x31, 0x61, 0xa, 0x6e, 0x75, 0x34, 0x64,
  0xa, 0x6e, 0x75, 0x35, 0x65, 0x6e, 0xa, 0x6e,
  0x75, 0x66, 0x34, 0x66, 0x65, 0xa, 0x6e, 0x33,
  0x75, 0x69, 0x6e, 0xa, 0x33, 0x6e, 0x75, 0x33,
  0x69, 0x74, 0xa, 0x6e, 0x34, 0x75, 0x6d, 0xa,
  0x6e, 0x75, 0x31, 0x6d, 0x65, 0xa, 0x6e, 0x35,
  0x75, 0x6d, 0x69, 0xa, 0x33, 0x6e, 0x75, 0x34,
  0x6e, 0xa, 0x6e, 0x33, 0x75, 0x6f, 0xa, 0x6e,
  0x75, 0x33, 0x74, 0x72, 0xa, 0x6e, 0x31, 0x76,
  0x32, 0xa, 0x6e, 0x31, 0x77, 0x34, 0xa, 0x6e,
  0x79, 0x6d, 0x34, 0xa, 0x6e, 0x79, 0x70, 0x34,
  0xa, 0x34, 0x6e, 0x7a, 0xa, 0x6e, 0x33, 0x7a,
  0x61, 0xa, 0x34, 0x6f, 0x61, 0xa, 0x6f, 0x61,
  0x64, 0x33, 0xa, 0x6f, 0x35, 0x61, 0x35, 0x6c,
  0x65, 0x73, 0xa, 0x6f, 0x61, 0x72, 0x64, 0x33,
  0xa, 0x6f, 0x61, 0x73, 0x34, 0x65, 0xa, 0x6f,
  0x61, 0x73, 0x74, 0x35, 0x65, 0xa, 0x6f, 0x61,
  0x74, 0x35, 0x69, 0xa, 0x6f, 0x62, 0x33, 0x61,
  0x33, 0x62, 0xa, 0x6f, 0x35, 0x62, 0x61, 0x72,
  0xa, 0x6f, 0x62, 0x65, 0x34, 0x6c, 0xa, 0x6f,
  0x31, 0x62, 0x69, 0xa, 0x6f, 0x32, 0x62, 0x69,
  0x6e, 0xa, 0x6f, 0x62, 0x35, 0x69, 0x6e, 0x67,
  0xa, 0x6f, 0x33, 0x62, 0x72, 0xa, 0x6f, 0x62,
  0x33, 0x75, 0x6c, 0xa, 0x6f, 0x31, 0x63, 0x65,
  0xa, 0x6f, 0x63, 0x68, 0x34, 0xa, 0x6f, 0x33,
  0x63, 0x68, 0x65, 0x74, 0xa, 0x6f, 0x63, 0x69,
  0x66, 0x33, 0xa, 0x6f, 0x34, 0x63, 0x69, 0x6c,
  0xa, 0x6f, 0x34, 0x63, 0x6c, 0x61, 0x6d, 0xa,
  0x6f, 0x34, 0x63, 0x6f, 0x64, 0xa, 0x6f, 0x63,
  0x33, 0x72, 0x61, 0x63, 0xa, 0x6f, 0x63, 0x35,
  0x72, 0x61, 0x74, 0x69, 0x7a, 0xa, 0x6f, 0x63,
  0x72, 0x65, 0x33, 0xa, 0x35, 0x6f, 0x63, 0x72,
  0x69, 0x74, 0xa, 0x6f, 0x63, 0x74, 0x6f, 0x72,
  0x35, 0x61, 0xa, 0x6f, 0x63, 0x33, 0x75, 0x6c,
  0x61, 0xa, 0x6f, 0x35, 0x63, 0x75, 0x72, 0x65,
  0xa, 0x6f, 0x64, 0x35, 0x64, 0x65, 0x64, 0xa,
  0x6f, 0x64, 0x33, 0x69, 0x63, 0xa, 0x6f, 0x64,
  0x69, 0x33, 0x6f, 0xa, 0x6f, 0x32, 0x64, 0x6f,
  0x34, 0xa, 0x6f, 0x64, 0x6f, 0x72, 0x33, 0xa,
  0x6f, 0x64, 0x35, 0x75, 0x63, 0x74, 0x2e, 0xa,
  0x6f, 0x64, 0x35, 0x75, 0x63, 0x74, 0x73, 0xa,
  0x6f, 0x34, 0x65, 0x6c, 0xa, 0x6f, 0x35, 0x65,
  0x6e, 0x67, 0xa, 0x6f, 0x33, 0x65, 0x72, 0xa,
  0x6f, 0x65, 0x34, 0x74, 0x61, 0xa, 0x6f, 0x33,
  0x65, 0x76, 0xa, 0x6f, 0x32, 0x66, 0x69, 0xa,
  0x6f, 0x66, 0x35, 0x69, 0x74, 0x65, 0xa, 0x6f,
  0x66, 0x69, 0x74, 0x34, 0x74, 0xa, 0x6f, 0x32,
  0x67, 0x35, 0x61, 0x35, 0x72, 0xa, 0x6f, 0x67,
  0x35, 0x61, 0x74, 0x69, 0x76, 0xa, 0x6f, 0x34,
  0x67, 0x61, 0x74, 0x6f, 0xa, 0x6f, 0x31, 0x67,
  0x65, 0xa, 0x6f, 0x35, 0x67, 0x65, 0x6e, 0x65,
  0xa, 0x6f, 0x35, 0x67, 0x65, 0x6f, 0xa, 0x6f,
  0x34, 0x67, 0x65, 0x72, 0xa, 0x6f, 0x33, 0x67,
  0x69, 0x65, 0xa, 0x31, 0x6f, 0x31, 0x67, 0x69,
  0x73, 0xa, 0x6f, 0x67, 0x33, 0x69, 0x74, 0xa,
  0x6f, 0x34, 0x67, 0x6c, 0xa, 0x6f, 0x35, 0x67,
  0x32, 0x6c, 0x79, 0xa, 0x33, 0x6f, 0x67, 0x6e,
  0x69, 0x7a, 0xa, 0x6f, 0x34, 0x67, 0x72, 0x6f,
  0xa, 0x6f, 0x67, 0x75, 0x35, 0x69, 0xa, 0x31,
  0x6f, 0x67, 0x79, 0xa, 0x32, 0x6f, 0x67, 0x79,
  0x6e, 0xa, 0x6f, 0x31, 0x68, 0x32, 0xa, 0x6f,
  0x68, 0x61, 0x62, 0x35, 0xa, 0x6f, 0x69, 0x32,
  0xa, 0x6f, 0x69, 0x63, 0x33, 0x65, 0x73, 0xa,
  0x6f, 0x69, 0x33, 0x64, 0x65, 0x72, 0xa, 0x6f,
  0x69, 0x66, 0x66, 0x34, 0xa, 0x6f, 0x69, 0x67,
  0x34, 0xa, 0x6f, 0x69, 0x35, 0x6c, 0x65, 0x74,
  0xa, 0x6f, 0x33, 0x69, 0x6e, 0x67, 0xa, 0x6f,
  0x69, 0x6e, 0x74, 0x35, 0x65, 0x72, 0xa, 0x6f,
  0x35, 0x69, 0x73, 0x6d, 0xa, 0x6f, 0x69, 0x35,
  0x73, 0x6f, 0x6e, 0xa, 0x6f, 0x69, 0x73, 0x74,
  0x35, 0x65, 0x6e, 0xa, 0x6f, 0x69, 0x33, 0x74,
  0x65, 0x72, 0xa, 0x6f, 0x35, 0x6a, 0xa, 0x32,
  0x6f, 0x6b, 0xa, 0x6f, 0x33, 0x6b, 0x65, 0x6e,
  0xa, 0x6f, 0x6b, 0x35, 0x69, 0x65, 0xa, 0x6f,
  0x31, 0x6c, 0x61, 0xa, 0x6f, 0x34, 0x6c, 0x61,
  0x6e, 0xa, 0x6f, 0x6c, 0x61, 0x73, 0x73, 0x34,
  0xa, 0x6f, 0x6c, 0x32, 0x64, 0xa, 0x6f, 0x6c,
  0x64, 0x31, 0x65, 0xa, 0x6f, 0x6c, 0x33, 0x65,
  0x72, 0xa, 0x6f, 0x33, 0x6c, 0x65, 0x73, 0x63,
  0xa, 0x6f, 0x33, 0x6c, 0x65, 0x74, 0xa, 0x6f,
  0x6c, 0x34, 0x66, 0x69, 0xa, 0x6f, 0x6c, 0x32,
  0x69, 0xa, 0x6f, 0x33, 0x6c, 0x69, 0x61, 0xa,
  0x6f, 0x33, 0x6c, 0x69, 0x63, 0x65, 0xa, 0x6f,
  0x6c, 0x35, 0x69, 0x64, 0x2e, 0xa, 0x6f, 0x33,
  0x6c, 0x69, 0x34, 0x66, 0xa, 0x6f, 0x35, 0x6c,
  0x69, 0x6c, 0xa, 0x6f, 0x6c, 0x33, 0x69, 0x6e,
  0x67, 0xa, 0x6f, 0x35, 0x6c, 0x69, 0x6f, 0xa,
  0x6f, 0x35, 0x6c, 0x69, 0x73, 0x2e, 0xa, 0x6f,
  0x6c, 0x33, 0x69, 0x73, 0x68, 0xa, 0x6f, 0x35,
  0x6c, 0x69, 0x74, 0x65, 0xa, 0x6f, 0x35, 0x6c,
  0x69, 0x74, 0x69, 0x6f, 0xa, 0x6f, 0x35, 0x6c,
  0x69, 0x76, 0xa, 0x6f, 0x6c, 0x6c, 0x69, 0x34,
  0x65, 0xa, 0x6f, 0x6c, 0x35, 0x6f, 0x67, 0x69,
  0x7a, 0xa, 0x6f, 0x6c, 0x6f, 0x34, 0x72, 0xa,
  0x6f, 0x6c, 0x35, 0x70, 0x6c, 0xa, 0x6f, 0x6c,
  0x32, 0x74, 0xa, 0x6f, 0x6c, 0x33, 0x75, 0x62,
  0xa, 0x6f, 0x6c, 0x33, 0x75, 0x6d, 0x65, 0xa,
  0x6f, 0x6c, 0x33, 0x75, 0x6e, 0xa, 0x6f, 0x35,
  0x6c, 0x75, 0x73, 0xa, 0x6f, 0x6c, 0x32, 0x76,
  0xa, 0x6f, 0x32, 0x6c, 0x79, 0xa, 0x6f, 0x6d,
  0x35, 0x61, 0x68, 0xa, 0x6f, 0x6d, 0x61, 0x35,
  0x6c, 0xa, 0x6f, 0x6d, 0x35, 0x61, 0x74, 0x69,
  0x7a, 0xa, 0x6f, 0x6d, 0x32, 0x62, 0x65, 0xa,
  0x6f, 0x6d, 0x34, 0x62, 0x6c, 0xa, 0x6f, 0x32,
  0x6d, 0x65, 0xa, 0x6f, 0x6d, 0x33, 0x65, 0x6e,
  0x61, 0xa, 0x6f, 0x6d, 0x35, 0x65, 0x72, 0x73,
  0x65, 0xa, 0x6f, 0x34, 0x6d, 0x65, 0x74, 0xa,
  0x6f, 0x6d, 0x35, 0x65, 0x74, 0x72, 0x79, 0xa,
  0x6f, 0x33, 0x6d, 0x69, 0x61, 0xa, 0x6f, 0x6d,
  0x33, 0x69, 0x63, 0x2e, 0xa, 0x6f, 0x6d, 0x33,
  0x69, 0x63, 0x61, 0xa, 0x6f, 0x35, 0x6d, 0x69,
  0x64, 0xa, 0x6f, 0x6d, 0x31, 0x69, 0x6e, 0xa,
  0x6f, 0x35, 0x6d, 0x69, 0x6e, 0x69, 0xa, 0x35,
  0x6f, 0x6d, 0x6d, 0x65, 0x6e, 0x64, 0xa, 0x6f,
  0x6d, 0x6f, 0x34, 0x67, 0x65, 0xa, 0x6f, 0x34,
  0x6d, 0x6f, 0x6e, 0xa, 0x6f, 0x6d, 0x33, 0x70,
  0x69, 0xa, 0x6f, 0x6d, 0x70, 0x72, 0x6f, 0x35,
  0xa, 0x6f, 0x32, 0x6e, 0xa, 0x6f, 0x6e, 0x31,
  0x61, 0xa, 0x6f, 0x6e, 0x34, 0x61, 0x63, 0xa,
  0x6f, 0x33, 0x6e, 0x61, 0x6e, 0xa, 0x6f, 0x6e,
  0x31, 0x63, 0xa, 0x33, 0x6f, 0x6e, 0x63, 0x69,
  0x6c, 0xa, 0x32, 0x6f, 0x6e, 0x64, 0xa, 0x6f,
  0x6e, 0x35, 0x64, 0x6f, 0xa, 0x6f, 0x33, 0x6e,
  0x65, 0x6e, 0xa, 0x6f, 0x6e, 0x35, 0x65, 0x73,
  0x74, 0xa, 0x6f, 0x6e, 0x34, 0x67, 0x75, 0xa,
  0x6f, 0x6e, 0x31, 0x69, 0x63, 0xa, 0x6f, 0x33,
  0x6e, 0x69, 0x6f, 0xa, 0x6f, 0x6e, 0x31, 0x69,
  0x73, 0xa, 0x6f, 0x35, 0x6e, 0x69, 0x75, 0xa,
  0x6f, 0x6e, 0x33, 0x6b, 0x65, 0x79, 0xa, 0x6f,
  0x6e, 0x34, 0x6f, 0x64, 0x69, 0xa, 0x6f, 0x6e,
  0x33, 0x6f, 0x6d, 0x79, 0xa, 0x6f, 0x6e, 0x33,
  0x73, 0xa, 0x6f, 0x6e, 0x73, 0x70, 0x69, 0x34,
  0xa, 0x6f, 0x6e, 0x73, 0x70, 0x69, 0x72, 0x35,
  0x61, 0xa, 0x6f, 0x6e, 0x73, 0x75, 0x34, 0xa,
  0x6f, 0x6e, 0x74, 0x65, 0x6e, 0x34, 0xa, 0x6f,
  0x6e, 0x33, 0x74, 0x34, 0x69, 0xa, 0x6f, 0x6e,
  0x74, 0x69, 0x66, 0x35, 0xa, 0x6f, 0x6e, 0x35,
  0x75, 0x6d, 0xa, 0x6f, 0x6e, 0x76, 0x61, 0x35,
  0xa, 0x6f, 0x6f, 0x32, 0xa, 0x6f, 0x6f, 0x64,
  0x35, 0x65, 0xa, 0x6f, 0x6f, 0x64, 0x35, 0x69,
  0xa, 0x6f, 0x6f, 0x34, 0x6b, 0xa, 0x6f, 0x6f,
  0x70, 0x33, 0x69, 0xa, 0x6f, 0x33, 0x6f, 0x72,
  0x64, 0xa, 0x6f, 0x6f, 0x73, 0x74, 0x35, 0xa,
  0x6f, 0x32, 0x70, 0x61, 0xa, 0x6f, 0x70, 0x65,
  0x35, 0x64, 0xa, 0x6f, 0x70, 0x31, 0x65, 0x72,
  0xa, 0x33, 0x6f, 0x70, 0x65, 0x72, 0x61, 0xa,
  0x34, 0x6f, 0x70, 0x65, 0x72, 0x61, 0x67, 0xa,
  0x32, 0x6f, 0x70, 0x68, 0xa, 0x6f, 0x35, 0x70,
  0x68, 0x61, 0x6e, 0xa, 0x6f, 0x35, 0x70, 0x68,
  0x65, 0x72, 0xa, 0x6f, 0x70, 0x33, 0x69, 0x6e,
  0x67, 0xa, 0x6f, 0x33, 0x70, 0x69, 0x74, 0xa,
  0x6f, 0x35, 0x70, 0x6f, 0x6e, 0xa, 0x6f, 0x34,
  0x70, 0x6f, 0x73, 0x69, 0xa, 0x6f, 0x31, 0x70,
  0x72, 0xa, 0x6f, 0x70, 0x31, 0x75, 0xa, 0x6f,
  0x70, 0x79, 0x35, 0xa, 0x6f, 0x31, 0x71, 0xa,
  0x6f, 0x31, 0x72, 0x61, 0xa, 0x6f, 0x35, 0x72,
  0x61, 0x2e, 0xa, 0x6f, 0x34, 0x72, 0x33, 0x61,
  0x67, 0xa, 0x6f, 0x72, 0x35, 0x61, 0x6c, 0x69,
  0x7a, 0xa, 0x6f, 0x72, 0x35, 0x61, 0x6e, 0x67,
  0x65, 0xa, 0x6f, 0x72, 0x65, 0x35, 0x61, 0xa,
  0x6f, 0x35, 0x72, 0x65, 0x61, 0x6c, 0xa, 0x6f,
  0x72, 0x33, 0x65, 0x69, 0xa, 0x6f, 0x72, 0x65,
  0x35, 0x73, 0x68, 0xa, 0x6f, 0x72, 0x35, 0x65,
  0x73, 0x74, 0x2e, 0xa, 0x6f, 0x72, 0x65, 0x77,
  0x34, 0xa, 0x6f, 0x72, 0x34, 0x67, 0x75, 0xa,
  0x34, 0x6f, 0x35, 0x72, 0x69, 0x61, 0xa, 0x6f,
  0x72, 0x33, 0x69, 0x63, 0x61, 0xa, 0x6f, 0x35,
  0x72, 0x69, 0x6c, 0xa, 0x6f, 0x72, 0x31, 0x69,
  0x6e, 0xa, 0x6f, 0x31, 0x72, 0x69, 0x6f, 0xa,
  0x6f, 0x72, 0x33, 0x69, 0x74, 0x79, 0xa, 0x6f,
  0x33, 0x72, 0x69, 0x75, 0xa, 0x6f, 0x72, 0x32,
  0x6d, 0x69, 0xa, 0x6f, 0x72, 0x6e, 0x32, 0x65,
  0xa, 0x6f, 0x35, 0x72, 0x6f, 0x66, 0xa, 0x6f,
  0x72, 0x33, 0x6f, 0x75, 0x67, 0xa, 0x6f, 0x72,
  0x35, 0x70, 0x65, 0xa, 0x33, 0x6f, 0x72, 0x72,
  0x68, 0xa, 0x6f, 0x72, 0x34, 0x73, 0x65, 0xa,
  0x6f, 0x72, 0x73, 0x35, 0x65, 0x6e, 0xa, 0x6f,
  0x72, 0x73, 0x74, 0x34, 0xa, 0x6f, 0x72, 0x33,
  0x74, 0x68, 0x69, 0xa, 0x6f, 0x72, 0x33, 0x74,
  0x68, 0x79, 0xa, 0x6f, 0x72, 0x34, 0x74, 0x79,
  0xa, 0x6f, 0x35, 0x72, 0x75, 0x6d, 0xa, 0x6f,
  0x31, 0x72, 0x79, 0xa, 0x6f, 0x73, 0x33, 0x61,
  0x6c, 0xa, 0x6f, 0x73, 0x32, 0x63, 0xa, 0x6f,
  0x73, 0x34, 0x63, 0x65, 0xa, 0x6f, 0x33, 0x73,
  0x63, 0x6f, 0x70, 0xa, 0x34, 0x6f, 0x73, 0x63,
  0x6f, 0x70, 0x69, 0xa, 0x6f, 0x35, 0x73, 0x63,
  0x72, 0xa, 0x6f, 0x73, 0x34, 0x69, 0x34, 0x65,
  0xa, 0x6f, 0x73, 0x35, 0x69, 0x74, 0x69, 0x76,
  0xa, 0x6f, 0x73, 0x33, 0x69, 0x74, 0x6f, 0xa,
  0x6f, 0x73, 0x33, 0x69, 0x74, 0x79, 0xa, 0x6f,
  0x73, 0x69, 0x34, 0x75, 0xa, 0x6f, 0x73, 0x34,
  0x6c, 0xa, 0x6f, 0x32, 0x73, 0x6f, 0xa, 0x6f,
  0x73, 0x34, 0x70, 0x61, 0xa, 0x6f, 0x73, 0x34,
  0x70, 0x6f, 0xa, 0x6f, 0x73, 0x32, 0x74, 0x61,
  0xa, 0x6f, 0x35, 0x73, 0x74, 0x61, 0x74, 0x69,
  0xa, 0x6f, 0x73, 0x35, 0x74, 0x69, 0x6c, 0xa,
  0x6f, 0x73, 0x35, 0x74, 0x69, 0x74, 0xa, 0x6f,
  0x34, 0x74, 0x61, 0x6e, 0xa, 0x6f, 0x74, 0x65,
  0x6c, 0x65, 0x34, 0x67, 0xa, 0x6f, 0x74, 0x33,
  0x65, 0x72, 0x2e, 0xa, 0x6f, 0x74, 0x35, 0x65,
  0x72, 0x73, 0xa, 0x6f, 0x34, 0x74, 0x65, 0x73,
  0xa, 0x34, 0x6f, 0x74, 0x68, 0xa, 0x6f, 0x74,
  0x68, 0x35, 0x65, 0x73, 0x69, 0xa, 0x6f, 0x74,
  0x68, 0x33, 0x69, 0x34, 0xa, 0x6f, 0x74, 0x33,
  0x69, 0x63, 0x2e, 0xa, 0x6f, 0x74, 0x35, 0x69,
  0x63, 0x61, 0xa, 0x6f, 0x33, 0x74, 0x69, 0x63,
  0x65, 0xa, 0x6f, 0x33, 0x74, 0x69, 0x66, 0xa,
  0x6f, 0x33, 0x74, 0x69, 0x73, 0xa, 0x6f, 0x74,
  0x6f, 0x35, 0x73, 0xa, 0x6f, 0x75, 0x32, 0xa,
  0x6f, 0x75, 0x33, 0x62, 0x6c, 0xa, 0x6f, 0x75,
  0x63, 0x68, 0x35, 0x69, 0xa, 0x6f, 0x75, 0x35,
  0x65, 0x74, 0xa, 0x6f, 0x75, 0x34, 0x6c, 0xa,
  0x6f, 0x75, 0x6e, 0x63, 0x35, 0x65, 0x72, 0xa,
  0x6f, 0x75, 0x6e, 0x32, 0x64, 0xa, 0x6f, 0x75,
  0x35, 0x76, 0xa, 0x6f, 0x76, 0x34, 0x65, 0x6e,
  0xa, 0x6f, 0x76, 0x65, 0x72, 0x34, 0x6e, 0x65,
  0xa, 0x6f, 0x76, 0x65, 0x72, 0x33, 0x73, 0xa,
  0x6f, 0x76, 0x34, 0x65, 0x72, 0x74, 0xa, 0x6f,
  0x33, 0x76, 0x69, 0x73, 0xa, 0x6f, 0x76, 0x69,
  0x74, 0x69, 0x34, 0xa, 0x6f, 0x35, 0x76, 0x34,
  0x6f, 0x6c, 0xa, 0x6f, 0x77, 0x33, 0x64, 0x65,
  0x72, 0xa, 0x6f, 0x77, 0x33, 0x65, 0x6c, 0xa,
  0x6f, 0x77, 0x35, 0x65, 0x73, 0x74, 0xa, 0x6f,
  0x77, 0x31, 0x69, 0xa, 0x6f, 0x77, 0x6e, 0x35,
  0x69, 0xa, 0x6f, 0x34, 0x77, 0x6f, 0xa, 0x6f,
  0x79, 0x31, 0x61, 0xa, 0x31, 0x70, 0x61, 0xa,
  0x70, 0x61, 0x34, 0x63, 0x61, 0xa, 0x70, 0x61,
  0x34, 0x63, 0x65, 0xa, 0x70, 0x61, 0x63, 0x34,
  0x74, 0xa, 0x70, 0x34, 0x61, 0x64, 0xa, 0x35,
  0x70, 0x61, 0x67, 0x61, 0x6e, 0xa, 0x70, 0x33,
  0x61, 0x67, 0x61, 0x74, 0xa, 0x70, 0x34, 0x61,
  0x69, 0xa, 0x70, 0x61, 0x69, 0x6e, 0x34, 0xa,
  0x70, 0x34, 0x61, 0x6c, 0xa, 0x70, 0x61, 0x6e,
  0x34, 0x61, 0xa, 0x70, 0x61, 0x6e, 0x33, 0x65,
  0x6c, 0xa, 0x70, 0x61, 0x6e, 0x34, 0x74, 0x79,
  0xa, 0x70, 0x61, 0x33, 0x6e, 0x79, 0xa, 0x70,
  0x61, 0x31, 0x70, 0xa, 0x70, 0x61, 0x34, 0x70,
  0x75, 0xa, 0x70, 0x61, 0x72, 0x61, 0x35, 0x62,
  0x6c, 0xa, 0x70, 0x61, 0x72, 0x35, 0x61, 0x67,
  0x65, 0xa, 0x70, 0x61, 0x72, 0x35, 0x64, 0x69,
  0xa, 0x33, 0x70, 0x61, 0x72, 0x65, 0xa, 0x70,
  0x61, 0x72, 0x35, 0x65, 0x6c, 0xa, 0x70, 0x34,
  0x61, 0x34, 0x72, 0x69, 0xa, 0x70, 0x61, 0x72,
  0x34, 0x69, 0x73, 0xa, 0x70, 0x61, 0x32, 0x74,
  0x65, 0xa, 0x70, 0x61, 0x35, 0x74, 0x65, 0x72,
  0xa, 0x35, 0x70, 0x61, 0x74, 0x68, 0x69, 0x63,
  0xa, 0x70, 0x61, 0x35, 0x74, 0x68, 0x79, 0xa,
  0x70, 0x61, 0x34, 0x74, 0x72, 0x69, 0x63, 0xa,
  0x70, 0x61, 0x76, 0x34, 0xa, 0x33, 0x70, 0x61,
  0x79, 0xa, 0x34, 0x70, 0x31, 0x62, 0xa, 0x70,
  0x64, 0x34, 0xa, 0x34, 0x70, 0x65, 0x2e, 0xa,
  0x33, 0x70, 0x65, 0x34, 0x61, 0xa, 0x70, 0x65,
  0x61, 0x72, 0x34, 0x6c, 0xa, 0x70, 0x65, 0x32,
  0x63, 0xa, 0x32, 0x70, 0x32, 0x65, 0x64, 0xa,
  0x33, 0x70, 0x65, 0x64, 0x65, 0xa, 0x33, 0x70,
  0x65, 0x64, 0x69, 0xa, 0x70, 0x65, 0x64, 0x69,
  0x61, 0x34, 0xa, 0x70, 0x65, 0x64, 0x34, 0x69,
  0x63, 0xa, 0x70, 0x34, 0x65, 0x65, 0xa, 0x70,
  0x65, 0x65, 0x34, 0x64, 0xa, 0x70, 0x65, 0x6b,
  0x34, 0xa, 0x70, 0x65, 0x34, 0x6c, 0x61, 0xa,
  0x70, 0x65, 0x6c, 0x69, 0x34, 0x65, 0xa, 0x70,
  0x65, 0x34, 0x6e, 0x61, 0x6e, 0xa, 0x70, 0x34,
  0x65, 0x6e, 0x63, 0xa, 0x70, 0x65, 0x6e, 0x34,
  0x74, 0x68, 0xa, 0x70, 0x65, 0x35, 0x6f, 0x6e,
  0xa, 0x70, 0x34, 0x65, 0x72, 0x61, 0x2e, 0xa,
  0x70, 0x65, 0x72, 0x61, 0x35, 0x62, 0x6c, 0xa,
  0x70, 0x34, 0x65, 0x72, 0x61, 0x67, 0xa, 0x70,
  0x34, 0x65, 0x72, 0x69, 0xa, 0x70, 0x65, 0x72,
  0x69, 0x35, 0x73, 0x74, 0xa, 0x70, 0x65, 0x72,
  0x34, 0x6d, 0x61, 0x6c, 0xa, 0x70, 0x65, 0x72,
  0x6d, 0x65, 0x35, 0xa, 0x70, 0x34, 0x65, 0x72,
  0x6e, 0xa, 0x70, 0x65, 0x72, 0x33, 0x6f, 0xa,
  0x70, 0x65, 0x72, 0x33, 0x74, 0x69, 0xa, 0x70,
  0x65, 0x35, 0x72, 0x75, 0xa, 0x70, 0x65, 0x72,
  0x31, 0x76, 0xa, 0x70, 0x65, 0x32, 0x74, 0xa,
  0x70, 0x65, 0x35, 0x74, 0x65, 0x6e, 0xa, 0x70,
  0x65, 0x35, 0x74, 0x69, 0x7a, 0xa, 0x34, 0x70,
  0x66, 0xa, 0x34, 0x70, 0x67, 0xa, 0x34, 0x70,
  0x68, 0x2e, 0xa, 0x70, 0x68, 0x61, 0x72, 0x35,
  0x69, 0xa, 0x70, 0x68, 0x65, 0x33, 0x6e, 0x6f,
  0xa, 0x70, 0x68, 0x34, 0x65, 0x72, 0xa, 0x70,
  0x68, 0x34, 0x65, 0x73, 0x2e, 0xa, 0x70, 0x68,
  0x31, 0x69, 0x63, 0xa, 0x35, 0x70, 0x68, 0x69,
  0x65, 0xa, 0x70, 0x68, 0x35, 0x69, 0x6e, 0x67,
  0xa, 0x35, 0x70, 0x68, 0x69, 0x73, 0x74, 0x69,
  0xa, 0x33, 0x70, 0x68, 0x69, 0x7a, 0xa, 0x70,
  0x68, 0x32, 0x6c, 0xa, 0x33, 0x70, 0x68, 0x6f,
  0x62, 0xa, 0x33, 0x70, 0x68, 0x6f, 0x6e, 0x65,
  0xa, 0x35, 0x70, 0x68, 0x6f, 0x6e, 0x69, 0xa,
  0x70, 0x68, 0x6f, 0x34, 0x72, 0xa, 0x34, 0x70,
  0x68, 0x73, 0xa, 0x70, 0x68, 0x33, 0x74, 0xa,
  0x35, 0x70, 0x68, 0x75, 0xa, 0x31, 0x70, 0x68,
  0x79, 0xa, 0x70, 0x69, 0x33, 0x61, 0xa, 0x70,
  0x69, 0x61, 0x6e, 0x34, 0xa, 0x70, 0x69, 0x34,
  0x63, 0x69, 0x65, 0xa, 0x70, 0x69, 0x34, 0x63,
  0x79, 0xa, 0x70, 0x34, 0x69, 0x64, 0xa, 0x70,
  0x35, 0x69, 0x64, 0x61, 0xa, 0x70, 0x69, 0x33,
  0x64, 0x65, 0xa, 0x35, 0x70, 0x69, 0x64, 0x69,
  0xa, 0x33, 0x70, 0x69, 0x65, 0x63, 0xa, 0x70,
  0x69, 0x33, 0x65, 0x6e, 0xa, 0x70, 0x69, 0x34,
  0x67, 0x72, 0x61, 0x70, 0xa, 0x70, 0x69, 0x33,
  0x6c, 0x6f, 0xa, 0x70, 0x69, 0x32, 0x6e, 0xa,
  0x70, 0x34, 0x69, 0x6e, 0x2e, 0xa, 0x70, 0x69,
  0x6e, 0x64, 0x34, 0xa, 0x70, 0x34, 0x69, 0x6e,
  0x6f, 0xa, 0x33, 0x70, 0x69, 0x31, 0x6f, 0xa,
  0x70, 0x69, 0x6f, 0x6e, 0x34, 0xa, 0x70, 0x33,
  0x69, 0x74, 0x68, 0xa, 0x70, 0x69, 0x35, 0x74,
  0x68, 0x61, 0xa, 0x70, 0x69, 0x32, 0x74, 0x75,
  0xa, 0x32, 0x70, 0x33, 0x6b, 0x32, 0xa, 0x31,
  0x70, 0x32, 0x6c, 0x32, 0xa, 0x33, 0x70, 0x6c,
  0x61, 0x6e, 0xa, 0x70, 0x6c, 0x61, 0x73, 0x35,
  0x74, 0xa, 0x70, 0x6c, 0x69, 0x33, 0x61, 0xa,
  0x70, 0x6c, 0x69, 0x35, 0x65, 0x72, 0xa, 0x34,
  0x70, 0x6c, 0x69, 0x67, 0xa, 0x70, 0x6c, 0x69,
  0x34, 0x6e, 0xa, 0x70, 0x6c, 0x6f, 0x69, 0x34,
  0xa, 0x70, 0x6c, 0x75, 0x34, 0x6d, 0xa, 0x70,
  0x6c, 0x75, 0x6d, 0x34, 0x62, 0xa, 0x34, 0x70,
  0x31, 0x6d, 0xa, 0x32, 0x70, 0x33, 0x6e, 0xa,
  0x70, 0x6f, 0x34, 0x63, 0xa, 0x35, 0x70, 0x6f,
  0x64, 0x2e, 0xa, 0x70, 0x6f, 0x35, 0x65, 0x6d,
  0xa, 0x70, 0x6f, 0x33, 0x65, 0x74, 0x35, 0xa,
  0x35, 0x70, 0x6f, 0x34, 0x67, 0xa, 0x70, 0x6f,
  0x69, 0x6e, 0x32, 0xa, 0x35, 0x70, 0x6f, 0x69,
  0x6e, 0x74, 0xa, 0x70, 0x6f, 0x6c, 0x79, 0x35,
  0x74, 0xa, 0x70, 0x6f, 0x34, 0x6e, 0x69, 0xa,
  0x70, 0x6f, 0x34, 0x70, 0xa, 0x31, 0x70, 0x34,
  0x6f, 0x72, 0xa, 0x70, 0x6f, 0x34, 0x72, 0x79,
  0xa, 0x31, 0x70, 0x6f, 0x73, 0xa, 0x70, 0x6f,
  0x73, 0x31, 0x73, 0xa, 0x70, 0x34, 0x6f, 0x74,
  0xa, 0x70, 0x6f, 0x34, 0x74, 0x61, 0xa, 0x35,
  0x70, 0x6f, 0x75, 0x6e, 0xa, 0x34, 0x70, 0x31,
  0x70, 0xa, 0x70, 0x70, 0x61, 0x35, 0x72, 0x61,
  0xa, 0x70, 0x32, 0x70, 0x65, 0xa, 0x70, 0x34,
  0x70, 0x65, 0x64, 0xa, 0x70, 0x35, 0x70, 0x65,
  0x6c, 0xa, 0x70, 0x33, 0x70, 0x65, 0x6e, 0xa,
  0x70, 0x33, 0x70, 0x65, 0x72, 0xa, 0x70, 0x33,
  0x70, 0x65, 0x74, 0xa, 0x70, 0x70, 0x6f, 0x35,
  0x73, 0x69, 0x74, 0x65, 0xa, 0x70, 0x72, 0x32,
  0xa, 0x70, 0x72, 0x61, 0x79, 0x34, 0x65, 0xa,
  0x35, 0x70, 0x72, 0x65, 0x63, 0x69, 0xa, 0x70,
  0x72, 0x65, 0x35, 0x63, 0x6f, 0xa, 0x70, 0x72,
  0x65, 0x33, 0x65, 0x6d, 0xa, 0x70, 0x72, 0x65,
  0x66, 0x35, 0x61, 0x63, 0xa, 0x70, 0x72, 0x65,
  0x34, 0x6c, 0x61, 0xa, 0x70, 0x72, 0x65, 0x33,
  0x72, 0xa, 0x70, 0x33, 0x72, 0x65, 0x73, 0x65,
  0xa, 0x33, 0x70, 0x72, 0x65, 0x73, 0x73, 0xa,
  0x70, 0x72, 0x65, 0x35, 0x74, 0x65, 0x6e, 0xa,
  0x70, 0x72, 0x65, 0x33, 0x76, 0xa, 0x35, 0x70,
  0x72, 0x69, 0x34, 0x65, 0xa, 0x70, 0x72, 0x69,
  0x6e, 0x34, 0x74, 0x33, 0xa, 0x70, 0x72, 0x69,
  0x34, 0x73, 0xa, 0x70, 0x72, 0x69, 0x73, 0x33,
  0x6f, 0xa, 0x70, 0x33, 0x72, 0x6f, 0x63, 0x61,
  0xa, 0x70, 0x72, 0x6f, 0x66, 0x35, 0x69, 0x74,
  0xa, 0x70, 0x72, 0x6f, 0x33, 0x6c, 0xa, 0x70,
  0x72, 0x6f, 0x73, 0x33, 0x65, 0xa, 0x70, 0x72,
  0x6f, 0x31, 0x74, 0xa, 0x32, 0x70, 0x31, 0x73,
  0x32, 0xa, 0x70, 0x32, 0x73, 0x65, 0xa, 0x70,
  0x73, 0x34, 0x68, 0xa, 0x70, 0x34, 0x73, 0x69,
  0x62, 0xa, 0x32, 0x70, 0x31, 0x74, 0xa, 0x70,
  0x74, 0x35, 0x61, 0x34, 0x62, 0xa, 0x70, 0x32,
  0x74, 0x65, 0xa, 0x70, 0x32, 0x74, 0x68, 0xa,
  0x70, 0x74, 0x69, 0x33, 0x6d, 0xa, 0x70, 0x74,
  0x75, 0x34, 0x72, 0xa, 0x70, 0x34, 0x74, 0x77,
  0xa, 0x70, 0x75, 0x62, 0x33, 0xa, 0x70, 0x75,
  0x65, 0x34, 0xa, 0x70, 0x75, 0x66, 0x34, 0xa,
  0x70, 0x75, 0x6c, 0x33, 0x63, 0xa, 0x70, 0x75,
  0x34, 0x6d, 0xa, 0x70, 0x75, 0x32, 0x6e, 0xa,
  0x70, 0x75, 0x72, 0x34, 0x72, 0xa, 0x35, 0x70,
  0x75, 0x73, 0xa, 0x70, 0x75, 0x32, 0x74, 0xa,
  0x35, 0x70, 0x75, 0x74, 0x65, 0xa, 0x70, 0x75,
  0x74, 0x33, 0x65, 0x72, 0xa, 0x70, 0x75, 0x33,
  0x74, 0x72, 0xa, 0x70, 0x75, 0x74, 0x34, 0x74,
  0x65, 0x64, 0xa, 0x70, 0x75, 0x74, 0x34, 0x74,
  0x69, 0x6e, 0xa, 0x70, 0x33, 0x77, 0xa, 0x71,
  0x75, 0x32, 0xa, 0x71, 0x75, 0x61, 0x35, 0x76,
  0xa, 0x32, 0x71, 0x75, 0x65, 0x2e, 0xa, 0x33,
  0x71, 0x75, 0x65, 0x72, 0xa, 0x33, 0x71, 0x75,
  0x65, 0x74, 0xa, 0x32, 0x72, 0x61, 0x62, 0xa,
  0x72, 0x61, 0x33, 0x62, 0x69, 0xa, 0x72, 0x61,
  0x63, 0x68, 0x34, 0x65, 0xa, 0x72, 0x35, 0x61,
  0x63, 0x6c, 0xa, 0x72, 0x61, 0x66, 0x35, 0x66,
  0x69, 0xa, 0x72, 0x61, 0x66, 0x34, 0x74, 0xa,
  0x72, 0x32, 0x61, 0x69, 0xa, 0x72, 0x61, 0x34,
  0x6c, 0x6f, 0xa, 0x72, 0x61, 0x6d, 0x33, 0x65,
  0x74, 0xa, 0x72, 0x32, 0x61, 0x6d, 0x69, 0xa,
  0x72, 0x61, 0x6e, 0x65, 0x35, 0x6f, 0xa, 0x72,
  0x61, 0x6e, 0x34, 0x67, 0x65, 0xa, 0x72, 0x34,
  0x61, 0x6e, 0x69, 0xa, 0x72, 0x61, 0x35, 0x6e,
  0x6f, 0xa, 0x72, 0x61, 0x70, 0x33, 0x65, 0x72,
  0xa, 0x33, 0x72, 0x61, 0x70, 0x68, 0x79, 0xa,
  0x72, 0x61, 0x72, 0x35, 0x63, 0xa, 0x72, 0x61,
  0x72, 0x65, 0x34, 0xa, 0x72, 0x61, 0x72, 0x35,
  0x65, 0x66, 0xa, 0x34, 0x72, 0x61, 0x72, 0x69,
  0x6c, 0xa, 0x72, 0x32, 0x61, 0x73, 0xa, 0x72,
  0x61, 0x74, 0x69, 0x6f, 0x6e, 0x34, 0xa, 0x72,
  0x61, 0x75, 0x34, 0x74, 0xa, 0x72, 0x61, 0x35,
  0x76, 0x61, 0x69, 0xa, 0x72, 0x61, 0x76, 0x33,
  0x65, 0x6c, 0xa, 0x72, 0x61, 0x35, 0x7a, 0x69,
  0x65, 0xa, 0x72, 0x31, 0x62, 0xa, 0x72, 0x34,
  0x62, 0x61, 0x62, 0xa, 0x72, 0x34, 0x62, 0x61,
  0x67, 0xa, 0x72, 0x62, 0x69, 0x32, 0xa, 0x72,
  0x62, 0x69, 0x34, 0x66, 0xa, 0x72, 0x32, 0x62,
  0x69, 0x6e, 0xa, 0x72, 0x35, 0x62, 0x69, 0x6e,
  0x65, 0xa, 0x72, 0x62, 0x35, 0x69, 0x6e, 0x67,
  0x2e, 0xa, 0x72, 0x62, 0x34, 0x6f, 0xa, 0x72,
  0x31, 0x63, 0xa, 0x72, 0x32, 0x63, 0x65, 0xa,
  0x72, 0x63, 0x65, 0x6e, 0x34, 0xa, 0x72, 0x33,
  0x63, 0x68, 0x61, 0xa, 0x72, 0x63, 0x68, 0x34,
  0x65, 0x72, 0xa, 0x72, 0x34, 0x63, 0x69, 0x34,
  0x62, 0xa, 0x72, 0x63, 0x34, 0x69, 0x74, 0xa,
  0x72, 0x63, 0x75, 0x6d, 0x33, 0xa, 0x72, 0x34,
  0x64, 0x61, 0x6c, 0xa, 0x72, 0x64, 0x32, 0x69,
  0xa, 0x72, 0x64, 0x69, 0x34, 0x61, 0xa, 0x72,
  0x64, 0x69, 0x34, 0x65, 0x72, 0xa, 0x72, 0x64,
  0x69, 0x6e, 0x34, 0xa, 0x72, 0x64, 0x33, 0x69,
  0x6e, 0x67, 0xa, 0x32, 0x72, 0x65, 0x2e, 0xa,
  0x72, 0x65, 0x31, 0x61, 0x6c, 0xa, 0x72, 0x65,
  0x33, 0x61, 0x6e, 0xa, 0x72, 0x65, 0x35, 0x61,
  0x72, 0x72, 0xa, 0x35, 0x72, 0x65, 0x61, 0x76,
  0xa, 0x72, 0x65, 0x34, 0x61, 0x77, 0xa, 0x72,
  0x35, 0x65, 0x62, 0x72, 0x61, 0x74, 0xa, 0x72,
  0x65, 0x63, 0x35, 0x6f, 0x6c, 0x6c, 0xa, 0x72,
  0x65, 0x63, 0x35, 0x6f, 0x6d, 0x70, 0x65, 0xa,
  0x72, 0x65, 0x34, 0x63, 0x72, 0x65, 0xa, 0x32,
  0x72, 0x32, 0x65, 0x64, 0xa, 0x72, 0x65, 0x31,
  0x64, 0x65, 0xa, 0x72, 0x65, 0x33, 0x64, 0x69,
  0x73, 0xa, 0x72, 0x65, 0x64, 0x35, 0x69, 0x74,
  0xa, 0x72, 0x65, 0x34, 0x66, 0x61, 0x63, 0xa,
  0x72, 0x65, 0x32, 0x66, 0x65, 0xa, 0x72, 0x65,
  0x35, 0x66, 0x65, 0x72, 0x2e, 0xa, 0x72, 0x65,
  0x33, 0x66, 0x69, 0xa, 0x72, 0x65, 0x34, 0x66,
  0x79, 0xa, 0x72, 0x65, 0x67, 0x33, 0x69, 0x73,
  0xa, 0x72, 0x65, 0x35, 0x69, 0x74, 0xa, 0x72,
  0x65, 0x31, 0x6c, 0x69, 0xa, 0x72, 0x65, 0x35,
  0x6c, 0x75, 0xa, 0x72, 0x34, 0x65, 0x6e, 0x34,
  0x74, 0x61, 0xa, 0x72, 0x65, 0x6e, 0x34, 0x74,
  0x65, 0xa, 0x72, 0x65, 0x31, 0x6f, 0xa, 0x72,
  0x65, 0x35, 0x70, 0x69, 0x6e, 0xa, 0x72, 0x65,
  0x34, 0x70, 0x6f, 0x73, 0x69, 0xa, 0x72, 0x65,
  0x31, 0x70, 0x75, 0xa, 0x72, 0x31, 0x65, 0x72,
  0x34, 0xa, 0x72, 0x34, 0x65, 0x72, 0x69, 0xa,
  0x72, 0x65, 0x72, 0x6f, 0x34, 0xa, 0x72, 0x65,
  0x35, 0x72, 0x75, 0xa, 0x72, 0x34, 0x65, 0x73,
  0x2e, 0xa, 0x72, 0x65, 0x34, 0x73, 0x70, 0x69,
  0xa, 0x72, 0x65, 0x73, 0x73, 0x35, 0x69, 0x62,
  0xa, 0x72, 0x65, 0x73, 0x32, 0x74, 0xa, 0x72,
  0x65, 0x35, 0x73, 0x74, 0x61, 0x6c, 0xa, 0x72,
  0x65, 0x33, 0x73, 0x74, 0x72, 0xa, 0x72, 0x65,
  0x34, 0x74, 0x65, 0x72, 0xa, 0x72, 0x65, 0x34,
  0x74, 0x69, 0x34, 0x7a, 0xa, 0x72, 0x65, 0x33,
  0x74, 0x72, 0x69, 0xa, 0x72, 0x65, 0x75, 0x32,
  0xa, 0x72, 0x65, 0x35, 0x75, 0x74, 0x69, 0xa,
  0x72, 0x65, 0x76, 0x32, 0xa, 0x72, 0x65, 0x34,
  0x76, 0x61, 0x6c, 0xa, 0x72, 0x65, 0x76, 0x33,
  0x65, 0x6c, 0xa, 0x72, 0x35, 0x65, 0x76, 0x35,
  0x65, 0x72, 0x2e, 0xa, 0x72, 0x65, 0x35, 0x76,
  0x65, 0x72, 0x73, 0xa, 0x72, 0x65, 0x35, 0x76,
  0x65, 0x72, 0x74, 0xa, 0x72, 0x65, 0x35, 0x76,
  0x69, 0x6c, 0xa, 0x72, 0x65, 0x76, 0x35, 0x6f,
  0x6c, 0x75, 0xa, 0x72, 0x65, 0x34, 0x77, 0x68,
  0xa, 0x72, 0x31, 0x66, 0xa, 0x72, 0x66, 0x75,
  0x34, 0xa, 0x72, 0x34, 0x66, 0x79, 0xa, 0x72,
  0x67, 0x32, 0xa, 0x72, 0x67, 0x33, 0x65, 0x72,
  0xa, 0x72, 0x33, 0x67, 0x65, 0x74, 0xa, 0x72,
  0x33, 0x67, 0x69, 0x63, 0xa, 0x72, 0x67, 0x69,
  0x34, 0x6e, 0xa, 0x72, 0x67, 0x33, 0x69, 0x6e,
  0x67, 0xa, 0x72, 0x35, 0x67, 0x69, 0x73, 0xa,
  0x72, 0x35, 0x67, 0x69, 0x74, 0xa, 0x72, 0x31,
  0x67, 0x6c, 0xa, 0x72, 0x67, 0x6f, 0x34, 0x6e,
  0xa, 0x72, 0x33, 0x67, 0x75, 0xa, 0x72, 0x68,
  0x34, 0xa, 0x34, 0x72, 0x68, 0x2e, 0xa, 0x34,
  0x72, 0x68, 0x61, 0x6c, 0xa, 0x72, 0x69, 0x33,
  0x61, 0xa, 0x72, 0x69, 0x61, 0x34, 0x62, 0xa,
  0x72, 0x69, 0x34, 0x61, 0x67, 0xa, 0x72, 0x34,
  0x69, 0x62, 0xa, 0x72, 0x69, 0x62, 0x33, 0x61,
  0xa, 0x72, 0x69, 0x63, 0x35, 0x61, 0x73, 0xa,
  0x72, 0x34, 0x69, 0x63, 0x65, 0xa, 0x34, 0x72,
  0x69, 0x63, 0x69, 0xa, 0x35, 0x72, 0x69, 0x63,
  0x69, 0x64, 0xa, 0x72, 0x69, 0x34, 0x63, 0x69,
  0x65, 0xa, 0x72, 0x34, 0x69, 0x63, 0x6f, 0xa,
  0x72, 0x69, 0x64, 0x35, 0x65, 0x72, 0xa, 0x72,
  0x69, 0x33, 0x65, 0x6e, 0x63, 0xa, 0x72, 0x69,
  0x33, 0x65, 0x6e, 0x74, 0xa, 0x72, 0x69, 0x31,
  0x65, 0x72, 0xa, 0x72, 0x69, 0x35, 0x65, 0x74,
  0xa, 0x72, 0x69, 0x67, 0x35, 0x61, 0x6e, 0xa,
  0x35, 0x72, 0x69, 0x67, 0x69, 0xa, 0x72, 0x69,
  0x6c, 0x33, 0x69, 0x7a, 0xa, 0x35, 0x72, 0x69,
  0x6d, 0x61, 0x6e, 0xa, 0x72, 0x69, 0x6d, 0x35,
  0x69, 0xa, 0x33, 0x72, 0x69, 0x6d, 0x6f, 0xa,
  0x72, 0x69, 0x6d, 0x34, 0x70, 0x65, 0xa, 0x72,
  0x32, 0x69, 0x6e, 0x61, 0xa, 0x35, 0x72, 0x69,
  0x6e, 0x61, 0x2e, 0xa, 0x72, 0x69, 0x6e, 0x34,
  0x64, 0xa, 0x72, 0x69, 0x6e, 0x34, 0x65, 0xa,
  0x72, 0x69, 0x6e, 0x34, 0x67, 0xa, 0x72, 0x69,
  0x31, 0x6f, 0xa, 0x35, 0x72, 0x69, 0x70, 0x68,
  0xa, 0x72, 0x69, 0x70, 0x68, 0x35, 0x65, 0xa,
  0x72, 0x69, 0x32, 0x70, 0x6c, 0xa, 0x72, 0x69,
  0x70, 0x35, 0x6c, 0x69, 0x63, 0xa, 0x72, 0x34,
  0x69, 0x71, 0xa, 0x72, 0x32, 0x69, 0x73, 0xa,
  0x72, 0x34, 0x69, 0x73, 0x2e, 0xa, 0x72, 0x69,
  0x73, 0x34, 0x63, 0xa, 0x72, 0x33, 0x69, 0x73,
  0x68, 0xa, 0x72, 0x69, 0x73, 0x34, 0x70, 0xa,
  0x72, 0x69, 0x33, 0x74, 0x61, 0x33, 0x62, 0xa,
  0x72, 0x35, 0x69, 0x74, 0x65, 0x64, 0x2e, 0xa,
  0x72, 0x69, 0x74, 0x35, 0x65, 0x72, 0x2e, 0xa,
  0x72, 0x69, 0x74, 0x35, 0x65, 0x72, 0x73, 0xa,
  0x72, 0x69, 0x74, 0x33, 0x69, 0x63, 0xa, 0x72,
  0x69, 0x32, 0x74, 0x75, 0xa, 0x72, 0x69, 0x74,
  0x35, 0x75, 0x72, 0xa, 0x72, 0x69, 0x76, 0x35,
  0x65, 0x6c, 0xa, 0x72, 0x69, 0x76, 0x33, 0x65,
  0x74, 0xa, 0x72, 0x69, 0x76, 0x33, 0x69, 0xa,
  0x72, 0x33, 0x6a, 0xa, 0x72, 0x33, 0x6b, 0x65,
  0x74, 0xa, 0x72, 0x6b, 0x34, 0x6c, 0x65, 0xa,
  0x72, 0x6b, 0x34, 0x6c, 0x69, 0x6e, 0xa, 0x72,
  0x31, 0x6c, 0xa, 0x72, 0x6c, 0x65, 0x34, 0xa,
  0x72, 0x32, 0x6c, 0x65, 0x64, 0xa, 0x72, 0x34,
  0x6c, 0x69, 0x67, 0xa, 0x72, 0x34, 0x6c, 0x69,
  0x73, 0xa, 0x72, 0x6c, 0x35, 0x69, 0x73, 0x68,
  0xa, 0x72, 0x33, 0x6c, 0x6f, 0x34, 0xa, 0x72,
  0x31, 0x6d, 0xa, 0x72, 0x6d, 0x61, 0x35, 0x63,
  0xa, 0x72, 0x32, 0x6d, 0x65, 0xa, 0x72, 0x33,
  0x6d, 0x65, 0x6e, 0xa, 0x72, 0x6d, 0x35, 0x65,
  0x72, 0x73, 0xa, 0x72, 0x6d, 0x33, 0x69, 0x6e,
  0x67, 0xa, 0x72, 0x34, 0x6d, 0x69, 0x6e, 0x67,
  0x2e, 0xa, 0x72, 0x34, 0x6d, 0x69, 0x6f, 0xa,
  0x72, 0x33, 0x6d, 0x69, 0x74, 0xa, 0x72, 0x34,
  0x6d, 0x79, 0xa, 0x72, 0x34, 0x6e, 0x61, 0x72,
  0xa, 0x72, 0x33, 0x6e, 0x65, 0x6c, 0xa, 0x72,
  0x34, 0x6e, 0x65, 0x72, 0xa, 0x72, 0x35, 0x6e,
  0x65, 0x74, 0xa, 0x72, 0x33, 0x6e, 0x65, 0x79,
  0xa, 0x72, 0x35, 0x6e, 0x69, 0x63, 0xa, 0x72,
  0x31, 0x6e, 0x69, 0x73, 0x34, 0xa, 0x72, 0x33,
  0x6e, 0x69, 0x74, 0xa, 0x72, 0x33, 0x6e, 0x69,
  0x76, 0xa, 0x72, 0x6e, 0x6f, 0x34, 0xa, 0x72,
  0x34, 0x6e, 0x6f, 0x75, 0xa, 0x72, 0x33, 0x6e,
  0x75, 0xa, 0x72, 0x6f, 0x62, 0x33, 0x6c, 0xa,
  0x72, 0x32, 0x6f, 0x63, 0xa, 0x72, 0x6f, 0x33,
  0x63, 0x72, 0xa, 0x72, 0x6f, 0x34, 0x65, 0xa,
  0x72, 0x6f, 0x31, 0x66, 0x65, 0xa, 0x72, 0x6f,
  0x35, 0x66, 0x69, 0x6c, 0xa, 0x72, 0x6f, 0x6b,
  0x32, 0xa, 0x72, 0x6f, 0x35, 0x6b, 0x65, 0x72,
  0xa, 0x35, 0x72, 0x6f, 0x6c, 0x65, 0x2e, 0xa,
  0x72, 0x6f, 0x6d, 0x35, 0x65, 0x74, 0x65, 0xa,
  0x72, 0x6f, 0x6d, 0x34, 0x69, 0xa, 0x72, 0x6f,
  0x6d, 0x34, 0x70, 0xa, 0x72, 0x6f, 0x6e, 0x34,
  0x61, 0x6c, 0xa, 0x72, 0x6f, 0x6e, 0x34, 0x65,
  0xa, 0x72, 0x6f, 0x35, 0x6e, 0x34, 0x69, 0x73,
  0xa, 0x72, 0x6f, 0x6e, 0x34, 0x74, 0x61, 0xa,
  0x31, 0x72, 0x6f, 0x6f, 0x6d, 0xa, 0x35, 0x72,
  0x6f, 0x6f, 0x74, 0xa, 0x72, 0x6f, 0x33, 0x70,
  0x65, 0x6c, 0xa, 0x72, 0x6f, 0x70, 0x33, 0x69,
  0x63, 0xa, 0x72, 0x6f, 0x72, 0x33, 0x69, 0xa,
  0x72, 0x6f, 0x35, 0x72, 0x6f, 0xa, 0x72, 0x6f,
  0x73, 0x35, 0x70, 0x65, 0x72, 0xa, 0x72, 0x6f,
  0x73, 0x34, 0x73, 0xa, 0x72, 0x6f, 0x34, 0x74,
  0x68, 0x65, 0xa, 0x72, 0x6f, 0x34, 0x74, 0x79,
  0xa, 0x72, 0x6f, 0x34, 0x76, 0x61, 0xa, 0x72,
  0x6f, 0x76, 0x35, 0x65, 0x6c, 0xa, 0x72, 0x6f,
  0x78, 0x35, 0xa, 0x72, 0x31, 0x70, 0xa, 0x72,
  0x34, 0x70, 0x65, 0x61, 0xa, 0x72, 0x35, 0x70,
  0x65, 0x6e, 0x74, 0xa, 0x72, 0x70, 0x35, 0x65,
  0x72, 0x2e, 0xa, 0x72, 0x33, 0x70, 0x65, 0x74,
  0xa, 0x72, 0x70, 0x34, 0x68, 0x34, 0xa, 0x72,
  0x70, 0x33, 0x69, 0x6e, 0x67, 0xa, 0x72, 0x33,
  0x70, 0x6f, 0xa, 0x72, 0x31, 0x72, 0x34, 0xa,
  0x72, 0x72, 0x65, 0x34, 0x63, 0xa, 0x72, 0x72,
  0x65, 0x34, 0x66, 0xa, 0x72, 0x34, 0x72, 0x65,
  0x6f, 0xa, 0x72, 0x72, 0x65, 0x34, 0x73, 0x74,
  0xa, 0x72, 0x72, 0x69, 0x34, 0x6f, 0xa, 0x72,
  0x72, 0x69, 0x34, 0x76, 0xa, 0x72, 0x72, 0x6f,
  0x6e, 0x34, 0xa, 0x72, 0x72, 0x6f, 0x73, 0x34,
  0xa, 0x72, 0x72, 0x79, 0x73, 0x34, 0xa, 0x34,
  0x72, 0x73, 0x32, 0xa, 0x72, 0x31, 0x73, 0x61,
  0xa, 0x72, 0x73, 0x61, 0x35, 0x74, 0x69, 0xa,
  0x72, 0x73, 0x34, 0x63, 0xa, 0x72, 0x32, 0x73,
  0x65, 0xa, 0x72, 0x33, 0x73, 0x65, 0x63, 0xa,
  0x72, 0x73, 0x65, 0x34, 0x63, 0x72, 0xa, 0x72,
  0x73, 0x35, 0x65, 0x72, 0x2e, 0xa, 0x72, 0x73,
  0x33, 0x65, 0x73, 0xa, 0x72, 0x73, 0x65, 0x35,
  0x76, 0x32, 0xa, 0x72, 0x31, 0x73, 0x68, 0xa,
  0x72, 0x35, 0x73, 0x68, 0x61, 0xa, 0x72, 0x31,
  0x73, 0x69, 0xa, 0x72, 0x34, 0x73, 0x69, 0x34,
  0x62, 0xa, 0x72, 0x73, 0x6f, 0x6e, 0x33, 0xa,
  0x72, 0x31, 0x73, 0x70, 0xa, 0x72, 0x35, 0x73,
  0x77, 0xa, 0x72, 0x74, 0x61, 0x63, 0x68, 0x34,
  0xa, 0x72, 0x34, 0x74, 0x61, 0x67, 0xa, 0x72,
  0x33, 0x74, 0x65, 0x62, 0xa, 0x72, 0x74, 0x65,
  0x6e, 0x34, 0x64, 0xa, 0x72, 0x74, 0x65, 0x35,
  0x6f, 0xa, 0x72, 0x31, 0x74, 0x69, 0xa, 0x72,
  0x74, 0x35, 0x69, 0x62, 0xa, 0x72, 0x74, 0x69,
  0x34, 0x64, 0xa, 0x72, 0x34, 0x74, 0x69, 0x65,
  0x72, 0xa, 0x72, 0x33, 0x74, 0x69, 0x67, 0xa,
  0x72, 0x74, 0x69, 0x6c, 0x33, 0x69, 0xa, 0x72,
  0x74, 0x69, 0x6c, 0x34, 0x6c, 0xa, 0x72, 0x34,
  0x74, 0x69, 0x6c, 0x79, 0xa, 0x72, 0x34, 0x74,
  0x69, 0x73, 0x74, 0xa, 0x72, 0x34, 0x74, 0x69,
  0x76, 0xa, 0x72, 0x33, 0x74, 0x72, 0x69, 0xa,
  0x72, 0x74, 0x72, 0x6f, 0x70, 0x68, 0x34, 0xa,
  0x72, 0x74, 0x34, 0x73, 0x68, 0xa, 0x72, 0x75,
  0x33, 0x61, 0xa, 0x72, 0x75, 0x33, 0x65, 0x34,
  0x6c, 0xa, 0x72, 0x75, 0x33, 0x65, 0x6e, 0xa,
  0x72, 0x75, 0x34, 0x67, 0x6c, 0xa, 0x72, 0x75,
  0x33, 0x69, 0x6e, 0xa, 0x72, 0x75, 0x6d, 0x33,
  0x70, 0x6c, 0xa, 0x72, 0x75, 0x32, 0x6e, 0xa,
  0x72, 0x75, 0x6e, 0x6b, 0x35, 0xa, 0x72, 0x75,
  0x6e, 0x34, 0x74, 0x79, 0xa, 0x72, 0x35, 0x75,
  0x73, 0x63, 0xa, 0x72, 0x75, 0x74, 0x69, 0x35,
  0x6e, 0xa, 0x72, 0x76, 0x34, 0x65, 0xa, 0x72,
  0x76, 0x65, 0x6c, 0x34, 0x69, 0xa, 0x72, 0x33,
  0x76, 0x65, 0x6e, 0xa, 0x72, 0x76, 0x35, 0x65,
  0x72, 0x2e, 0xa, 0x72, 0x35, 0x76, 0x65, 0x73,
  0x74, 0xa, 0x72, 0x33, 0x76, 0x65, 0x79, 0xa,
  0x72, 0x33, 0x76, 0x69, 0x63, 0xa, 0x72, 0x76,
  0x69, 0x34, 0x76, 0xa, 0x72, 0x33, 0x76, 0x6f,
  0xa, 0x72, 0x31, 0x77, 0xa, 0x72, 0x79, 0x34,
  0x63, 0xa, 0x35, 0x72, 0x79, 0x6e, 0x67, 0x65,
  0xa, 0x72, 0x79, 0x33, 0x74, 0xa, 0x73, 0x61,
  0x32, 0xa, 0x32, 0x73, 0x31, 0x61, 0x62, 0xa,
  0x35, 0x73, 0x61, 0x63, 0x6b, 0xa, 0x73, 0x61,
  0x63, 0x33, 0x72, 0x69, 0xa, 0x73, 0x33, 0x61,
  0x63, 0x74, 0xa, 0x35, 0x73, 0x61, 0x69, 0xa,
  0x73, 0x61, 0x6c, 0x61, 0x72, 0x34, 0xa, 0x73,
  0x61, 0x6c, 0x34, 0x6d, 0xa, 0x73, 0x61, 0x35,
  0x6c, 0x6f, 0xa, 0x73, 0x61, 0x6c, 0x34, 0x74,
  0xa, 0x33, 0x73, 0x61, 0x6e, 0x63, 0xa, 0x73,
  0x61, 0x6e, 0x34, 0x64, 0x65, 0xa, 0x73, 0x31,
  0x61, 0x70, 0xa, 0x73, 0x61, 0x35, 0x74, 0x61,
  0xa, 0x35, 0x73, 0x61, 0x33, 0x74, 0x69, 0x6f,
  0xa, 0x73, 0x61, 0x74, 0x33, 0x75, 0xa, 0x73,
  0x61, 0x75, 0x34, 0xa, 0x73, 0x61, 0x35, 0x76,
  0x6f, 0x72, 0xa, 0x35, 0x73, 0x61, 0x77, 0xa,
  0x34, 0x73, 0x35, 0x62, 0xa, 0x73, 0x63, 0x61,
  0x6e, 0x34, 0x74, 0x35, 0xa, 0x73, 0x63, 0x61,
  0x34, 0x70, 0xa, 0x73, 0x63, 0x61, 0x76, 0x35,
  0xa, 0x73, 0x34, 0x63, 0x65, 0x64, 0xa, 0x34,
  0x73, 0x63, 0x65, 0x69, 0xa, 0x73, 0x34, 0x63,
  0x65, 0x73, 0xa, 0x73, 0x63, 0x68, 0x32, 0xa,
  0x73, 0x34, 0x63, 0x68, 0x6f, 0xa, 0x33, 0x73,
  0x34, 0x63, 0x69, 0x65, 0xa, 0x35, 0x73, 0x63,
  0x69, 0x6e, 0x34, 0x64, 0xa, 0x73, 0x63, 0x6c,
  0x65, 0x35, 0xa, 0x73, 0x34, 0x63, 0x6c, 0x69,
  0xa, 0x73, 0x63, 0x6f, 0x66, 0x34, 0xa, 0x34,
  0x73, 0x63, 0x6f, 0x70, 0x79, 0xa, 0x73, 0x63,
  0x6f, 0x75, 0x72, 0x35, 0x61, 0xa, 0x73, 0x31,
  0x63, 0x75, 0xa, 0x34, 0x73, 0x35, 0x64, 0xa,
  0x34, 0x73, 0x65, 0x2e, 0xa, 0x73, 0x65, 0x34,
  0x61, 0xa, 0x73, 0x65, 0x61, 0x73, 0x34, 0xa,
  0x73, 0x65, 0x61, 0x35, 0x77, 0xa, 0x73, 0x65,
  0x32, 0x63, 0x33, 0x6f, 0xa, 0x33, 0x73, 0x65,
  0x63, 0x74, 0xa, 0x34, 0x73, 0x34, 0x65, 0x64,
  0xa, 0x73, 0x65, 0x34, 0x64, 0x34, 0x65, 0xa,
  0x73, 0x35, 0x65, 0x64, 0x6c, 0xa, 0x73, 0x65,
  0x32, 0x67, 0xa, 0x73, 0x65, 0x67, 0x33, 0x72,
  0xa, 0x35, 0x73, 0x65, 0x69, 0xa, 0x73, 0x65,
  0x31, 0x6c, 0x65, 0xa, 0x35, 0x73, 0x65, 0x6c,
  0x66, 0xa, 0x35, 0x73, 0x65, 0x6c, 0x76, 0xa,
  0x34, 0x73, 0x65, 0x6d, 0x65, 0xa, 0x73, 0x65,
  0x34, 0x6d, 0x6f, 0x6c, 0xa, 0x73, 0x65, 0x6e,
  0x35, 0x61, 0x74, 0xa, 0x34, 0x73, 0x65, 0x6e,
  0x63, 0xa, 0x73, 0x65, 0x6e, 0x34, 0x64, 0xa,
  0x73, 0x35, 0x65, 0x6e, 0x65, 0x64, 0xa, 0x73,
  0x65, 0x6e, 0x35, 0x67, 0xa, 0x73, 0x35, 0x65,
  0x6e, 0x69, 0x6e, 0xa, 0x34, 0x73, 0x65, 0x6e,
  0x74, 0x64, 0xa, 0x34, 0x73, 0x65, 0x6e, 0x74,
  0x6c, 0xa, 0x73, 0x65, 0x70, 0x33, 0x61, 0x33,
  0xa, 0x34, 0x73, 0x31, 0x65, 0x72, 0x2e, 0xa,
  0x73, 0x34, 0x65, 0x72, 0x6c, 0xa, 0x73, 0x65,
  0x72, 0x34, 0x6f, 0xa, 0x34, 0x73, 0x65, 0x72,
  0x76, 0x6f, 0xa, 0x73, 0x31, 0x65, 0x34, 0x73,
  0xa, 0x73, 0x65, 0x35, 0x73, 0x68, 0xa, 0x73,
  0x65, 0x73, 0x35, 0x74, 0xa, 0x35, 0x73, 0x65,
  0x35, 0x75, 0x6d, 0xa, 0x35, 0x73, 0x65, 0x76,
  0xa, 0x73, 0x65, 0x76, 0x33, 0x65, 0x6e, 0xa,
  0x73, 0x65, 0x77, 0x34, 0x69, 0xa, 0x35, 0x73,
  0x65, 0x78, 0xa, 0x34, 0x73, 0x33, 0x66, 0xa,
  0x32, 0x73, 0x33, 0x67, 0xa, 0x73, 0x32, 0x68,
  0xa, 0x32, 0x73, 0x68, 0x2e, 0xa, 0x73, 0x68,
  0x31, 0x65, 0x72, 0xa, 0x35, 0x73, 0x68, 0x65,
  0x76, 0xa, 0x73, 0x68, 0x31, 0x69, 0x6e, 0xa,
  0x73, 0x68, 0x33, 0x69, 0x6f, 0xa, 0x33, 0x73,
  0x68, 0x69, 0x70, 0xa, 0x73, 0x68, 0x69, 0x76,
  0x35, 0xa, 0x73, 0x68, 0x6f, 0x34, 0xa, 0x73,
  0x68, 0x35, 0x6f, 0x6c, 0x64, 0xa, 0x73, 0x68,
  0x6f, 0x6e, 0x33, 0xa, 0x73, 0x68, 0x6f, 0x72,
  0x34, 0xa, 0x73, 0x68, 0x6f, 0x72, 0x74, 0x35,
  0xa, 0x34, 0x73, 0x68, 0x77, 0xa, 0x73, 0x69,
  0x31, 0x62, 0xa, 0x73, 0x35, 0x69, 0x63, 0x63,
  0xa, 0x33, 0x73, 0x69, 0x64, 0x65, 0x2e, 0xa,
  0x35, 0x73, 0x69, 0x64, 0x65, 0x73, 0xa, 0x35,
  0x73, 0x69, 0x64, 0x69, 0xa, 0x73, 0x69, 0x35,
  0x64, 0x69, 0x7a, 0xa, 0x34, 0x73, 0x69, 0x67,
  0x6e, 0x61, 0xa, 0x73, 0x69, 0x6c, 0x34, 0x65,
  0xa, 0x34, 0x73, 0x69, 0x6c, 0x79, 0xa, 0x32,
  0x73, 0x31, 0x69, 0x6e, 0xa, 0x73, 0x32, 0x69,
  0x6e, 0x61, 0xa, 0x35, 0x73, 0x69, 0x6e, 0x65,
  0x2e, 0xa, 0x73, 0x33, 0x69, 0x6e, 0x67, 0xa,
  0x31, 0x73, 0x69, 0x6f, 0xa, 0x35, 0x73, 0x69,
  0x6f, 0x6e, 0xa, 0x73, 0x69, 0x6f, 0x6e, 0x35,
  0x61, 0xa, 0x73, 0x69, 0x32, 0x72, 0xa, 0x73,
  0x69, 0x72, 0x35, 0x61, 0xa, 0x31, 0x73, 0x69,
  0x73, 0xa, 0x33, 0x73, 0x69, 0x74, 0x69, 0x6f,
  0xa, 0x35, 0x73, 0x69, 0x75, 0xa, 0x31, 0x73,
  0x69, 0x76, 0xa, 0x35, 0x73, 0x69, 0x7a, 0xa,
  0x73, 0x6b, 0x32, 0xa, 0x34, 0x73, 0x6b, 0x65,
  0xa, 0x73, 0x33, 0x6b, 0x65, 0x74, 0xa, 0x73,
  0x6b, 0x35, 0x69, 0x6e, 0x65, 0xa, 0x73, 0x6b,
  0x35, 0x69, 0x6e, 0x67, 0xa, 0x73, 0x31, 0x6c,
  0x32, 0xa, 0x73, 0x33, 0x6c, 0x61, 0x74, 0xa,
  0x73, 0x32, 0x6c, 0x65, 0xa, 0x73, 0x6c, 0x69,
  0x74, 0x68, 0x35, 0xa, 0x32, 0x73, 0x31, 0x6d,
  0xa, 0x73, 0x33, 0x6d, 0x61, 0xa, 0x73, 0x6d,
  0x61, 0x6c, 0x6c, 0x33, 0xa, 0x73, 0x6d, 0x61,
  0x6e, 0x33, 0xa, 0x73, 0x6d, 0x65, 0x6c, 0x34,
  0xa, 0x73, 0x35, 0x6d, 0x65, 0x6e, 0xa, 0x35,
  0x73, 0x6d, 0x69, 0x74, 0x68, 0xa, 0x73, 0x6d,
  0x6f, 0x6c, 0x35, 0x64, 0x34, 0xa, 0x73, 0x31,
  0x6e, 0x34, 0xa, 0x31, 0x73, 0x6f, 0xa, 0x73,
  0x6f, 0x34, 0x63, 0x65, 0xa, 0x73, 0x6f, 0x66,
  0x74, 0x33, 0xa, 0x73, 0x6f, 0x34, 0x6c, 0x61,
  0x62, 0xa, 0x73, 0x6f, 0x6c, 0x33, 0x64, 0x32,
  0xa, 0x73, 0x6f, 0x33, 0x6c, 0x69, 0x63, 0xa,
  0x35, 0x73, 0x6f, 0x6c, 0x76, 0xa, 0x33, 0x73,
  0x6f, 0x6d, 0xa, 0x33, 0x73, 0x34, 0x6f, 0x6e,
  0x2e, 0xa, 0x73, 0x6f, 0x6e, 0x61, 0x34, 0xa,
  0x73, 0x6f, 0x6e, 0x34, 0x67, 0xa, 0x73, 0x34,
  0x6f, 0x70, 0xa, 0x35, 0x73, 0x6f, 0x70, 0x68,
  0x69, 0x63, 0xa, 0x73, 0x35, 0x6f, 0x70, 0x68,
  0x69, 0x7a, 0xa, 0x73, 0x35, 0x6f, 0x70, 0x68,
  0x79, 0xa, 0x73, 0x6f, 0x72, 0x35, 0x63, 0xa,
  0x73, 0x6f, 0x72, 0x35, 0x64, 0xa, 0x34, 0x73,
  0x6f, 0x76, 0xa, 0x73, 0x6f, 0x35, 0x76, 0x69,
  0xa, 0x32, 0x73, 0x70, 0x61, 0xa, 0x35, 0x73,
  0x70, 0x61, 0x69, 0xa, 0x73, 0x70, 0x61, 0x34,
  0x6e, 0xa, 0x73, 0x70, 0x65, 0x6e, 0x34, 0x64,
  0xa, 0x32, 0x73, 0x35, 0x70, 0x65, 0x6f, 0xa,
  0x32, 0x73, 0x70, 0x65, 0x72, 0xa, 0x73, 0x32,
  0x70, 0x68, 0x65, 0xa, 0x33, 0x73, 0x70, 0x68,
  0x65, 0x72, 0xa, 0x73, 0x70, 0x68, 0x6f, 0x35,
  0xa, 0x73, 0x70, 0x69, 0x6c, 0x34, 0xa, 0x73,
  0x70, 0x35, 0x69, 0x6e, 0x67, 0xa, 0x34, 0x73,
  0x70, 0x69, 0x6f, 0xa, 0x73, 0x34, 0x70, 0x6c,
  0x79, 0xa, 0x73, 0x34, 0x70, 0x6f, 0x6e, 0xa,
  0x73, 0x70, 0x6f, 0x72, 0x34, 0xa, 0x34, 0x73,
  0x70, 0x6f, 0x74, 0xa, 0x73, 0x71, 0x75, 0x61,
  0x6c, 0x34, 0x6c, 0xa, 0x73, 0x31, 0x72, 0xa,
  0x32, 0x73, 0x73, 0xa, 0x73, 0x31, 0x73, 0x61,
  0xa, 0x73, 0x73, 0x61, 0x73, 0x33, 0xa, 0x73,
  0x32, 0x73, 0x35, 0x63, 0xa, 0x73, 0x33, 0x73,
  0x65, 0x6c, 0xa, 0x73, 0x35, 0x73, 0x65, 0x6e,
  0x67, 0xa, 0x73, 0x34, 0x73, 0x65, 0x73, 0x2e,
  0xa, 0x73, 0x35, 0x73, 0x65, 0x74, 0xa, 0x73,
  0x31, 0x73, 0x69, 0xa, 0x73, 0x34, 0x73, 0x69,
  0x65, 0xa, 0x73, 0x73, 0x69, 0x34, 0x65, 0x72,
  0xa, 0x73, 0x73, 0x35, 0x69, 0x6c, 0x79, 0xa,
  0x73, 0x34, 0x73, 0x6c, 0xa, 0x73, 0x73, 0x34,
  0x6c, 0x69, 0xa, 0x73, 0x34, 0x73, 0x6e, 0xa,
  0x73, 0x73, 0x70, 0x65, 0x6e, 0x64, 0x34, 0xa,
  0x73, 0x73, 0x32, 0x74, 0xa, 0x73, 0x73, 0x75,
  0x72, 0x35, 0x61, 0xa, 0x73, 0x73, 0x35, 0x77,
  0xa, 0x32, 0x73, 0x74, 0x2e, 0xa, 0x73, 0x32,
  0x74, 0x61, 0x67, 0xa, 0x73, 0x32, 0x74, 0x61,
  0x6c, 0xa, 0x73, 0x74, 0x61, 0x6d, 0x34, 0x69,
  0xa, 0x35, 0x73, 0x74, 0x61, 0x6e, 0x64, 0xa,
  0x73, 0x34, 0x74, 0x61, 0x34, 0x70, 0xa, 0x35,
  0x73, 0x74, 0x61, 0x74, 0x2e, 0xa, 0x73, 0x34,
  0x74, 0x65, 0x64, 0xa, 0x73, 0x74, 0x65, 0x72,
  0x6e, 0x35, 0x69, 0xa, 0x73, 0x35, 0x74, 0x65,
  0x72, 0x6f, 0xa, 0x73, 0x74, 0x65, 0x32, 0x77,
  0xa, 0x73, 0x74, 0x65, 0x77, 0x35, 0x61, 0xa,
  0x73, 0x33, 0x74, 0x68, 0x65, 0xa, 0x73, 0x74,
  0x32, 0x69, 0xa, 0x73, 0x34, 0x74, 0x69, 0x2e,
  0xa, 0x73, 0x35, 0x74, 0x69, 0x61, 0xa, 0x73,
  0x31, 0x74, 0x69, 0x63, 0xa, 0x35, 0x73, 0x74,
  0x69, 0x63, 0x6b, 0xa, 0x73, 0x34, 0x74, 0x69,
  0x65, 0xa, 0x73, 0x33, 0x74, 0x69, 0x66, 0xa,
  0x73, 0x74, 0x33, 0x69, 0x6e, 0x67, 0xa, 0x35,
  0x73, 0x74, 0x69, 0x72, 0xa, 0x73, 0x31, 0x74,
  0x6c, 0x65, 0xa, 0x35, 0x73, 0x74, 0x6f, 0x63,
  0x6b, 0xa, 0x73, 0x74, 0x6f, 0x6d, 0x33, 0x61,
  0xa, 0x35, 0x73, 0x74, 0x6f, 0x6e, 0x65, 0xa,
  0x73, 0x34, 0x74, 0x6f, 0x70, 0xa, 0x33, 0x73,
  0x74, 0x6f, 0x72, 0x65, 0xa, 0x73, 0x74, 0x34,
  0x72, 0xa, 0x73, 0x34, 0x74, 0x72, 0x61, 0x64,
  0xa, 0x35, 0x73, 0x74, 0x72, 0x61, 0x74, 0x75,
  0xa, 0x73, 0x34, 0x74, 0x72, 0x61, 0x79, 0xa,
  0x73, 0x34, 0x74, 0x72, 0x69, 0x64, 0xa, 0x34,
  0x73, 0x74, 0x72, 0x79, 0xa, 0x34, 0x73, 0x74,
  0x33, 0x77, 0xa, 0x73, 0x32, 0x74, 0x79, 0xa,
  0x31, 0x73, 0x75, 0xa, 0x73, 0x75, 0x31, 0x61,
  0x6c, 0xa, 0x73, 0x75, 0x34, 0x62, 0x33, 0xa,
  0x73, 0x75, 0x32, 0x67, 0x33, 0xa, 0x73, 0x75,
  0x35, 0x69, 0x73, 0xa, 0x73, 0x75, 0x69, 0x74,
  0x33, 0xa, 0x73, 0x34, 0x75, 0x6c, 0xa, 0x73,
  0x75, 0x32, 0x6d, 0xa, 0x73, 0x75, 0x6d, 0x33,
  0x69, 0xa, 0x73, 0x75, 0x32, 0x6e, 0xa, 0x73,
  0x75, 0x32, 0x72, 0xa, 0x34, 0x73, 0x76, 0xa,
  0x73, 0x77, 0x32, 0xa, 0x34, 0x73, 0x77, 0x6f,
  0xa, 0x73, 0x34, 0x79, 0xa, 0x34, 0x73, 0x79,
  0x63, 0xa, 0x33, 0x73, 0x79, 0x6c, 0xa, 0x73,
  0x79, 0x6e, 0x35, 0x6f, 0xa, 0x73, 0x79, 0x35,
  0x72, 0x69, 0x6e, 0xa, 0x31, 0x74, 0x61, 0xa,
  0x33, 0x74, 0x61, 0x2e, 0xa, 0x32, 0x74, 0x61,
  0x62, 0xa, 0x74, 0x61, 0x35, 0x62, 0x6c, 0x65,
  0x73, 0xa, 0x35, 0x74, 0x61, 0x62, 0x6f, 0x6c,
  0x69, 0x7a, 0xa, 0x34, 0x74, 0x61, 0x63, 0x69,
  0xa, 0x74, 0x61, 0x35, 0x64, 0x6f, 0xa, 0x34,
  0x74, 0x61, 0x66, 0x34, 0xa, 0x74, 0x61, 0x69,
  0x35, 0x6c, 0x6f, 0xa, 0x74, 0x61, 0x32, 0x6c,
  0xa, 0x74, 0x61, 0x35, 0x6c, 0x61, 0xa, 0x74,
  0x61, 0x6c, 0x35, 0x65, 0x6e, 0xa, 0x74, 0x61,
  0x6c, 0x33, 0x69, 0xa, 0x34, 0x74, 0x61, 0x6c,
  0x6b, 0xa, 0x74, 0x61, 0x6c, 0x34, 0x6c, 0x69,
  0x73, 0xa, 0x74, 0x61, 0x35, 0x6c, 0x6f, 0x67,
  0xa, 0x74, 0x61, 0x35, 0x6d, 0x6f, 0xa, 0x74,
  0x61, 0x6e, 0x34, 0x64, 0x65, 0xa, 0x74, 0x61,
  0x6e, 0x74, 0x61, 0x33, 0xa, 0x74, 0x61, 0x35,
  0x70, 0x65, 0x72, 0xa, 0x74, 0x61, 0x35, 0x70,
  0x6c, 0xa, 0x74, 0x61, 0x72, 0x34, 0x61, 0xa,
  0x34, 0x74, 0x61, 0x72, 0x63, 0xa, 0x34, 0x74,
  0x61, 0x72, 0x65, 0xa, 0x74, 0x61, 0x33, 0x72,
  0x69, 0x7a, 0xa, 0x74, 0x61, 0x73, 0x34, 0x65,
  0xa, 0x74, 0x61, 0x35, 0x73, 0x79, 0xa, 0x34,
  0x74, 0x61, 0x74, 0x69, 0x63, 0xa, 0x74, 0x61,
  0x34, 0x74, 0x75, 0x72, 0xa, 0x74, 0x61, 0x75,
  0x6e, 0x34, 0xa, 0x74, 0x61, 0x76, 0x34, 0xa,
  0x32, 0x74, 0x61, 0x77, 0xa, 0x74, 0x61, 0x78,
  0x34, 0x69, 0x73, 0xa, 0x32, 0x74, 0x31, 0x62,
  0xa, 0x34, 0x74, 0x63, 0xa, 0x74, 0x34, 0x63,
  0x68, 0xa, 0x74, 0x63, 0x68, 0x35, 0x65, 0x74,
  0xa, 0x34, 0x74, 0x31, 0x64, 0xa, 0x34, 0x74,
  0x65, 0x2e, 0xa, 0x74, 0x65, 0x61, 0x64, 0x34,
  0x69, 0xa, 0x34, 0x74, 0x65, 0x61, 0x74, 0xa,
  0x74, 0x65, 0x63, 0x65, 0x34, 0xa, 0x35, 0x74,
  0x65, 0x63, 0x74, 0xa, 0x32, 0x74, 0x31, 0x65,
  0x64, 0xa, 0x74, 0x65, 0x35, 0x64, 0x69, 0xa,
  0x31, 0x74, 0x65, 0x65, 0xa, 0x74, 0x65, 0x67,
  0x34, 0xa, 0x74, 0x65, 0x35, 0x67, 0x65, 0x72,
  0xa, 0x74, 0x65, 0x35, 0x67, 0x69, 0xa, 0x33,
  0x74, 0x65, 0x6c, 0x2e, 0xa, 0x74, 0x65, 0x6c,
  0x69, 0x34, 0xa, 0x35, 0x74, 0x65, 0x6c, 0x73,
  0xa, 0x74, 0x65, 0x32, 0x6d, 0x61, 0x32, 0xa,
  0x74, 0x65, 0x6d, 0x33, 0x61, 0x74, 0xa, 0x33,
  0x74, 0x65, 0x6e, 0x61, 0x6e, 0xa, 0x33, 0x74,
  0x65, 0x6e, 0x63, 0xa, 0x33, 0x74, 0x65, 0x6e,
  0x64, 0xa, 0x34, 0x74, 0x65, 0x6e, 0x65, 0x73,
  0xa, 0x31, 0x74, 0x65, 0x6e, 0x74, 0xa, 0x74,
  0x65, 0x6e, 0x34, 0x74, 0x61, 0x67, 0xa, 0x31,
  0x74, 0x65, 0x6f, 0xa, 0x74, 0x65, 0x34, 0x70,
  0xa, 0x74, 0x65, 0x35, 0x70, 0x65, 0xa, 0x74,
  0x65, 0x72, 0x33, 0x63, 0xa, 0x35, 0x74, 0x65,
  0x72, 0x33, 0x64, 0xa, 0x31, 0x74, 0x65, 0x72,
  0x69, 0xa, 0x74, 0x65, 0x72, 0x35, 0x69, 0x65,
  0x73, 0xa, 0x74, 0x65, 0x72, 0x33, 0x69, 0x73,
  0xa, 0x74, 0x65, 0x72, 0x69, 0x35, 0x7a, 0x61,
  0xa, 0x35, 0x74, 0x65, 0x72, 0x6e, 0x69, 0x74,
  0xa, 0x74, 0x65, 0x72, 0x35, 0x76, 0xa, 0x34,
  0x74, 0x65, 0x73, 0x2e, 0xa, 0x34, 0x74, 0x65,
  0x73, 0x73, 0xa, 0x74, 0x33, 0x65, 0x73, 0x73,
  0x2e, 0xa, 0x74, 0x65, 0x74, 0x68, 0x35, 0x65,
  0xa, 0x33, 0x74, 0x65, 0x75, 0xa, 0x33, 0x74,
  0x65, 0x78, 0xa, 0x34, 0x74, 0x65, 0x79, 0xa,
  0x32, 0x74, 0x31, 0x66, 0xa, 0x34, 0x74, 0x31,
  0x67, 0xa, 0x32, 0x74, 0x68, 0x2e, 0xa, 0x74,
  0x68, 0x61, 0x6e, 0x34, 0xa, 0x74, 0x68, 0x32,
  0x65, 0xa, 0x34, 0x74, 0x68, 0x65, 0x61, 0xa,
  0x74, 0x68, 0x33, 0x65, 0x61, 0x73, 0xa, 0x74,
  0x68, 0x65, 0x35, 0x61, 0x74, 0xa, 0x74, 0x68,
  0x65, 0x33, 0x69, 0x73, 0xa, 0x33, 0x74, 0x68,
  0x65, 0x74, 0xa, 0x74, 0x68, 0x35, 0x69, 0x63,
  0x2e, 0xa, 0x74, 0x68, 0x35, 0x69, 0x63, 0x61,
  0xa, 0x34, 0x74, 0x68, 0x69, 0x6c, 0xa, 0x35,
  0x74, 0x68, 0x69, 0x6e, 0x6b, 0xa, 0x34, 0x74,
  0x68, 0x6c, 0xa, 0x74, 0x68, 0x35, 0x6f, 0x64,
  0x65, 0xa, 0x35, 0x74, 0x68, 0x6f, 0x64, 0x69,
  0x63, 0xa, 0x34, 0x74, 0x68, 0x6f, 0x6f, 0xa,
  0x74, 0x68, 0x6f, 0x72, 0x35, 0x69, 0x74, 0xa,
  0x74, 0x68, 0x6f, 0x35, 0x72, 0x69, 0x7a, 0xa,
  0x32, 0x74, 0x68, 0x73, 0xa, 0x31, 0x74, 0x69,
  0x61, 0xa, 0x74, 0x69, 0x34, 0x61, 0x62, 0xa,
  0x74, 0x69, 0x34, 0x61, 0x74, 0x6f, 0xa, 0x32,
  0x74, 0x69, 0x32, 0x62, 0xa, 0x34, 0x74, 0x69,
  0x63, 0x6b, 0xa, 0x74, 0x34, 0x69, 0x63, 0x6f,
  0xa, 0x74, 0x34, 0x69, 0x63, 0x31, 0x75, 0xa,
  0x35, 0x74, 0x69, 0x64, 0x69, 0xa, 0x33, 0x74,
  0x69, 0x65, 0x6e, 0xa, 0x74, 0x69, 0x66, 0x32,
  0xa, 0x74, 0x69, 0x35, 0x66, 0x79, 0xa, 0x32,
  0x74, 0x69, 0x67, 0xa, 0x35, 0x74, 0x69, 0x67,
  0x75, 0xa, 0x74, 0x69, 0x6c, 0x6c, 0x35, 0x69,
  0x6e, 0xa, 0x31, 0x74, 0x69, 0x6d, 0xa, 0x34,
  0x74, 0x69, 0x6d, 0x70, 0xa, 0x74, 0x69, 0x6d,
  0x35, 0x75, 0x6c, 0xa, 0x32, 0x74, 0x31, 0x69,
  0x6e, 0xa, 0x74, 0x32, 0x69, 0x6e, 0x61, 0xa,
  0x33, 0x74, 0x69, 0x6e, 0x65, 0x2e, 0xa, 0x33,
  0x74, 0x69, 0x6e, 0x69, 0xa, 0x31, 0x74, 0x69,
  0x6f, 0xa, 0x74, 0x69, 0x35, 0x6f, 0x63, 0xa,
  0x74, 0x69, 0x6f, 0x6e, 0x35, 0x65, 0x65, 0xa,
  0x35, 0x74, 0x69, 0x71, 0xa, 0x74, 0x69, 0x33,
  0x73, 0x61, 0xa, 0x33, 0x74, 0x69, 0x73, 0x65,
  0xa, 0x74, 0x69, 0x73, 0x34, 0x6d, 0xa, 0x74,
  0x69, 0x35, 0x73, 0x6f, 0xa, 0x74, 0x69, 0x73,
  0x34, 0x70, 0xa, 0x35, 0x74, 0x69, 0x73, 0x74,
  0x69, 0x63, 0x61, 0xa, 0x74, 0x69, 0x33, 0x74,
  0x6c, 0xa, 0x74, 0x69, 0x34, 0x75, 0xa, 0x31,
  0x74, 0x69, 0x76, 0xa, 0x74, 0x69, 0x76, 0x34,
  0x61, 0xa, 0x31, 0x74, 0x69, 0x7a, 0xa, 0x74,
  0x69, 0x33, 0x7a, 0x61, 0xa, 0x74, 0x69, 0x33,
  0x7a, 0x65, 0x6e, 0xa, 0x32, 0x74, 0x6c, 0xa,
  0x74, 0x35, 0x6c, 0x61, 0xa, 0x74, 0x6c, 0x61,
  0x6e, 0x34, 0xa, 0x33, 0x74, 0x6c, 0x65, 0x2e,
  0xa, 0x33, 0x74, 0x6c, 0x65, 0x64, 0xa, 0x33,
  0x74, 0x6c, 0x65, 0x73, 0x2e, 0xa, 0x74, 0x35,
  0x6c, 0x65, 0x74, 0x2e, 0xa, 0x74, 0x35, 0x6c,
  0x6f, 0xa, 0x34, 0x74, 0x31, 0x6d, 0xa, 0x74,
  0x6d, 0x65, 0x34, 0xa, 0x32, 0x74, 0x31, 0x6e,
  0x32, 0xa, 0x31, 0x74, 0x6f, 0xa, 0x74, 0x6f,
  0x33, 0x62, 0xa, 0x74, 0x6f, 0x35, 0x63, 0x72,
  0x61, 0x74, 0xa, 0x34, 0x74, 0x6f, 0x64, 0x6f,
  0xa, 0x32, 0x74, 0x6f, 0x66, 0xa, 0x74, 0x6f,
  0x32, 0x67, 0x72, 0xa, 0x74, 0x6f, 0x35, 0x69,
  0x63, 0xa, 0x74, 0x6f, 0x32, 0x6d, 0x61, 0xa,
  0x74, 0x6f, 0x6d, 0x34, 0x62, 0xa, 0x74, 0x6f,
  0x33, 0x6d, 0x79, 0xa, 0x74, 0x6f, 0x6e, 0x34,
  0x61, 0x6c, 0x69, 0xa, 0x74, 0x6f, 0x33, 0x6e,
  0x61, 0x74, 0xa, 0x34, 0x74, 0x6f, 0x6e, 0x6f,
  0xa, 0x34, 0x74, 0x6f, 0x6e, 0x79, 0xa, 0x74,
  0x6f, 0x32, 0x72, 0x61, 0xa, 0x74, 0x6f, 0x33,
  0x72, 0x69, 0x65, 0xa, 0x74, 0x6f, 0x72, 0x35,
  0x69, 0x7a, 0xa, 0x74, 0x6f, 0x73, 0x32, 0xa,
  0x35, 0x74, 0x6f, 0x75, 0x72, 0xa, 0x34, 0x74,
  0x6f, 0x75, 0x74, 0xa, 0x74, 0x6f, 0x33, 0x77,
  0x61, 0x72, 0xa, 0x34, 0x74, 0x31, 0x70, 0xa,
  0x31, 0x74, 0x72, 0x61, 0xa, 0x74, 0x72, 0x61,
  0x33, 0x62, 0xa, 0x74, 0x72, 0x61, 0x35, 0x63,
  0x68, 0xa, 0x74, 0x72, 0x61, 0x63, 0x69, 0x34,
  0xa, 0x74, 0x72, 0x61, 0x63, 0x34, 0x69, 0x74,
  0xa, 0x74, 0x72, 0x61, 0x63, 0x34, 0x74, 0x65,
  0xa, 0x74, 0x72, 0x61, 0x73, 0x34, 0xa, 0x74,
  0x72, 0x61, 0x35, 0x76, 0x65, 0x6e, 0xa, 0x74,
  0x72, 0x61, 0x76, 0x35, 0x65, 0x73, 0x35, 0xa,
  0x74, 0x72, 0x65, 0x35, 0x66, 0xa, 0x74, 0x72,
  0x65, 0x34, 0x6d, 0xa, 0x74, 0x72, 0x65, 0x6d,
  0x35, 0x69, 0xa, 0x35, 0x74, 0x72, 0x69, 0x61,
  0xa, 0x74, 0x72, 0x69, 0x35, 0x63, 0x65, 0x73,
  0xa, 0x35, 0x74, 0x72, 0x69, 0x63, 0x69, 0x61,
  0xa, 0x34, 0x74, 0x72, 0x69, 0x63, 0x73, 0xa,
  0x32, 0x74, 0x72, 0x69, 0x6d, 0xa, 0x74, 0x72,
  0x69, 0x34, 0x76, 0xa, 0x74, 0x72, 0x6f, 0x35,
  0x6d, 0x69, 0xa, 0x74, 0x72, 0x6f, 0x6e, 0x35,
  0x69, 0xa, 0x34, 0x74, 0x72, 0x6f, 0x6e, 0x79,
  0xa, 0x74, 0x72, 0x6f, 0x35, 0x70, 0x68, 0x65,
  0xa, 0x74, 0x72, 0x6f, 0x33, 0x73, 0x70, 0xa,
  0x74, 0x72, 0x6f, 0x33, 0x76, 0xa, 0x74, 0x72,
  0x75, 0x35, 0x69, 0xa, 0x74, 0x72, 0x75, 0x73,
  0x34, 0xa, 0x34, 0x74, 0x31, 0x73, 0x32, 0xa,
  0x74, 0x34, 0x73, 0x63, 0xa, 0x74, 0x73, 0x68,
  0x34, 0xa, 0x74, 0x34, 0x73, 0x77, 0xa, 0x34,
  0x74, 0x33, 0x74, 0x32, 0xa, 0x74, 0x34, 0x74,
  0x65, 0x73, 0xa, 0x74, 0x35, 0x74, 0x6f, 0xa,
  0x74, 0x74, 0x75, 0x34, 0xa, 0x31, 0x74, 0x75,
  0xa, 0x74, 0x75, 0x31, 0x61, 0xa, 0x74, 0x75,
  0x33, 0x61, 0x72, 0xa, 0x74, 0x75, 0x34, 0x62,
  0x69, 0xa, 0x74, 0x75, 0x64, 0x32, 0xa, 0x34,
  0x74, 0x75, 0x65, 0xa, 0x34, 0x74, 0x75, 0x66,
  0x34, 0xa, 0x35, 0x74, 0x75, 0x33, 0x69, 0xa,
  0x33, 0x74, 0x75, 0x6d, 0xa, 0x74, 0x75, 0x34,
  0x6e, 0x69, 0x73, 0xa, 0x32, 0x74, 0x33, 0x75,
  0x70, 0x2e, 0xa, 0x33, 0x74, 0x75, 0x72, 0x65,
  0xa, 0x35, 0x74, 0x75, 0x72, 0x69, 0xa, 0x74,
  0x75, 0x72, 0x33, 0x69, 0x73, 0xa, 0x74, 0x75,
  0x72, 0x35, 0x6f, 0xa, 0x74, 0x75, 0x35, 0x72,
  0x79, 0xa, 0x33, 0x74, 0x75, 0x73, 0xa, 0x34,
  0x74, 0x76, 0xa, 0x74, 0x77, 0x34, 0xa, 0x34,
  0x74, 0x31, 0x77, 0x61, 0xa, 0x74, 0x77, 0x69,
  0x73, 0x34, 0xa, 0x34, 0x74, 0x77, 0x6f, 0xa,
  0x31, 0x74, 0x79, 0xa, 0x34, 0x74, 0x79, 0x61,
  0xa, 0x32, 0x74, 0x79, 0x6c, 0xa, 0x74, 0x79,
  0x70, 0x65, 0x33, 0xa, 0x74, 0x79, 0x35, 0x70,
  0x68, 0xa, 0x34, 0x74, 0x7a, 0xa, 0x74, 0x7a,
  0x34, 0x65, 0xa, 0x34, 0x75, 0x61, 0x62, 0xa,
  0x75, 0x61, 0x63, 0x34, 0xa, 0x75, 0x61, 0x35,
  0x6e, 0x61, 0xa, 0x75, 0x61, 0x6e, 0x34, 0x69,
  0xa, 0x75, 0x61, 0x72, 0x35, 0x61, 0x6e, 0x74,
  0xa, 0x75, 0x61, 0x72, 0x32, 0x64, 0xa, 0x75,
  0x61, 0x72, 0x33, 0x69, 0xa, 0x75, 0x61, 0x72,
  0x33, 0x74, 0xa, 0x75, 0x31, 0x61, 0x74, 0xa,
  0x75, 0x61, 0x76, 0x34, 0xa, 0x75, 0x62, 0x34,
  0x65, 0xa, 0x75, 0x34, 0x62, 0x65, 0x6c, 0xa,
  0x75, 0x33, 0x62, 0x65, 0x72, 0xa, 0x75, 0x34,
  0x62, 0x65, 0x72, 0x6f, 0xa, 0x75, 0x31, 0x62,
  0x34, 0x69, 0xa, 0x75, 0x34, 0x62, 0x35, 0x69,
  0x6e, 0x67, 0xa, 0x75, 0x33, 0x62, 0x6c, 0x65,
  0x2e, 0xa, 0x75, 0x33, 0x63, 0x61, 0xa, 0x75,
  0x63, 0x69, 0x34, 0x62, 0xa, 0x75, 0x63, 0x34,
  0x69, 0x74, 0xa, 0x75, 0x63, 0x6c, 0x65, 0x33,
  0xa, 0x75, 0x33, 0x63, 0x72, 0xa, 0x75, 0x33,
  0x63, 0x75, 0xa, 0x75, 0x34, 0x63, 0x79, 0xa,
  0x75, 0x64, 0x35, 0x64, 0xa, 0x75, 0x64, 0x33,
  0x65, 0x72, 0xa, 0x75, 0x64, 0x35, 0x65, 0x73,
  0x74, 0xa, 0x75, 0x64, 0x65, 0x76, 0x34, 0xa,
  0x75, 0x31, 0x64, 0x69, 0x63, 0xa, 0x75, 0x64,
  0x33, 0x69, 0x65, 0x64, 0xa, 0x75, 0x64, 0x33,
  0x69, 0x65, 0x73, 0xa, 0x75, 0x64, 0x35, 0x69,
  0x73, 0xa, 0x75, 0x35, 0x64, 0x69, 0x74, 0xa,
  0x75, 0x34, 0x64, 0x6f, 0x6e, 0xa, 0x75, 0x64,
  0x34, 0x73, 0x69, 0xa, 0x75, 0x34, 0x64, 0x75,
  0xa, 0x75, 0x34, 0x65, 0x6e, 0x65, 0xa, 0x75,
  0x65, 0x6e, 0x73, 0x34, 0xa, 0x75, 0x65, 0x6e,
  0x34, 0x74, 0x65, 0xa, 0x75, 0x65, 0x72, 0x34,
  0x69, 0x6c, 0xa, 0x33, 0x75, 0x66, 0x61, 0xa,
  0x75, 0x33, 0x66, 0x6c, 0xa, 0x75, 0x67, 0x68,
  0x33, 0x65, 0x6e, 0xa, 0x75, 0x67, 0x35, 0x69,
  0x6e, 0xa, 0x32, 0x75, 0x69, 0x32, 0xa, 0x75,
  0x69, 0x6c, 0x35, 0x69, 0x7a, 0xa, 0x75, 0x69,
  0x34, 0x6e, 0xa, 0x75, 0x31, 0x69, 0x6e, 0x67,
  0xa, 0x75, 0x69, 0x72, 0x34, 0x6d, 0xa, 0x75,
  0x69, 0x74, 0x61, 0x34, 0xa, 0x75, 0x69, 0x76,
  0x33, 0xa, 0x75, 0x69, 0x76, 0x34, 0x65, 0x72,
  0x2e, 0xa, 0x75, 0x35, 0x6a, 0xa, 0x34, 0x75,
  0x6b, 0xa, 0x75, 0x31, 0x6c, 0x61, 0xa, 0x75,
  0x6c, 0x61, 0x35, 0x62, 0xa, 0x75, 0x35, 0x6c,
  0x61, 0x74, 0x69, 0xa, 0x75, 0x6c, 0x63, 0x68,
  0x34, 0xa, 0x35, 0x75, 0x6c, 0x63, 0x68, 0x65,
  0xa, 0x75, 0x6c, 0x33, 0x64, 0x65, 0x72, 0xa,
  0x75, 0x6c, 0x34, 0x65, 0xa, 0x75, 0x31, 0x6c,
  0x65, 0x6e, 0xa, 0x75, 0x6c, 0x34, 0x67, 0x69,
  0xa, 0x75, 0x6c, 0x32, 0x69, 0xa, 0x75, 0x35,
  0x6c, 0x69, 0x61, 0xa, 0x75, 0x6c, 0x33, 0x69,
  0x6e, 0x67, 0xa, 0x75, 0x6c, 0x35, 0x69, 0x73,
  0x68, 0xa, 0x75, 0x6c, 0x34, 0x6c, 0x61, 0x72,
  0xa, 0x75, 0x6c, 0x34, 0x6c, 0x69, 0x34, 0x62,
  0xa, 0x75, 0x6c, 0x34, 0x6c, 0x69, 0x73, 0xa,
  0x34, 0x75, 0x6c, 0x33, 0x6d, 0xa, 0x75, 0x31,
  0x6c, 0x34, 0x6f, 0xa, 0x34, 0x75, 0x6c, 0x73,
  0xa, 0x75, 0x6c, 0x73, 0x35, 0x65, 0x73, 0xa,
  0x75, 0x6c, 0x31, 0x74, 0x69, 0xa, 0x75, 0x6c,
  0x74, 0x72, 0x61, 0x33, 0xa, 0x34, 0x75, 0x6c,
  0x74, 0x75, 0xa, 0x75, 0x33, 0x6c, 0x75, 0xa,
  0x75, 0x6c, 0x35, 0x75, 0x6c, 0xa, 0x75, 0x6c,
  0x35, 0x76, 0xa, 0x75, 0x6d, 0x35, 0x61, 0x62,
  0xa, 0x75, 0x6d, 0x34, 0x62, 0x69, 0xa, 0x75,
  0x6d, 0x34, 0x62, 0x6c, 0x79, 0xa, 0x75, 0x31,
  0x6d, 0x69, 0xa, 0x75, 0x34, 0x6d, 0x33, 0x69,
  0x6e, 0x67, 0xa, 0x75, 0x6d, 0x6f, 0x72, 0x35,
  0x6f, 0xa, 0x75, 0x6d, 0x32, 0x70, 0xa, 0x75,
  0x6e, 0x61, 0x74, 0x34, 0xa, 0x75, 0x32, 0x6e,
  0x65, 0xa, 0x75, 0x6e, 0x34, 0x65, 0x72, 0xa,
  0x75, 0x31, 0x6e, 0x69, 0xa, 0x75, 0x6e, 0x34,
  0x69, 0x6d, 0xa, 0x75, 0x32, 0x6e, 0x69, 0x6e,
  0xa, 0x75, 0x6e, 0x35, 0x69, 0x73, 0x68, 0xa,
  0x75, 0x6e, 0x69, 0x33, 0x76, 0xa, 0x75, 0x6e,
  0x33, 0x73, 0x34, 0xa, 0x75, 0x6e, 0x34, 0x73,
  0x77, 0xa, 0x75, 0x6e, 0x74, 0x33, 0x61, 0x62,
  0xa, 0x75, 0x6e, 0x34, 0x74, 0x65, 0x72, 0x2e,
  0xa, 0x75, 0x6e, 0x34, 0x74, 0x65, 0x73, 0xa,
  0x75, 0x6e, 0x75, 0x34, 0xa, 0x75, 0x6e, 0x35,
  0x79, 0xa, 0x75, 0x6e, 0x35, 0x7a, 0xa, 0x75,
  0x34, 0x6f, 0x72, 0x73, 0xa, 0x75, 0x35, 0x6f,
  0x73, 0xa, 0x75, 0x31, 0x6f, 0x75, 0xa, 0x75,
  0x31, 0x70, 0x65, 0xa, 0x75, 0x70, 0x65, 0x72,
  0x35, 0x73, 0xa, 0x75, 0x35, 0x70, 0x69, 0x61,
  0xa, 0x75, 0x70, 0x33, 0x69, 0x6e, 0x67, 0xa,
  0x75, 0x33, 0x70, 0x6c, 0xa, 0x75, 0x70, 0x33,
  0x70, 0xa, 0x75, 0x70, 0x70, 0x6f, 0x72, 0x74,
  0x35, 0xa, 0x75, 0x70, 0x74, 0x35, 0x69, 0x62,
  0xa, 0x75, 0x70, 0x74, 0x75, 0x34, 0xa, 0x75,
  0x31, 0x72, 0x61, 0xa, 0x34, 0x75, 0x72, 0x61,
  0x2e, 0xa, 0x75, 0x34, 0x72, 0x61, 0x67, 0xa,
  0x75, 0x34, 0x72, 0x61, 0x73, 0xa, 0x75, 0x72,
  0x34, 0x62, 0x65, 0xa, 0x75, 0x72, 0x63, 0x34,
  0xa, 0x75, 0x72, 0x31, 0x64, 0xa, 0x75, 0x72,
  0x65, 0x35, 0x61, 0x74, 0xa, 0x75, 0x72, 0x34,
  0x66, 0x65, 0x72, 0xa, 0x75, 0x72, 0x34, 0x66,
  0x72, 0xa, 0x75, 0x33, 0x72, 0x69, 0x66, 0xa,
  0x75, 0x72, 0x69, 0x34, 0x66, 0x69, 0x63, 0xa,
  0x75, 0x72, 0x31, 0x69, 0x6e, 0xa, 0x75, 0x33,
  0x72, 0x69, 0x6f, 0xa, 0x75, 0x31, 0x72, 0x69,
  0x74, 0xa, 0x75, 0x72, 0x33, 0x69, 0x7a, 0xa,
  0x75, 0x72, 0x32, 0x6c, 0xa, 0x75, 0x72, 0x6c,
  0x35, 0x69, 0x6e, 0x67, 0x2e, 0xa, 0x75, 0x72,
  0x34, 0x6e, 0x6f, 0xa, 0x75, 0x72, 0x6f, 0x73,
  0x34, 0xa, 0x75, 0x72, 0x34, 0x70, 0x65, 0xa,
  0x75, 0x72, 0x34, 0x70, 0x69, 0xa, 0x75, 0x72,
  0x73, 0x35, 0x65, 0x72, 0xa, 0x75, 0x72, 0x35,
  0x74, 0x65, 0x73, 0xa, 0x75, 0x72, 0x33, 0x74,
  0x68, 0x65, 0xa, 0x75, 0x72, 0x74, 0x69, 0x34,
  0xa, 0x75, 0x72, 0x34, 0x74, 0x69, 0x65, 0xa,
  0x75, 0x33, 0x72, 0x75, 0xa, 0x32, 0x75, 0x73,
  0xa, 0x75, 0x35, 0x73, 0x61, 0x64, 0xa, 0x75,
  0x35, 0x73, 0x61, 0x6e, 0xa, 0x75, 0x73, 0x34,
  0x61, 0x70, 0xa, 0x75, 0x73, 0x63, 0x32, 0xa,
  0x75, 0x73, 0x33, 0x63, 0x69, 0xa, 0x75, 0x73,
  0x65, 0x35, 0x61, 0xa, 0x75, 0x35, 0x73, 0x69,
  0x61, 0xa, 0x75, 0x33, 0x73, 0x69, 0x63, 0xa,
  0x75, 0x73, 0x34, 0x6c, 0x69, 0x6e, 0xa, 0x75,
  0x73, 0x31, 0x70, 0xa, 0x75, 0x73, 0x35, 0x73,
  0x6c, 0xa, 0x75, 0x73, 0x35, 0x74, 0x65, 0x72,
  0x65, 0xa, 0x75, 0x73, 0x31, 0x74, 0x72, 0xa,
  0x75, 0x32, 0x73, 0x75, 0xa, 0x75, 0x73, 0x75,
  0x72, 0x34, 0xa, 0x75, 0x74, 0x61, 0x34, 0x62,
  0xa, 0x75, 0x33, 0x74, 0x61, 0x74, 0xa, 0x34,
  0x75, 0x74, 0x65, 0x2e, 0xa, 0x34, 0x75, 0x74,
  0x65, 0x6c, 0xa, 0x34, 0x75, 0x74, 0x65, 0x6e,
  0xa, 0x75, 0x74, 0x65, 0x6e, 0x34, 0x69, 0xa,
  0x34, 0x75, 0x31, 0x74, 0x32, 0x69, 0xa, 0x75,
  0x74, 0x69, 0x35, 0x6c, 0x69, 0x7a, 0xa, 0x75,
  0x33, 0x74, 0x69, 0x6e, 0x65, 0xa, 0x75, 0x74,
  0x33, 0x69, 0x6e, 0x67, 0xa, 0x75, 0x74, 0x69,
  0x6f, 0x6e, 0x35, 0x61, 0xa, 0x75, 0x34, 0x74,
  0x69, 0x73, 0xa, 0x35, 0x75, 0x35, 0x74, 0x69,
  0x7a, 0xa, 0x75, 0x34, 0x74, 0x31, 0x6c, 0xa,
  0x75, 0x74, 0x35, 0x6f, 0x66, 0xa, 0x75, 0x74,
  0x6f, 0x35, 0x67, 0xa, 0x75, 0x74, 0x6f, 0x35,
  0x6d, 0x61, 0x74, 0x69, 0x63, 0xa, 0x75, 0x35,
  0x74, 0x6f, 0x6e, 0xa, 0x75, 0x34, 0x74, 0x6f,
  0x75, 0xa, 0x75, 0x74, 0x73, 0x34, 0xa, 0x75,
  0x33, 0x75, 0xa, 0x75, 0x75, 0x34, 0x6d, 0xa,
  0x75, 0x31, 0x76, 0x32, 0xa, 0x75, 0x78, 0x75,
  0x33, 0xa, 0x75, 0x7a, 0x34, 0x65, 0xa, 0x31,
  0x76, 0x61, 0xa, 0x35, 0x76, 0x61, 0x2e, 0xa,
  0x32, 0x76, 0x31, 0x61, 0x34, 0x62, 0xa, 0x76,
  0x61, 0x63, 0x35, 0x69, 0x6c, 0xa, 0x76, 0x61,
  0x63, 0x33, 0x75, 0xa, 0x76, 0x61, 0x67, 0x34,
  0xa, 0x76, 0x61, 0x34, 0x67, 0x65, 0xa, 0x76,
  0x61, 0x35, 0x6c, 0x69, 0x65, 0xa, 0x76, 0x61,
  0x6c, 0x35, 0x6f, 0xa, 0x76, 0x61, 0x6c, 0x31,
  0x75, 0xa, 0x76, 0x61, 0x35, 0x6d, 0x6f, 0xa,
  0x76, 0x61, 0x35, 0x6e, 0x69, 0x7a, 0xa, 0x76,
  0x61, 0x35, 0x70, 0x69, 0xa, 0x76, 0x61, 0x72,
  0x35, 0x69, 0x65, 0x64, 0xa, 0x33, 0x76, 0x61,
  0x74, 0xa, 0x34, 0x76, 0x65, 0x2e, 0xa, 0x34,
  0x76, 0x65, 0x64, 0xa, 0x76, 0x65, 0x67, 0x33,
  0xa, 0x76, 0x33, 0x65, 0x6c, 0x2e, 0xa, 0x76,
  0x65, 0x6c, 0x33, 0x6c, 0x69, 0xa, 0x76, 0x65,
  0x34, 0x6c, 0x6f, 0xa, 0x76, 0x34, 0x65, 0x6c,
  0x79, 0xa, 0x76, 0x65, 0x6e, 0x33, 0x6f, 0x6d,
  0xa, 0x76, 0x35, 0x65, 0x6e, 0x75, 0x65, 0xa,
  0x76, 0x34, 0x65, 0x72, 0x64, 0xa, 0x35, 0x76,
  0x65, 0x72, 0x65, 0x2e, 0xa, 0x76, 0x34, 0x65,
  0x72, 0x65, 0x6c, 0xa, 0x76, 0x33, 0x65, 0x72,
  0x65, 0x6e, 0xa, 0x76, 0x65, 0x72, 0x35, 0x65,
  0x6e, 0x63, 0xa, 0x76, 0x34, 0x65, 0x72, 0x65,
  0x73, 0xa, 0x76, 0x65, 0x72, 0x33, 0x69, 0x65,
  0xa, 0x76, 0x65, 0x72, 0x6d, 0x69, 0x34, 0x6e,
  0xa, 0x33, 0x76, 0x65, 0x72, 0x73, 0x65, 0xa,
  0x76, 0x65, 0x72, 0x33, 0x74, 0x68, 0xa, 0x76,
  0x34, 0x65, 0x32, 0x73, 0xa, 0x34, 0x76, 0x65,
  0x73, 0x2e, 0xa, 0x76, 0x65, 0x73, 0x34, 0x74,
  0x65, 0xa, 0x76, 0x65, 0x34, 0x74, 0x65, 0xa,
  0x76, 0x65, 0x74, 0x33, 0x65, 0x72, 0xa, 0x76,
  0x65, 0x34, 0x74, 0x79, 0xa, 0x76, 0x69, 0x35,
  0x61, 0x6c, 0x69, 0xa, 0x35, 0x76, 0x69, 0x61,
  0x6e, 0xa, 0x35, 0x76, 0x69, 0x64, 0x65, 0x2e,
  0xa, 0x35, 0x76, 0x69, 0x64, 0x65, 0x64, 0xa,
  0x34, 0x76, 0x33, 0x69, 0x64, 0x65, 0x6e, 0xa,
  0x35, 0x76, 0x69, 0x64, 0x65, 0x73, 0xa, 0x35,
  0x76, 0x69, 0x64, 0x69, 0xa, 0x76, 0x33, 0x69,
  0x66, 0xa, 0x76, 0x69, 0x35, 0x67, 0x6e, 0xa,
  0x76, 0x69, 0x6b, 0x34, 0xa, 0x32, 0x76, 0x69,
  0x6c, 0xa, 0x35, 0x76, 0x69, 0x6c, 0x69, 0x74,
  0xa, 0x76, 0x33, 0x69, 0x33, 0x6c, 0x69, 0x7a,
  0xa, 0x76, 0x31, 0x69, 0x6e, 0xa, 0x34, 0x76,
  0x69, 0x34, 0x6e, 0x61, 0xa, 0x76, 0x32, 0x69,
  0x6e, 0x63, 0xa, 0x76, 0x69, 0x6e, 0x35, 0x64,
  0xa, 0x34, 0x76, 0x69, 0x6e, 0x67, 0xa, 0x76,
  0x69, 0x6f, 0x33, 0x6c, 0xa, 0x76, 0x33, 0x69,
  0x6f, 0x34, 0x72, 0xa, 0x76, 0x69, 0x31, 0x6f,
  0x75, 0xa, 0x76, 0x69, 0x34, 0x70, 0xa, 0x76,
  0x69, 0x35, 0x72, 0x6f, 0xa, 0x76, 0x69, 0x73,
  0x33, 0x69, 0x74, 0xa, 0x76, 0x69, 0x33, 0x73,
  0x6f, 0xa, 0x76, 0x69, 0x33, 0x73, 0x75, 0xa,
  0x34, 0x76, 0x69, 0x74, 0x69, 0xa, 0x76, 0x69,
  0x74, 0x33, 0x72, 0xa, 0x34, 0x76, 0x69, 0x74,
  0x79, 0xa, 0x33, 0x76, 0x69, 0x76, 0xa, 0x35,
  0x76, 0x6f, 0x2e, 0xa, 0x76, 0x6f, 0x69, 0x34,
  0xa, 0x33, 0x76, 0x6f, 0x6b, 0xa, 0x76, 0x6f,
  0x34, 0x6c, 0x61, 0xa, 0x76, 0x35, 0x6f, 0x6c,
  0x65, 0xa, 0x35, 0x76, 0x6f, 0x6c, 0x74, 0xa,
  0x33, 0x76, 0x6f, 0x6c, 0x76, 0xa, 0x76, 0x6f,
  0x6d, 0x35, 0x69, 0xa, 0x76, 0x6f, 0x72, 0x35,
  0x61, 0x62, 0xa, 0x76, 0x6f, 0x72, 0x69, 0x34,
  0xa, 0x76, 0x6f, 0x34, 0x72, 0x79, 0xa, 0x76,
  0x6f, 0x34, 0x74, 0x61, 0xa, 0x34, 0x76, 0x6f,
  0x74, 0x65, 0x65, 0xa, 0x34, 0x76, 0x76, 0x34,
  0xa, 0x76, 0x34, 0x79, 0xa, 0x77, 0x35, 0x61,
  0x62, 0x6c, 0xa, 0x32, 0x77, 0x61, 0x63, 0xa,
  0x77, 0x61, 0x35, 0x67, 0x65, 0x72, 0xa, 0x77,
  0x61, 0x67, 0x35, 0x6f, 0xa, 0x77, 0x61, 0x69,
  0x74, 0x35, 0xa, 0x77, 0x35, 0x61, 0x6c, 0x2e,
  0xa, 0x77, 0x61, 0x6d, 0x34, 0xa, 0x77, 0x61,
  0x72, 0x34, 0x74, 0xa, 0x77, 0x61, 0x73, 0x34,
  0x74, 0xa, 0x77, 0x61, 0x31, 0x74, 0x65, 0xa,
  0x77, 0x61, 0x35, 0x76, 0x65, 0x72, 0xa, 0x77,
  0x31, 0x62, 0xa, 0x77, 0x65, 0x61, 0x35, 0x72,
  0x69, 0x65, 0xa, 0x77, 0x65, 0x61, 0x74, 0x68,
  0x33, 0xa, 0x77, 0x65, 0x64, 0x34, 0x6e, 0xa,
  0x77, 0x65, 0x65, 0x74, 0x33, 0xa, 0x77, 0x65,
  0x65, 0x35, 0x76, 0xa, 0x77, 0x65, 0x6c, 0x34,
  0x6c, 0xa, 0x77, 0x31, 0x65, 0x72, 0xa, 0x77,
  0x65, 0x73, 0x74, 0x33, 0xa, 0x77, 0x33, 0x65,
  0x76, 0xa, 0x77, 0x68, 0x69, 0x34, 0xa, 0x77,
  0x69, 0x32, 0xa, 0x77, 0x69, 0x6c, 0x32, 0xa,
  0x77, 0x69, 0x6c, 0x6c, 0x35, 0x69, 0x6e, 0xa,
  0x77, 0x69, 0x6e, 0x34, 0x64, 0x65, 0xa, 0x77,
  0x69, 0x6e, 0x34, 0x67, 0xa, 0x77, 0x69, 0x72,
  0x34, 0xa, 0x33, 0x77, 0x69, 0x73, 0x65, 0xa,
  0x77, 0x69, 0x74, 0x68, 0x33, 0xa, 0x77, 0x69,
  0x7a, 0x35, 0xa, 0x77, 0x34, 0x6b, 0xa, 0x77,
  0x6c, 0x34, 0x65, 0x73, 0xa, 0x77, 0x6c, 0x33,
  0x69, 0x6e, 0xa, 0x77, 0x34, 0x6e, 0x6f, 0xa,
  0x31, 0x77, 0x6f, 0x32, 0xa, 0x77, 0x6f, 0x6d,
  0x31, 0xa, 0x77, 0x6f, 0x35, 0x76, 0x65, 0x6e,
  0xa, 0x77, 0x35, 0x70, 0xa, 0x77, 0x72, 0x61,
  0x34, 0xa, 0x77, 0x72, 0x69, 0x34, 0xa, 0x77,
  0x72, 0x69, 0x74, 0x61, 0x34, 0xa, 0x77, 0x33,
  0x73, 0x68, 0xa, 0x77, 0x73, 0x34, 0x6c, 0xa,
  0x77, 0x73, 0x34, 0x70, 0x65, 0xa, 0x77, 0x35,
  0x73, 0x34, 0x74, 0xa, 0x34, 0x77, 0x74, 0xa,
  0x77, 0x79, 0x34, 0xa, 0x78, 0x31, 0x61, 0xa,
  0x78, 0x61, 0x63, 0x35, 0x65, 0xa, 0x78, 0x34,
  0x61, 0x67, 0x6f, 0xa, 0x78, 0x61, 0x6d, 0x33,
  0xa, 0x78, 0x34, 0x61, 0x70, 0xa, 0x78, 0x61,
  0x73, 0x35, 0xa, 0x78, 0x33, 0x63, 0x32, 0xa,
  0x78, 0x31, 0x65, 0xa, 0x78, 0x65, 0x34, 0x63,
  0x75, 0x74, 0x6f, 0xa, 0x78, 0x32, 0x65, 0x64,
  0xa, 0x78, 0x65, 0x72, 0x34, 0x69, 0xa, 0x78,
  0x65, 0x35, 0x72, 0x6f, 0xa, 0x78, 0x31, 0x68,
  0xa, 0x78, 0x68, 0x69, 0x32, 0xa, 0x78, 0x68,
  0x69, 0x6c, 0x35, 0xa, 0x78, 0x68, 0x75, 0x34,
  0xa, 0x78, 0x33, 0x69, 0xa, 0x78, 0x69, 0x35,
  0x61, 0xa, 0x78, 0x69, 0x35, 0x63, 0xa, 0x78,
  0x69, 0x35, 0x64, 0x69, 0xa, 0x78, 0x34, 0x69,
  0x6d, 0x65, 0xa, 0x78, 0x69, 0x35, 0x6d, 0x69,
  0x7a, 0xa, 0x78, 0x33, 0x6f, 0xa, 0x78, 0x34,
  0x6f, 0x62, 0xa, 0x78, 0x33, 0x70, 0xa, 0x78,
  0x70, 0x61, 0x6e, 0x34, 0x64, 0xa, 0x78, 0x70,
  0x65, 0x63, 0x74, 0x6f, 0x35, 0xa, 0x78, 0x70,
  0x65, 0x33, 0x64, 0xa, 0x78, 0x31, 0x74, 0x32,
  0xa, 0x78, 0x33, 0x74, 0x69, 0xa, 0x78, 0x31,
  0x75, 0xa, 0x78, 0x75, 0x33, 0x61, 0xa, 0x78,
  0x78, 0x34, 0xa, 0x79, 0x35, 0x61, 0x63, 0xa,
  0x33, 0x79, 0x61, 0x72, 0x34, 0xa, 0x79, 0x35,
  0x61, 0x74, 0xa, 0x79, 0x31, 0x62, 0xa, 0x79,
  0x31, 0x63, 0xa, 0x79, 0x32, 0x63, 0x65, 0xa,
  0x79, 0x63, 0x35, 0x65, 0x72, 0xa, 0x79, 0x33,
  0x63, 0x68, 0xa, 0x79, 0x63, 0x68, 0x34, 0x65,
  0xa, 0x79, 0x63, 0x6f, 0x6d, 0x34, 0xa, 0x79,
  0x63, 0x6f, 0x74, 0x34, 0xa, 0x79, 0x31, 0x64,
  0xa, 0x79, 0x35, 0x65, 0x65, 0xa, 0x79, 0x31,
  0x65, 0x72, 0xa, 0x79, 0x34, 0x65, 0x72, 0x66,
  0xa, 0x79, 0x65, 0x73, 0x34, 0xa, 0x79, 0x65,
  0x34, 0x74, 0xa, 0x79, 0x35, 0x67, 0x69, 0xa,
  0x34, 0x79, 0x33, 0x68, 0xa, 0x79, 0x31, 0x69,
  0xa, 0x79, 0x33, 0x6c, 0x61, 0xa, 0x79, 0x6c,
  0x6c, 0x61, 0x35, 0x62, 0x6c, 0xa, 0x79, 0x33,
  0x6c, 0x6f, 0xa, 0x79, 0x35, 0x6c, 0x75, 0xa,
  0x79, 0x6d, 0x62, 0x6f, 0x6c, 0x35, 0xa, 0x79,
  0x6d, 0x65, 0x34, 0xa, 0x79, 0x6d, 0x70, 0x61,
  0x33, 0xa, 0x79, 0x6e, 0x33, 0x63, 0x68, 0x72,
  0xa, 0x79, 0x6e, 0x35, 0x64, 0xa, 0x79, 0x6e,
  0x35, 0x67, 0xa, 0x79, 0x6e, 0x35, 0x69, 0x63,
  0xa, 0x35, 0x79, 0x6e, 0x78, 0xa, 0x79, 0x31,
  0x6f, 0x34, 0xa, 0x79, 0x6f, 0x35, 0x64, 0xa,
  0x79, 0x34, 0x6f, 0x35, 0x67, 0xa, 0x79, 0x6f,
  0x6d, 0x34, 0xa, 0x79, 0x6f, 0x35, 0x6e, 0x65,
  0x74, 0xa, 0x79, 0x34, 0x6f, 0x6e, 0x73, 0xa,
  0x79, 0x34, 0x6f, 0x73, 0xa, 0x79, 0x34, 0x70,
  0x65, 0x64, 0xa, 0x79, 0x70, 0x65, 0x72, 0x35,
  0xa, 0x79, 0x70, 0x33, 0x69, 0xa, 0x79, 0x33,
  0x70, 0x6f, 0xa, 0x79, 0x34, 0x70, 0x6f, 0x63,
  0xa, 0x79, 0x70, 0x32, 0x74, 0x61, 0xa, 0x79,
  0x35, 0x70, 0x75, 0xa, 0x79, 0x72, 0x61, 0x35,
  0x6d, 0xa, 0x79, 0x72, 0x35, 0x69, 0x61, 0xa,
  0x79, 0x33, 0x72, 0x6f, 0xa, 0x79, 0x72, 0x34,
  0x72, 0xa, 0x79, 0x73, 0x34, 0x63, 0xa, 0x79,
  0x33, 0x73, 0x32, 0x65, 0xa, 0x79, 0x73, 0x33,
  0x69, 0x63, 0x61, 0xa, 0x79, 0x73, 0x33, 0x69,
  0x6f, 0xa, 0x33, 0x79, 0x73, 0x69, 0x73, 0xa,
  0x79, 0x34, 0x73, 0x6f, 0xa, 0x79, 0x73, 0x73,
  0x34, 0xa, 0x79, 0x73, 0x31, 0x74, 0xa, 0x79,
  0x73, 0x33, 0x74, 0x61, 0xa, 0x79, 0x73, 0x75,
  0x72, 0x34, 0xa, 0x79, 0x33, 0x74, 0x68, 0x69,
  0x6e, 0xa, 0x79, 0x74, 0x33, 0x69, 0x63, 0xa,
  0x79, 0x31, 0x77, 0xa, 0x7a, 0x61, 0x31, 0xa,
  0x7a, 0x35, 0x61, 0x32, 0x62, 0xa, 0x7a, 0x61,
  0x72, 0x32, 0xa, 0x34, 0x7a, 0x62, 0xa, 0x32,
  0x7a, 0x65, 0xa, 0x7a, 0x65, 0x34, 0x6e, 0xa,
  0x7a, 0x65, 0x34, 0x70, 0xa, 0x7a, 0x31, 0x65,
  0x72, 0xa, 0x7a, 0x65, 0x33, 0x72, 0x6f, 0xa,
  0x7a, 0x65, 0x74, 0x34, 0xa, 0x32, 0x7a, 0x31,
  0x69, 0xa, 0x7a, 0x34, 0x69, 0x6c, 0xa, 0x7a,
  0x34, 0x69, 0x73, 0xa, 0x35, 0x7a, 0x6c, 0xa,
  0x34, 0x7a, 0x6d, 0xa, 0x31, 0x7a, 0x6f, 0xa,
  0x7a, 0x6f, 0x34, 0x6d, 0xa, 0x7a, 0x6f, 0x35,
  0x6f, 0x6c, 0xa, 0x7a, 0x74, 0x65, 0x34, 0xa,
  0x34, 0x7a, 0x31, 0x7a, 0x32, 0xa, 0x7a, 0x34,
  0x7a, 0x79, 0xa, 0x25, 0x20, 0x68, 0x79, 0x70,
  0x68, 0x65, 0x6e, 0x2e, 0x74, 0x65, 0x78, 0x20,
  0x70, 0x61, 0x74, 0x74, 0x65, 0x72, 0x6e, 0x73,
  0x20, 0x65, 0x6e, 0x64, 0x20, 0x68, 0x65, 0x72,
  0x65, 0x2c, 0x20, 0x61, 0x6e, 0x64, 0x20, 0x61,
  0x64, 0x64, 0x69, 0x74, 0x69, 0x6f, 0x6e, 0x61,
  0x6c, 0x20, 0x70, 0x61, 0x74, 0x74, 0x65, 0x72,
  0x6e, 0x73, 0x20, 0x62, 0x65, 0x67, 0x69, 0x6e,
  0x3a, 0xa, 0x2e, 0x63, 0x6f, 0x6e, 0x35, 0x67,
  0x72, 0xa, 0x2e, 0x64, 0x65, 0x35, 0x72, 0x69,
  0x76, 0x61, 0xa, 0x2e, 0x64, 0x72, 0x69, 0x35,
  0x76, 0x34, 0xa, 0x2e, 0x65, 0x74, 0x68, 0x31,
  0x79, 0x36, 0x6c, 0x31, 0xa, 0x2e, 0x65, 0x75,
  0x34, 0x6c, 0x65, 0x72, 0xa, 0x2e, 0x65, 0x76,
  0x32, 0xa, 0x2e, 0x65, 0x76, 0x65, 0x72, 0x35,
  0x73, 0x69, 0x35, 0x62, 0xa, 0x2e, 0x67, 0x61,
  0x34, 0x73, 0x31, 0x6f, 0x6d, 0x31, 0xa, 0x2e,
  0x67, 0x65, 0x34, 0x6f, 0x6d, 0x65, 0xa, 0x2e,
  0x67, 0x65, 0x35, 0x6f, 0x74, 0x31, 0xa, 0x2e,
  0x68, 0x65, 0x33, 0x6d, 0x6f, 0x31, 0xa, 0x2e,
  0x68, 0x65, 0x33, 0x70, 0x36, 0x61, 0xa, 0x2e,
  0x68, 0x65, 0x33, 0x72, 0x6f, 0x65, 0xa, 0x2e,
  0x69, 0x6e, 0x35, 0x75, 0x32, 0x74, 0xa, 0x2e,
  0x6b, 0x69, 0x6c, 0x32, 0x6e, 0x33, 0x69, 0xa,
  0x2e, 0x6b, 0x6f, 0x36, 0x72, 0x31, 0x74, 0x65,
  0x31, 0xa, 0x2e, 0x6c, 0x65, 0x36, 0x69, 0x63,
  0x65, 0x73, 0xa, 0x2e, 0x6d, 0x65, 0x34, 0x67,
  0x61, 0x31, 0x6c, 0xa, 0x2e, 0x6d, 0x65, 0x74,
  0x34, 0x61, 0x6c, 0x61, 0xa, 0x2e, 0x6d, 0x69,
  0x6d, 0x35, 0x69, 0x32, 0x63, 0x31, 0xa, 0x2e,
  0x6d, 0x69, 0x31, 0x73, 0x34, 0x65, 0x72, 0x73,
  0xa, 0x2e, 0x6e, 0x65, 0x36, 0x6f, 0x33, 0x66,
  0xa, 0x2e, 0x6e, 0x6f, 0x65, 0x31, 0x74, 0x68,
  0xa, 0x2e, 0x6e, 0x6f, 0x6e, 0x31, 0x65, 0x32,
  0x6d, 0xa, 0x2e, 0x70, 0x6f, 0x6c, 0x79, 0x31,
  0x73, 0xa, 0x2e, 0x70, 0x6f, 0x73, 0x74, 0x31,
  0x61, 0x6d, 0xa, 0x2e, 0x70, 0x72, 0x65, 0x31,
  0x61, 0x6d, 0xa, 0x2e, 0x72, 0x61, 0x76, 0x35,
  0x65, 0x6e, 0x31, 0x6f, 0xa, 0x2e, 0x73, 0x65,
  0x6d, 0x69, 0x35, 0xa, 0x2e, 0x73, 0x65, 0x6d,
  0x34, 0x69, 0x63, 0xa, 0x2e, 0x73, 0x65, 0x6d,
  0x69, 0x64, 0x36, 0xa, 0x2e, 0x73, 0x65, 0x6d,
  0x69, 0x70, 0x34, 0xa, 0x2e, 0x73, 0x65, 0x6d,
  0x69, 0x72, 0x34, 0xa, 0x2e, 0x73, 0x65, 0x6d,
  0x36, 0x69, 0x73, 0x34, 0xa, 0x2e, 0x73, 0x65,
  0x6d, 0x69, 0x76, 0x34, 0xa, 0x2e, 0x73, 0x70,
  0x68, 0x36, 0x69, 0x6e, 0x31, 0xa, 0x2e, 0x73,
  0x70, 0x69, 0x6e, 0x31, 0x6f, 0xa, 0x2e, 0x74,
  0x61, 0x35, 0x70, 0x65, 0x73, 0x31, 0x74, 0x72,
  0xa, 0x2e, 0x74, 0x65, 0x33, 0x6c, 0x65, 0x67,
  0x72, 0xa, 0x2e, 0x74, 0x6f, 0x36, 0x70, 0x6f,
  0x67, 0xa, 0x2e, 0x74, 0x6f, 0x32, 0x71, 0xa,
  0x2e, 0x75, 0x6e, 0x33, 0x61, 0x74, 0x35, 0x74,
  0xa, 0x2e, 0x75, 0x6e, 0x35, 0x65, 0x72, 0x72,
  0x35, 0xa, 0x2e, 0x76, 0x69, 0x32, 0x63, 0x33,
  0x61, 0x72, 0xa, 0x2e, 0x77, 0x65, 0x32, 0x62,
  0x31, 0x6c, 0xa, 0x2e, 0x72, 0x65, 0x31, 0x65,
  0x34, 0x63, 0xa, 0x61, 0x35, 0x62, 0x6f, 0x6c,
  0x69, 0x63, 0xa, 0x61, 0x32, 0x63, 0x61, 0x62,
  0x6c, 0xa, 0x61, 0x66, 0x36, 0x66, 0x69, 0x73,
  0x68, 0xa, 0x61, 0x6d, 0x31, 0x65, 0x6e, 0x33,
  0x74, 0x61, 0x35, 0x62, 0xa, 0x61, 0x6e, 0x61,
  0x6c, 0x36, 0x79, 0x73, 0xa, 0x61, 0x6e, 0x6f,
  0x35, 0x61, 0x32, 0x63, 0xa, 0x61, 0x6e, 0x73,
  0x35, 0x67, 0x72, 0xa, 0x61, 0x6e, 0x73, 0x33,
  0x76, 0xa, 0x61, 0x6e, 0x74, 0x69, 0x31, 0x64,
  0xa, 0x61, 0x6e, 0x33, 0x74, 0x69, 0x31, 0x6e,
  0x32, 0xa, 0x61, 0x6e, 0x74, 0x69, 0x31, 0x72,
  0x65, 0xa, 0x61, 0x34, 0x70, 0x65, 0x35, 0x61,
  0x62, 0x6c, 0x65, 0xa, 0x61, 0x72, 0x33, 0x63,
  0x68, 0x65, 0x35, 0x74, 0xa, 0x61, 0x72, 0x32,
  0x72, 0x61, 0x6e, 0x67, 0x65, 0xa, 0x61, 0x73,
  0x35, 0x79, 0x6d, 0x70, 0x74, 0x6f, 0x74, 0xa,
  0x61, 0x74, 0x68, 0x33, 0x65, 0x72, 0x31, 0x6f,
  0x31, 0x73, 0xa, 0x61, 0x74, 0x36, 0x74, 0x65,
  0x73, 0x2e, 0xa, 0x61, 0x75, 0x67, 0x68, 0x34,
  0x74, 0x6c, 0xa, 0x61, 0x75, 0x35, 0x6c, 0x69,
  0x35, 0x66, 0xa, 0x61, 0x76, 0x33, 0x69, 0x6f,
  0x75, 0xa, 0x62, 0x61, 0x63, 0x6b, 0x32, 0x65,
  0x72, 0x2e, 0xa, 0x62, 0x61, 0x36, 0x72, 0x31,
  0x6f, 0x6e, 0x69, 0x65, 0xa, 0x62, 0x61, 0x31,
  0x74, 0x68, 0x79, 0xa, 0x62, 0x62, 0x69, 0x34,
  0x74, 0xa, 0x62, 0x65, 0x32, 0x76, 0x69, 0x65,
  0xa, 0x62, 0x69, 0x35, 0x64, 0x32, 0x69, 0x66,
  0xa, 0x62, 0x69, 0x6c, 0x32, 0x6c, 0x61, 0x62,
  0xa, 0x62, 0x69, 0x6f, 0x35, 0x6d, 0xa, 0x62,
  0x69, 0x31, 0x6f, 0x72, 0x62, 0xa, 0x62, 0x69,
  0x6f, 0x31, 0x72, 0x68, 0xa, 0x62, 0x31, 0x69,
  0x33, 0x74, 0x69, 0x76, 0x65, 0xa, 0x62, 0x6c,
  0x61, 0x6e, 0x32, 0x64, 0x31, 0xa, 0x62, 0x6c,
  0x69, 0x6e, 0x32, 0x64, 0x31, 0xa, 0x62, 0x6c,
  0x6f, 0x6e, 0x32, 0x64, 0x32, 0xa, 0x62, 0x6f,
  0x72, 0x31, 0x6e, 0x6f, 0x35, 0xa, 0x62, 0x6f,
  0x32, 0x74, 0x31, 0x75, 0x31, 0x6c, 0xa, 0x62,
  0x72, 0x75, 0x73, 0x34, 0x71, 0xa, 0x62, 0x75,
  0x73, 0x36, 0x69, 0x32, 0x65, 0x72, 0xa, 0x62,
  0x75, 0x73, 0x36, 0x69, 0x32, 0x65, 0x73, 0xa,
  0x62, 0x75, 0x73, 0x73, 0x34, 0x69, 0x6e, 0x67,
  0xa, 0x62, 0x75, 0x74, 0x32, 0x65, 0x64, 0x2e,
  0xa, 0x62, 0x75, 0x74, 0x34, 0x74, 0x65, 0x64,
  0xa, 0x63, 0x61, 0x64, 0x35, 0x65, 0x31, 0x6d,
  0xa, 0x63, 0x61, 0x74, 0x31, 0x61, 0x31, 0x73,
  0x32, 0xa, 0x34, 0x63, 0x68, 0x73, 0x2e, 0xa,
  0x63, 0x68, 0x73, 0x33, 0x68, 0x75, 0xa, 0x63,
  0x68, 0x69, 0x65, 0x35, 0x76, 0x6f, 0xa, 0x63,
  0x69, 0x67, 0x33, 0x61, 0x33, 0x72, 0xa, 0x63,
  0x69, 0x6e, 0x32, 0x71, 0xa, 0x63, 0x6c, 0x65,
  0x34, 0x61, 0x72, 0xa, 0x63, 0x6f, 0x36, 0x70,
  0x68, 0x31, 0x6f, 0x33, 0x6e, 0xa, 0x63, 0x6f,
  0x75, 0x73, 0x32, 0x74, 0x69, 0xa, 0x63, 0x72,
  0x69, 0x33, 0x74, 0x69, 0x65, 0xa, 0x63, 0x72,
  0x6f, 0x63, 0x31, 0x6f, 0x31, 0x64, 0xa, 0x63,
  0x72, 0x6f, 0x35, 0x65, 0x32, 0x63, 0x6f, 0xa,
  0x63, 0x32, 0x74, 0x72, 0x6f, 0x33, 0x6d, 0x65,
  0x36, 0x63, 0xa, 0x31, 0x63, 0x75, 0x32, 0x72,
  0x31, 0x61, 0x6e, 0x63, 0x65, 0xa, 0x32, 0x64,
  0x33, 0x61, 0x6c, 0x6f, 0x6e, 0x65, 0xa, 0x64,
  0x61, 0x74, 0x61, 0x31, 0x62, 0xa, 0x64, 0x64,
  0x35, 0x61, 0x35, 0x62, 0xa, 0x64, 0x32, 0x64,
  0x35, 0x69, 0x62, 0xa, 0x64, 0x65, 0x34, 0x61,
  0x6c, 0x73, 0x2e, 0xa, 0x64, 0x65, 0x35, 0x63,
  0x6c, 0x61, 0x72, 0x31, 0xa, 0x64, 0x65, 0x32,
  0x63, 0x35, 0x6c, 0x69, 0x6e, 0x61, 0xa, 0x64,
  0x65, 0x33, 0x66, 0x69, 0x6e, 0x33, 0x69, 0x74,
  0x69, 0xa, 0x64, 0x65, 0x32, 0x6d, 0x6f, 0x73,
  0xa, 0x64, 0x65, 0x73, 0x33, 0x69, 0x63, 0xa,
  0x64, 0x65, 0x32, 0x74, 0x69, 0x63, 0xa, 0x64,
  0x69, 0x63, 0x31, 0x61, 0x69, 0x64, 0xa, 0x64,
  0x69, 0x66, 0x35, 0x66, 0x72, 0x61, 0xa, 0x33,
  0x64, 0x69, 0x31, 0x6d, 0x65, 0x74, 0x68, 0x79,
  0xa, 0x64, 0x69, 0x32, 0x72, 0x65, 0x6e, 0xa,
  0x64, 0x69, 0x32, 0x72, 0x65, 0x72, 0xa, 0x32,
  0x64, 0x31, 0x6c, 0x65, 0x61, 0x64, 0xa, 0x32,
  0x64, 0x31, 0x6c, 0x69, 0x32, 0x65, 0xa, 0x33,
  0x64, 0x6f, 0x35, 0x77, 0x6f, 0x72, 0x64, 0xa,
  0x64, 0x72, 0x65, 0x6e, 0x31, 0x61, 0x35, 0x6c,
  0xa, 0x64, 0x72, 0x69, 0x66, 0x32, 0x74, 0x31,
  0x61, 0xa, 0x64, 0x31, 0x72, 0x69, 0x33, 0x70,
  0x6c, 0x65, 0x67, 0x35, 0xa, 0x64, 0x72, 0x6f,
  0x6d, 0x33, 0x65, 0x35, 0x64, 0xa, 0x64, 0x33,
  0x74, 0x61, 0x62, 0xa, 0x64, 0x75, 0x32, 0x61,
  0x6c, 0x2e, 0xa, 0x64, 0x75, 0x31, 0x6f, 0x70,
  0x31, 0x6f, 0x31, 0x6c, 0xa, 0x65, 0x61, 0x34,
  0x6e, 0x33, 0x69, 0x65, 0x73, 0xa, 0x65, 0x33,
  0x63, 0x68, 0x61, 0x73, 0xa, 0x65, 0x64, 0x67,
  0x31, 0x6c, 0xa, 0x65, 0x64, 0x31, 0x75, 0x6c,
  0x69, 0x6e, 0x67, 0xa, 0x65, 0x6c, 0x69, 0x32,
  0x74, 0x31, 0x69, 0x73, 0xa, 0x65, 0x31, 0x6c,
  0x6f, 0x61, 0xa, 0x65, 0x6e, 0x31, 0x64, 0x69,
  0x78, 0xa, 0x65, 0x6f, 0x33, 0x67, 0x72, 0x61,
  0x70, 0xa, 0x31, 0x65, 0x36, 0x70, 0x33, 0x69,
  0x33, 0x6e, 0x65, 0x70, 0x68, 0x31, 0xa, 0x65,
  0x32, 0x72, 0x33, 0x69, 0x34, 0x61, 0x6e, 0x2e,
  0xa, 0x65, 0x33, 0x73, 0x70, 0x61, 0x63, 0x36,
  0x69, 0xa, 0x65, 0x74, 0x68, 0x31, 0x79, 0x36,
  0x6c, 0x31, 0x65, 0x6e, 0x65, 0xa, 0x35, 0x65,
  0x75, 0x32, 0x63, 0x6c, 0x69, 0x64, 0x31, 0xa,
  0x66, 0x65, 0x62, 0x31, 0x72, 0x75, 0x61, 0xa,
  0x66, 0x65, 0x72, 0x6d, 0x69, 0x31, 0x6f, 0xa,
  0x33, 0x66, 0x69, 0x63, 0x68, 0xa, 0x66, 0x69,
  0x74, 0x35, 0x74, 0x65, 0x64, 0x2e, 0xa, 0x66,
  0x6c, 0x61, 0x31, 0x67, 0x36, 0x65, 0x6c, 0xa,
  0x66, 0x6c, 0x6f, 0x77, 0x32, 0x65, 0x72, 0x2e,
  0xa, 0x33, 0x66, 0x6c, 0x75, 0x6f, 0x72, 0xa,
  0x67, 0x65, 0x6e, 0x32, 0x63, 0x79, 0x2e, 0xa,
  0x67, 0x65, 0x33, 0x6f, 0x31, 0x64, 0xa, 0x67,
  0x68, 0x74, 0x31, 0x77, 0x65, 0xa, 0x67, 0x31,
  0x6c, 0x65, 0x61, 0x64, 0xa, 0x67, 0x65, 0x74,
  0x32, 0x69, 0x63, 0x2e, 0xa, 0x34, 0x67, 0x31,
  0x6c, 0x69, 0x73, 0x68, 0xa, 0x35, 0x67, 0x6c,
  0x6f, 0x35, 0x62, 0x69, 0x6e, 0xa, 0x31, 0x67,
  0x32, 0x6e, 0x61, 0x63, 0xa, 0x67, 0x6e, 0x65,
  0x74, 0x31, 0x69, 0x73, 0x6d, 0xa, 0x67, 0x6e,
  0x6f, 0x35, 0x6d, 0x6f, 0xa, 0x67, 0x32, 0x6e,
  0x31, 0x6f, 0x72, 0x2e, 0xa, 0x67, 0x32, 0x6e,
  0x6f, 0x72, 0x65, 0x73, 0x70, 0xa, 0x32, 0x67,
  0x31, 0x6f, 0x34, 0x6e, 0x33, 0x69, 0x31, 0x7a,
  0x61, 0xa, 0x67, 0x72, 0x61, 0x70, 0x68, 0x35,
  0x65, 0x72, 0x2e, 0xa, 0x67, 0x72, 0x69, 0x65,
  0x76, 0x31, 0xa, 0x67, 0x31, 0x75, 0x74, 0x61,
  0x6e, 0xa, 0x68, 0x61, 0x69, 0x72, 0x31, 0x73,
  0xa, 0x68, 0x61, 0x32, 0x70, 0x33, 0x61, 0x72,
  0x35, 0x72, 0xa, 0x68, 0x61, 0x74, 0x63, 0x68,
  0x31, 0xa, 0x68, 0x65, 0x78, 0x32, 0x61, 0x33,
  0xa, 0x68, 0x69, 0x74, 0x65, 0x33, 0x73, 0x69,
  0x64, 0xa, 0x68, 0x33, 0x69, 0x35, 0x70, 0x65,
  0x6c, 0x31, 0x61, 0x34, 0xa, 0x68, 0x6e, 0x61,
  0x75, 0x33, 0x7a, 0xa, 0x68, 0x6f, 0x36, 0x72,
  0x31, 0x69, 0x63, 0x2e, 0xa, 0x68, 0x32, 0x74,
  0x31, 0x65, 0x6f, 0x75, 0xa, 0x68, 0x79, 0x70,
  0x6f, 0x31, 0x74, 0x68, 0x61, 0xa, 0x69, 0x64,
  0x34, 0x69, 0x6f, 0x73, 0xa, 0x69, 0x66, 0x61,
  0x63, 0x31, 0x65, 0x74, 0xa, 0x69, 0x67, 0x6e,
  0x34, 0x69, 0x74, 0xa, 0x69, 0x67, 0x6e, 0x69,
  0x74, 0x31, 0x65, 0x72, 0xa, 0x69, 0x34, 0x6a,
  0x6b, 0xa, 0x69, 0x6d, 0x33, 0x70, 0x65, 0x64,
  0x33, 0x61, 0xa, 0x69, 0x6e, 0x66, 0x72, 0x61,
  0x31, 0x73, 0x32, 0xa, 0x69, 0x35, 0x6e, 0x69,
  0x74, 0x65, 0x6c, 0x79, 0x2e, 0xa, 0x69, 0x72,
  0x72, 0x65, 0x36, 0x76, 0x33, 0x6f, 0x63, 0xa,
  0x69, 0x31, 0x74, 0x65, 0x73, 0x69, 0x6d, 0x61,
  0xa, 0x69, 0x74, 0x68, 0x35, 0x69, 0x32, 0x6c,
  0xa, 0x69, 0x74, 0x69, 0x6e, 0x35, 0x65, 0x72,
  0x35, 0x61, 0x72, 0xa, 0x6a, 0x61, 0x6e, 0x75,
  0x33, 0x61, 0xa, 0x6a, 0x61, 0x70, 0x61, 0x6e,
  0x31, 0x65, 0x32, 0x73, 0xa, 0x6a, 0x65, 0x31,
  0x72, 0x65, 0x31, 0x6d, 0xa, 0x31, 0x6b, 0x65,
  0x36, 0x6c, 0x69, 0x6e, 0x67, 0xa, 0x31, 0x6b,
  0x69, 0x35, 0x6e, 0x65, 0x74, 0x69, 0x63, 0xa,
  0x31, 0x6b, 0x6f, 0x76, 0x69, 0x61, 0x6e, 0xa,
  0x6b, 0x33, 0x73, 0x68, 0x61, 0xa, 0x6c, 0x61,
  0x34, 0x63, 0x33, 0x69, 0x35, 0x65, 0xa, 0x6c,
  0x61, 0x69, 0x36, 0x6e, 0x33, 0x65, 0x73, 0x73,
  0xa, 0x6c, 0x61, 0x72, 0x35, 0x63, 0x65, 0x31,
  0x6e, 0xa, 0x6c, 0x33, 0x63, 0x68, 0x61, 0x69,
  0xa, 0x6c, 0x33, 0x63, 0x68, 0x69, 0x6c, 0x36,
  0x64, 0x31, 0xa, 0x6c, 0x65, 0x61, 0x64, 0x36,
  0x65, 0x72, 0x2e, 0xa, 0x6c, 0x65, 0x61, 0x34,
  0x73, 0x31, 0x61, 0xa, 0x31, 0x6c, 0x65, 0x63,
  0x33, 0x74, 0x61, 0x36, 0x62, 0xa, 0x6c, 0x65,
  0x33, 0x67, 0x36, 0x65, 0x6e, 0x32, 0x64, 0x72,
  0x65, 0xa, 0x31, 0x6c, 0x65, 0x31, 0x6e, 0x6f,
  0x69, 0x64, 0xa, 0x6c, 0x69, 0x74, 0x68, 0x31,
  0x6f, 0x35, 0x67, 0xa, 0x6c, 0x6c, 0x31, 0x66,
  0x6c, 0xa, 0x6c, 0x32, 0x6c, 0x33, 0x69, 0x73,
  0x68, 0xa, 0x6c, 0x35, 0x6d, 0x6f, 0x33, 0x6e,
  0x65, 0x6c, 0x6c, 0xa, 0x6c, 0x6f, 0x31, 0x62,
  0x6f, 0x74, 0x31, 0x6f, 0x31, 0xa, 0x6c, 0x6f,
  0x32, 0x67, 0x65, 0x73, 0x2e, 0xa, 0x6c, 0x6f,
  0x61, 0x64, 0x34, 0x65, 0x64, 0x2e, 0xa, 0x6c,
  0x6f, 0x61, 0x64, 0x36, 0x65, 0x72, 0x2e, 0xa,
  0x6c, 0x33, 0x74, 0x65, 0x61, 0xa, 0x6c, 0x74,
  0x68, 0x35, 0x69, 0x32, 0x6c, 0x79, 0xa, 0x6c,
  0x75, 0x65, 0x31, 0x70, 0xa, 0x31, 0x6c, 0x75,
  0x6e, 0x6b, 0x33, 0x65, 0x72, 0xa, 0x31, 0x6c,
  0x75, 0x6d, 0x35, 0x62, 0x69, 0x61, 0x2e, 0xa,
  0x33, 0x6c, 0x79, 0x67, 0x31, 0x61, 0x31, 0x6d,
  0x69, 0xa, 0x6c, 0x79, 0x35, 0x73, 0x74, 0x79,
  0x72, 0xa, 0x6d, 0x61, 0x31, 0x6c, 0x61, 0x31,
  0x70, 0xa, 0x6d, 0x32, 0x61, 0x6e, 0x2e, 0xa,
  0x6d, 0x61, 0x6e, 0x33, 0x75, 0x31, 0x73, 0x63,
  0xa, 0x6d, 0x61, 0x72, 0x31, 0x67, 0x69, 0x6e,
  0x31, 0xa, 0x6d, 0x65, 0x64, 0x69, 0x32, 0x63,
  0xa, 0x6d, 0x65, 0x64, 0x33, 0x69, 0x33, 0x63,
  0x69, 0x6e, 0xa, 0x6d, 0x65, 0x64, 0x69, 0x6f,
  0x36, 0x63, 0x31, 0xa, 0x6d, 0x65, 0x33, 0x67,
  0x72, 0x61, 0x6e, 0x33, 0xa, 0x6d, 0x32, 0x65,
  0x6e, 0x2e, 0xa, 0x33, 0x6d, 0x69, 0x33, 0x64,
  0x61, 0x35, 0x62, 0xa, 0x33, 0x6d, 0x69, 0x6c,
  0x69, 0x74, 0x61, 0xa, 0x6d, 0x69, 0x6c, 0x32,
  0x6c, 0x31, 0x61, 0x67, 0xa, 0x6d, 0x69, 0x6c,
  0x35, 0x6c, 0x69, 0x35, 0x6c, 0x69, 0xa, 0x6d,
  0x69, 0x36, 0x6e, 0x33, 0x69, 0x73, 0x2e, 0xa,
  0x6d, 0x69, 0x31, 0x6e, 0x32, 0x75, 0x74, 0x31,
  0x65, 0x72, 0xa, 0x6d, 0x69, 0x31, 0x6e, 0x32,
  0x75, 0x74, 0x31, 0x65, 0x73, 0x74, 0xa, 0x6d,
  0x33, 0x6d, 0x61, 0x31, 0x62, 0xa, 0x35, 0x6d,
  0x61, 0x70, 0x68, 0x31, 0x72, 0x6f, 0x31, 0xa,
  0x35, 0x6d, 0x6f, 0x63, 0x31, 0x72, 0x61, 0x31,
  0x74, 0xa, 0x6d, 0x6f, 0x35, 0x65, 0x32, 0x6c,
  0x61, 0x73, 0xa, 0x6d, 0x6f, 0x6c, 0x31, 0x65,
  0x35, 0x63, 0xa, 0x6d, 0x6f, 0x6e, 0x34, 0x65,
  0x79, 0x31, 0x6c, 0xa, 0x6d, 0x6f, 0x6e, 0x6f,
  0x33, 0x63, 0x68, 0xa, 0x6d, 0x6f, 0x34, 0x6e,
  0x6f, 0x31, 0x65, 0x6e, 0xa, 0x6d, 0x6f, 0x72,
  0x6f, 0x36, 0x6e, 0x35, 0x69, 0x73, 0xa, 0x6d,
  0x6f, 0x6e, 0x6f, 0x31, 0x73, 0x36, 0xa, 0x6d,
  0x6f, 0x74, 0x68, 0x34, 0x65, 0x74, 0x32, 0xa,
  0x6d, 0x31, 0x6f, 0x75, 0x33, 0x73, 0x69, 0x6e,
  0xa, 0x6d, 0x35, 0x73, 0x68, 0x61, 0x63, 0x6b,
  0x32, 0xa, 0x6d, 0x75, 0x32, 0x64, 0x72, 0x6f,
  0xa, 0x6d, 0x75, 0x6c, 0x32, 0x74, 0x69, 0x35,
  0x75, 0xa, 0x6e, 0x33, 0x61, 0x72, 0x34, 0x63,
  0x68, 0x73, 0x2e, 0xa, 0x6e, 0x33, 0x63, 0x68,
  0x32, 0x65, 0x73, 0x31, 0x74, 0xa, 0x6e, 0x65,
  0x33, 0x62, 0x61, 0x63, 0x6b, 0xa, 0x32, 0x6e,
  0x65, 0x31, 0x73, 0x6b, 0x69, 0xa, 0x6e, 0x31,
  0x64, 0x69, 0x65, 0x63, 0x6b, 0xa, 0x6e, 0x64,
  0x33, 0x74, 0x68, 0x72, 0xa, 0x6e, 0x66, 0x69,
  0x36, 0x6e, 0x33, 0x69, 0x74, 0x65, 0x73, 0xa,
  0x34, 0x6e, 0x35, 0x69, 0x34, 0x61, 0x6e, 0x2e,
  0xa, 0x6e, 0x67, 0x65, 0x35, 0x6e, 0x65, 0x73,
  0xa, 0x6e, 0x67, 0x31, 0x68, 0x6f, 0xa, 0x6e,
  0x67, 0x31, 0x73, 0x70, 0x72, 0xa, 0x6e, 0x6b,
  0x33, 0x72, 0x75, 0x70, 0xa, 0x6e, 0x35, 0x6c,
  0x65, 0x73, 0x73, 0xa, 0x35, 0x6e, 0x6f, 0x63,
  0x33, 0x65, 0x72, 0x31, 0x6f, 0x73, 0xa, 0x6e,
  0x6f, 0x6d, 0x31, 0x61, 0x36, 0x6c, 0xa, 0x6e,
  0x6f, 0x6d, 0x35, 0x65, 0x31, 0x6e, 0x6f, 0xa,
  0x6e, 0x31, 0x6f, 0x31, 0x6d, 0x69, 0x73, 0x74,
  0xa, 0x6e, 0x6f, 0x6e, 0x31, 0x65, 0x71, 0xa,
  0x6e, 0x6f, 0x6e, 0x31, 0x69, 0x34, 0x73, 0x6f,
  0xa, 0x35, 0x6e, 0x6f, 0x70, 0x31, 0x6f, 0x6c,
  0x79, 0x2e, 0xa, 0x6e, 0x6f, 0x31, 0x76, 0x65,
  0x6d, 0x62, 0xa, 0x6e, 0x73, 0x35, 0x63, 0x65,
  0x69, 0x76, 0xa, 0x6e, 0x73, 0x34, 0x6d, 0x6f,
  0x6f, 0xa, 0x6e, 0x74, 0x72, 0x65, 0x31, 0x70,
  0xa, 0x6f, 0x62, 0x6c, 0x69, 0x32, 0x67, 0x31,
  0xa, 0x6f, 0x33, 0x63, 0x68, 0x61, 0x73, 0xa,
  0x6f, 0x64, 0x65, 0x6c, 0x33, 0x6c, 0x69, 0xa,
  0x6f, 0x64, 0x69, 0x74, 0x31, 0x69, 0x63, 0xa,
  0x6f, 0x65, 0x72, 0x73, 0x74, 0x32, 0xa, 0x6f,
  0x6b, 0x65, 0x31, 0x73, 0x74, 0xa, 0x6f, 0x33,
  0x6c, 0x65, 0x73, 0x33, 0x74, 0x65, 0x72, 0xa,
  0x6f, 0x6c, 0x69, 0x33, 0x67, 0x6f, 0x70, 0x31,
  0x6f, 0x31, 0xa, 0x6f, 0x31, 0x6c, 0x6f, 0x33,
  0x6e, 0x34, 0x6f, 0x6d, 0xa, 0x6f, 0x33, 0x6d,
  0x65, 0x63, 0x68, 0x61, 0x36, 0xa, 0x6f, 0x6e,
  0x6f, 0x6d, 0x31, 0x69, 0x63, 0xa, 0x6f, 0x33,
  0x6e, 0x6f, 0x72, 0x6d, 0x61, 0xa, 0x6f, 0x33,
  0x6e, 0x6f, 0x32, 0x74, 0x31, 0x6f, 0x33, 0x6e,
  0xa, 0x6f, 0x33, 0x6e, 0x6f, 0x75, 0xa, 0x6f,
  0x70, 0x31, 0x69, 0x73, 0x6d, 0x2e, 0xa, 0x6f,
  0x72, 0x34, 0x74, 0x68, 0x6f, 0x33, 0x6e, 0x69,
  0x34, 0x74, 0xa, 0x6f, 0x72, 0x74, 0x68, 0x31,
  0x72, 0x69, 0xa, 0x6f, 0x72, 0x35, 0x74, 0x69,
  0x76, 0x65, 0x6c, 0x79, 0xa, 0x6f, 0x34, 0x73,
  0x33, 0x70, 0x68, 0x65, 0x72, 0xa, 0x6f, 0x35,
  0x74, 0x65, 0x73, 0x74, 0x31, 0x65, 0x72, 0xa,
  0x6f, 0x35, 0x74, 0x65, 0x73, 0x33, 0x74, 0x6f,
  0x72, 0xa, 0x6f, 0x74, 0x68, 0x33, 0x65, 0x31,
  0x6f, 0x31, 0x73, 0xa, 0x6f, 0x75, 0x33, 0x62,
  0x61, 0x33, 0x64, 0x6f, 0xa, 0x6f, 0x36, 0x76,
  0x33, 0x69, 0x34, 0x61, 0x6e, 0x2e, 0xa, 0x6f,
  0x78, 0x69, 0x36, 0x64, 0x31, 0x69, 0x63, 0xa,
  0x70, 0x61, 0x6c, 0x36, 0x6d, 0x61, 0x74, 0xa,
  0x70, 0x61, 0x72, 0x61, 0x67, 0x36, 0x72, 0x61,
  0x34, 0xa, 0x70, 0x61, 0x72, 0x34, 0x61, 0x31,
  0x6c, 0x65, 0xa, 0x70, 0x61, 0x72, 0x61, 0x6d,
  0x34, 0xa, 0x70, 0x61, 0x72, 0x61, 0x33, 0x6d,
  0x65, 0xa, 0x70, 0x65, 0x65, 0x32, 0x76, 0x31,
  0xa, 0x70, 0x68, 0x69, 0x32, 0x6c, 0x33, 0x61,
  0x6e, 0x74, 0xa, 0x70, 0x68, 0x69, 0x35, 0x6c,
  0x61, 0x74, 0x31, 0x65, 0x33, 0x6c, 0xa, 0x70,
  0x69, 0x32, 0x63, 0x31, 0x61, 0x33, 0x64, 0xa,
  0x70, 0x6c, 0x69, 0x32, 0x63, 0x31, 0x61, 0x62,
  0xa, 0x70, 0x6c, 0x69, 0x35, 0x6e, 0x61, 0x72,
  0xa, 0x70, 0x6f, 0x69, 0x6e, 0x33, 0x63, 0x61,
  0xa, 0x31, 0x70, 0x6f, 0x6c, 0x65, 0x2e, 0xa,
  0x70, 0x6f, 0x6c, 0x79, 0x31, 0x65, 0xa, 0x70,
  0x6f, 0x33, 0x6c, 0x79, 0x70, 0x68, 0x31, 0x6f,
  0x6e, 0x6f, 0xa, 0x31, 0x70, 0x72, 0x65, 0x6d,
  0x61, 0x33, 0x63, 0xa, 0x70, 0x72, 0x65, 0x31,
  0x6e, 0x65, 0x75, 0xa, 0x70, 0x72, 0x65, 0x73,
  0x32, 0x70, 0x6c, 0x69, 0xa, 0x70, 0x72, 0x6f,
  0x32, 0x63, 0x65, 0x73, 0x73, 0xa, 0x70, 0x72,
  0x6f, 0x63, 0x33, 0x69, 0x33, 0x74, 0x79, 0x2e,
  0xa, 0x70, 0x72, 0x6f, 0x32, 0x67, 0x31, 0x65,
  0xa, 0x33, 0x70, 0x73, 0x65, 0x75, 0x32, 0x64,
  0xa, 0x70, 0x73, 0x65, 0x75, 0x33, 0x64, 0x36,
  0x6f, 0x33, 0x64, 0x32, 0xa, 0x70, 0x73, 0x65,
  0x75, 0x33, 0x64, 0x36, 0x6f, 0x33, 0x66, 0x32,
  0xa, 0x70, 0x74, 0x6f, 0x33, 0x6d, 0x61, 0x74,
  0x34, 0xa, 0x70, 0x35, 0x74, 0x72, 0x6f, 0x6c,
  0x33, 0xa, 0x70, 0x75, 0x35, 0x62, 0x65, 0x73,
  0x35, 0x63, 0xa, 0x71, 0x75, 0x61, 0x69, 0x6e,
  0x32, 0x74, 0x31, 0x65, 0xa, 0x71, 0x75, 0x36,
  0x61, 0x33, 0x73, 0x69, 0x33, 0xa, 0x71, 0x75,
  0x61, 0x73, 0x69, 0x72, 0x36, 0xa, 0x71, 0x75,
  0x61, 0x73, 0x69, 0x73, 0x36, 0xa, 0x71, 0x75,
  0x69, 0x6e, 0x35, 0x74, 0x65, 0x73, 0x35, 0x73,
  0xa, 0x71, 0x75, 0x69, 0x33, 0x76, 0x34, 0x61,
  0x72, 0xa, 0x72, 0x31, 0x61, 0x62, 0x6f, 0x6c,
  0x69, 0x63, 0xa, 0x33, 0x72, 0x61, 0x62, 0x31,
  0x6f, 0x31, 0x6c, 0x6f, 0x69, 0xa, 0x72, 0x61,
  0x33, 0x63, 0x68, 0x75, 0xa, 0x72, 0x33, 0x61,
  0x33, 0x64, 0x69, 0x67, 0xa, 0x72, 0x61, 0x64,
  0x69, 0x31, 0x6f, 0x36, 0x67, 0xa, 0x72, 0x32,
  0x61, 0x6d, 0x65, 0x6e, 0xa, 0x33, 0x72, 0x61,
  0x34, 0x6d, 0x35, 0x65, 0x31, 0x74, 0x72, 0x69,
  0x7a, 0xa, 0x72, 0x61, 0x33, 0x6d, 0x6f, 0x75,
  0xa, 0x72, 0x61, 0x35, 0x6e, 0x32, 0x68, 0x61,
  0x73, 0xa, 0x72, 0x61, 0x31, 0x6f, 0x72, 0xa,
  0x72, 0x33, 0x62, 0x69, 0x6e, 0x31, 0x67, 0x65,
  0xa, 0x72, 0x65, 0x32, 0x63, 0x33, 0x69, 0x31,
  0x70, 0x72, 0xa, 0x72, 0x65, 0x63, 0x35, 0x74,
  0x36, 0x61, 0x6e, 0x67, 0xa, 0x72, 0x65, 0x34,
  0x74, 0x31, 0x72, 0x69, 0x62, 0x75, 0xa, 0x72,
  0x33, 0x69, 0x61, 0x6c, 0x2e, 0xa, 0x72, 0x69,
  0x76, 0x31, 0x6f, 0x31, 0x6c, 0xa, 0x36, 0x72,
  0x6b, 0x2e, 0xa, 0x72, 0x6b, 0x31, 0x68, 0x6f,
  0xa, 0x72, 0x31, 0x6b, 0x72, 0x61, 0x75, 0xa,
  0x36, 0x72, 0x6b, 0x73, 0x2e, 0xa, 0x72, 0x35,
  0x6c, 0x65, 0x35, 0x71, 0x75, 0xa, 0x72, 0x6f,
  0x31, 0x62, 0x6f, 0x74, 0x31, 0xa, 0x72, 0x6f,
  0x35, 0x65, 0x32, 0x6c, 0x61, 0x73, 0xa, 0x72,
  0x6f, 0x35, 0x65, 0x70, 0x69, 0x64, 0x65, 0x31,
  0xa, 0x72, 0x6f, 0x33, 0x6d, 0x65, 0x73, 0x68,
  0xa, 0x72, 0x6f, 0x31, 0x74, 0x72, 0x6f, 0x6e,
  0xa, 0x72, 0x33, 0x70, 0x61, 0x75, 0x35, 0x6c,
  0x69, 0xa, 0x72, 0x73, 0x65, 0x31, 0x72, 0x61,
  0x64, 0x31, 0x69, 0xa, 0x72, 0x31, 0x74, 0x68,
  0x6f, 0x75, 0xa, 0x72, 0x31, 0x74, 0x72, 0x65,
  0x75, 0xa, 0x72, 0x31, 0x76, 0x65, 0x69, 0x6c,
  0xa, 0x72, 0x7a, 0x31, 0x73, 0x63, 0xa, 0x73,
  0x61, 0x6c, 0x65, 0x73, 0x33, 0x63, 0xa, 0x73,
  0x61, 0x6c, 0x65, 0x73, 0x35, 0x77, 0xa, 0x35,
  0x73, 0x61, 0x33, 0x70, 0x61, 0x72, 0x35, 0x69,
  0x6c, 0xa, 0x73, 0x63, 0x61, 0x36, 0x70, 0x31,
  0x65, 0x72, 0xa, 0x73, 0x63, 0x61, 0x32, 0x74,
  0x31, 0x6f, 0x6c, 0xa, 0x73, 0x34, 0x63, 0x68,
  0x69, 0x74, 0x7a, 0xa, 0x73, 0x63, 0x68, 0x72,
  0x6f, 0x31, 0x64, 0x69, 0x6e, 0x67, 0x31, 0xa,
  0x31, 0x73, 0x63, 0x69, 0x32, 0x75, 0x74, 0x74,
  0xa, 0x73, 0x63, 0x72, 0x61, 0x70, 0x34, 0x65,
  0x72, 0x2e, 0xa, 0x73, 0x63, 0x79, 0x34, 0x74,
  0x68, 0x31, 0xa, 0x73, 0x65, 0x6d, 0x31, 0x61,
  0x31, 0x70, 0x68, 0xa, 0x73, 0x65, 0x33, 0x6d,
  0x65, 0x73, 0x31, 0x74, 0xa, 0x73, 0x65, 0x31,
  0x6d, 0x69, 0x36, 0x74, 0x35, 0x69, 0x63, 0xa,
  0x73, 0x65, 0x70, 0x33, 0x74, 0x65, 0x6d, 0x62,
  0xa, 0x73, 0x68, 0x6f, 0x65, 0x31, 0x73, 0x74,
  0xa, 0x73, 0x69, 0x64, 0x32, 0x65, 0x64, 0x2e,
  0xa, 0x73, 0x69, 0x64, 0x65, 0x35, 0x73, 0x74,
  0xa, 0x73, 0x69, 0x64, 0x65, 0x35, 0x73, 0x77,
  0xa, 0x73, 0x69, 0x35, 0x72, 0x65, 0x73, 0x69,
  0x64, 0xa, 0x73, 0x6b, 0x79, 0x31, 0x73, 0x63,
  0xa, 0x33, 0x73, 0x6c, 0x6f, 0x76, 0x61, 0x31,
  0x6b, 0x69, 0x61, 0xa, 0x33, 0x73, 0x32, 0x6f,
  0x67, 0x31, 0x61, 0x31, 0x6d, 0x79, 0xa, 0x73,
  0x6f, 0x32, 0x6c, 0x75, 0x74, 0x65, 0xa, 0x33,
  0x73, 0x32, 0x70, 0x61, 0x63, 0x65, 0xa, 0x31,
  0x73, 0x32, 0x70, 0x61, 0x63, 0x69, 0x6e, 0xa,
  0x73, 0x70, 0x65, 0x33, 0x63, 0x69, 0x6f, 0xa,
  0x73, 0x70, 0x68, 0x65, 0x72, 0x31, 0x6f, 0xa,
  0x73, 0x70, 0x69, 0x32, 0x63, 0x31, 0x69, 0x6c,
  0xa, 0x73, 0x70, 0x6f, 0x6b, 0x65, 0x73, 0x35,
  0x77, 0xa, 0x73, 0x70, 0x6f, 0x72, 0x74, 0x73,
  0x33, 0x63, 0xa, 0x73, 0x70, 0x6f, 0x72, 0x74,
  0x73, 0x33, 0x77, 0xa, 0x73, 0x33, 0x71, 0x75,
  0x69, 0x33, 0x74, 0x6f, 0xa, 0x73, 0x32, 0x73,
  0x31, 0x61, 0x33, 0x63, 0x68, 0x75, 0x31, 0xa,
  0x73, 0x73, 0x33, 0x68, 0x61, 0x74, 0xa, 0x73,
  0x32, 0x73, 0x33, 0x69, 0x34, 0x61, 0x6e, 0x2e,
  0xa, 0x73, 0x35, 0x73, 0x69, 0x67, 0x6e, 0x35,
  0x61, 0x33, 0x62, 0xa, 0x31, 0x73, 0x32, 0x74,
  0x61, 0x6d, 0x70, 0xa, 0x73, 0x32, 0x74, 0x31,
  0x61, 0x6e, 0x74, 0x35, 0x73, 0x68, 0x69, 0xa,
  0x73, 0x74, 0x61, 0x72, 0x33, 0x74, 0x6c, 0x69,
  0xa, 0x73, 0x74, 0x61, 0x31, 0x74, 0x69, 0xa,
  0x73, 0x74, 0x35, 0x62, 0xa, 0x31, 0x73, 0x74,
  0x6f, 0x72, 0x31, 0x61, 0x62, 0xa, 0x73, 0x74,
  0x72, 0x61, 0x74, 0x31, 0x61, 0x31, 0x67, 0xa,
  0x73, 0x74, 0x72, 0x69, 0x62, 0x35, 0x75, 0x74,
  0xa, 0x73, 0x74, 0x35, 0x73, 0x63, 0x72, 0xa,
  0x73, 0x74, 0x75, 0x31, 0x70, 0x69, 0x34, 0x64,
  0x31, 0xa, 0x73, 0x74, 0x79, 0x6c, 0x31, 0x69,
  0x73, 0xa, 0x73, 0x75, 0x32, 0x70, 0x65, 0x72,
  0x31, 0x65, 0x36, 0xa, 0x31, 0x73, 0x79, 0x6e,
  0x63, 0xa, 0x31, 0x73, 0x79, 0x74, 0x68, 0x33,
  0x69, 0x32, 0xa, 0x73, 0x77, 0x69, 0x6d, 0x6d,
  0x36, 0xa, 0x35, 0x74, 0x61, 0x62, 0x31, 0x6f,
  0x31, 0x6c, 0x69, 0x73, 0x6d, 0xa, 0x74, 0x61,
  0x33, 0x67, 0x6f, 0x6e, 0x2e, 0xa, 0x74, 0x61,
  0x6c, 0x6b, 0x31, 0x61, 0x35, 0xa, 0x74, 0x31,
  0x61, 0x31, 0x6d, 0x69, 0x6e, 0xa, 0x74, 0x36,
  0x61, 0x70, 0x36, 0x61, 0x74, 0x68, 0xa, 0x35,
  0x74, 0x61, 0x72, 0x32, 0x72, 0x68, 0xa, 0x74,
  0x63, 0x68, 0x31, 0x63, 0xa, 0x74, 0x63, 0x68,
  0x33, 0x69, 0x31, 0x65, 0x72, 0xa, 0x74, 0x31,
  0x63, 0x72, 0xa, 0x74, 0x65, 0x61, 0x63, 0x68,
  0x34, 0x65, 0x72, 0x2e, 0xa, 0x74, 0x65, 0x6c,
  0x65, 0x32, 0x67, 0xa, 0x74, 0x65, 0x6c, 0x65,
  0x31, 0x72, 0x36, 0x6f, 0xa, 0x33, 0x74, 0x65,
  0x72, 0x31, 0x67, 0x65, 0x69, 0xa, 0x74, 0x65,
  0x72, 0x32, 0x69, 0x63, 0x2e, 0xa, 0x74, 0x33,
  0x65, 0x73, 0x73, 0x32, 0x65, 0x73, 0xa, 0x74,
  0x68, 0x61, 0x34, 0x6c, 0x31, 0x61, 0x6d, 0xa,
  0x74, 0x68, 0x6f, 0x33, 0x64, 0x6f, 0x6e, 0xa,
  0x74, 0x68, 0x31, 0x6f, 0x35, 0x67, 0x65, 0x6e,
  0x31, 0x69, 0xa, 0x74, 0x68, 0x6f, 0x31, 0x6b,
  0x32, 0x65, 0x72, 0xa, 0x74, 0x68, 0x79, 0x34,
  0x6c, 0x31, 0x61, 0x6e, 0xa, 0x74, 0x68, 0x79,
  0x33, 0x73, 0x63, 0xa, 0x32, 0x74, 0x33, 0x69,
  0x34, 0x61, 0x6e, 0x2e, 0xa, 0x74, 0x69, 0x32,
  0x6e, 0x33, 0x6f, 0x31, 0x6d, 0xa, 0x74, 0x31,
  0x6c, 0x69, 0x32, 0x65, 0x72, 0xa, 0x74, 0x6f,
  0x6c, 0x6f, 0x32, 0x67, 0x79, 0xa, 0x74, 0x6f,
  0x74, 0x33, 0x69, 0x63, 0xa, 0x74, 0x72, 0x61,
  0x69, 0x33, 0x74, 0x6f, 0x72, 0x31, 0xa, 0x74,
  0x72, 0x61, 0x31, 0x76, 0x65, 0x72, 0x73, 0xa,
  0x74, 0x72, 0x61, 0x76, 0x65, 0x72, 0x73, 0x33,
  0x61, 0x33, 0x62, 0xa, 0x74, 0x72, 0x65, 0x61,
  0x63, 0x68, 0x31, 0x65, 0xa, 0x74, 0x72, 0x34,
  0x69, 0x61, 0x6c, 0x2e, 0xa, 0x33, 0x74, 0x72,
  0x6f, 0x31, 0x6c, 0x65, 0x31, 0x75, 0x6d, 0xa,
  0x74, 0x72, 0x6f, 0x66, 0x34, 0x69, 0x63, 0x2e,
  0xa, 0x74, 0x72, 0x6f, 0x33, 0x66, 0x69, 0x74,
  0xa, 0x74, 0x72, 0x6f, 0x31, 0x70, 0x32, 0x69,
  0x73, 0xa, 0x33, 0x74, 0x72, 0x6f, 0x70, 0x31,
  0x6f, 0x35, 0x6c, 0x65, 0x73, 0xa, 0x33, 0x74,
  0x72, 0x6f, 0x70, 0x31, 0x6f, 0x35, 0x6c, 0x69,
  0x73, 0xa, 0x74, 0x31, 0x72, 0x6f, 0x31, 0x70,
  0x6f, 0x6c, 0x33, 0x69, 0x74, 0xa, 0x74, 0x73,
  0x63, 0x68, 0x33, 0x69, 0x65, 0xa, 0x74, 0x74,
  0x72, 0x69, 0x62, 0x31, 0x75, 0x74, 0x31, 0xa,
  0x74, 0x75, 0x72, 0x6e, 0x33, 0x61, 0x72, 0xa,
  0x74, 0x31, 0x77, 0x68, 0xa, 0x74, 0x79, 0x32,
  0x70, 0x35, 0x61, 0x6c, 0xa, 0x75, 0x61, 0x33,
  0x64, 0x72, 0x61, 0x74, 0x69, 0xa, 0x75, 0x61,
  0x64, 0x31, 0x72, 0x61, 0x74, 0x75, 0xa, 0x75,
  0x35, 0x64, 0x6f, 0x33, 0x6e, 0x79, 0xa, 0x75,
  0x65, 0x61, 0x31, 0x6d, 0xa, 0x75, 0x32, 0x72,
  0x31, 0x61, 0x6c, 0x2e, 0xa, 0x75, 0x72, 0x69,
  0x34, 0x61, 0x6c, 0x2e, 0xa, 0x75, 0x73, 0x32,
  0x65, 0x72, 0x2e, 0xa, 0x76, 0x31, 0x61, 0x74,
  0x69, 0x76, 0xa, 0x76, 0x31, 0x6f, 0x69, 0x72,
  0x35, 0x64, 0x75, 0x31, 0xa, 0x76, 0x61, 0x36,
  0x67, 0x75, 0x65, 0x72, 0xa, 0x76, 0x61, 0x75,
  0x64, 0x65, 0x33, 0x76, 0xa, 0x31, 0x76, 0x65,
  0x72, 0x65, 0x6c, 0x79, 0x2e, 0xa, 0x76, 0x31,
  0x65, 0x72, 0x31, 0x65, 0x69, 0x67, 0xa, 0x76,
  0x65, 0x73, 0x31, 0x74, 0x69, 0x74, 0x65, 0xa,
  0x76, 0x69, 0x31, 0x76, 0x69, 0x70, 0x33, 0x61,
  0x33, 0x72, 0xa, 0x76, 0x6f, 0x69, 0x63, 0x65,
  0x31, 0x70, 0xa, 0x77, 0x61, 0x73, 0x74, 0x65,
  0x33, 0x77, 0x36, 0x61, 0x32, 0xa, 0x77, 0x61,
  0x76, 0x65, 0x31, 0x67, 0x34, 0xa, 0x77, 0x33,
  0x63, 0xa, 0x77, 0x65, 0x65, 0x6b, 0x31, 0x6e,
  0xa, 0x77, 0x69, 0x64, 0x65, 0x35, 0x73, 0x70,
  0xa, 0x77, 0x6f, 0x34, 0x6b, 0x31, 0x65, 0x6e,
  0xa, 0x77, 0x72, 0x61, 0x70, 0x33, 0x61, 0x72,
  0x6f, 0xa, 0x77, 0x72, 0x69, 0x74, 0x36, 0x65,
  0x72, 0x2e, 0xa, 0x78, 0x31, 0x71, 0xa, 0x78,
  0x71, 0x75, 0x69, 0x73, 0x33, 0xa, 0x79, 0x35,
  0x63, 0x68, 0x65, 0x33, 0x64, 0xa, 0x79, 0x6d,
  0x35, 0x65, 0x35, 0x74, 0x72, 0x79, 0xa, 0x79,
  0x31, 0x73, 0x74, 0x72, 0x6f, 0xa, 0x79, 0x65,
  0x73, 0x35, 0x74, 0x65, 0x72, 0x31, 0x79, 0xa,
  0x7a, 0x33, 0x69, 0x61, 0x6e, 0x2e, 0xa, 0x7a,
  0x33, 0x6f, 0x31, 0x70, 0x68, 0x72, 0xa, 0x7a,
  0x32, 0x7a, 0x33, 0x77, 0xa, 0x25, 0x20, 0x65,
  0x6e, 0x64, 0x20, 0x6f, 0x66, 0x20, 0x61, 0x64,
  0x64, 0x69, 0x74, 0x69, 0x6f, 0x6e, 0x61, 0x6c,
  0x20, 0x70, 0x61, 0x74, 0x74, 0x65, 0x72, 0x6e,
  0x73, 0x2e, 0xa, 0x7d, 0xa, 0x25, 0x20, 0x44,
  0x45, 0x4b, 0x27, 0x73, 0x20, 0x68, 0x79, 0x70,
  0x68, 0x65, 0x6e, 0x61, 0x74, 0x69, 0x6f, 0x6e,
  0x20, 0x65, 0x78, 0x63, 0x65, 0x70, 0x74, 0x69,
  0x6f, 0x6e, 0x20, 0x6c, 0x69, 0x73, 0x74, 0x2c,
  0x20, 0x66, 0x72, 0x6f, 0x6d, 0x20, 0x68, 0x79,
  0x70, 0x68, 0x65, 0x6e, 0x2e, 0x74, 0x65, 0x78,
  0x3b, 0x20, 0x6e, 0x6f, 0x74, 0x20, 0x63, 0x68,
  0x61, 0x6e, 0x67, 0x65, 0x64, 0x2e, 0xa, 0x5c,
  0x68, 0x79, 0x70, 0x68, 0x65, 0x6e, 0x61, 0x74,
  0x69, 0x6f, 0x6e, 0x7b, 0xa, 0x61, 0x73, 0x2d,
  0x73, 0x6f, 0x2d, 0x63, 0x69, 0x61, 0x74, 0x65,
  0xa, 0x61, 0x73, 0x2d, 0x73, 0x6f, 0x2d, 0x63,
  0x69, 0x61, 0x74, 0x65, 0x73, 0xa, 0x64, 0x65,
  0x63, 0x2d, 0x6c, 0x69, 0x2d, 0x6e, 0x61, 0x2d,
  0x74, 0x69, 0x6f, 0x6e, 0xa, 0x6f, 0x62, 0x6c,
  0x69, 0x67, 0x2d, 0x61, 0x2d, 0x74, 0x6f, 0x72,
  0x79, 0xa, 0x70, 0x68, 0x69, 0x6c, 0x2d, 0x61,
  0x6e, 0x2d, 0x74, 0x68, 0x72, 0x6f, 0x70, 0x69,
  0x63, 0xa, 0x70, 0x72, 0x65, 0x73, 0x65, 0x6e,
  0x74, 0xa, 0x70, 0x72, 0x65, 0x73, 0x65, 0x6e,
  0x74, 0x73, 0xa, 0x70, 0x72, 0x6f, 0x6a, 0x65,
  0x63, 0x74, 0xa, 0x70, 0x72, 0x6f, 0x6a, 0x65,
  0x63, 0x74, 0x73, 0xa, 0x72, 0x65, 0x63, 0x69,
  0x2d, 0x70, 0x72, 0x6f, 0x63, 0x69, 0x74, 0x79,
  0xa, 0x72, 0x65, 0x2d, 0x63, 0x6f, 0x67, 0x2d,
  0x6e, 0x69, 0x2d, 0x7a, 0x61, 0x6e, 0x63, 0x65,
  0xa, 0x72, 0x65, 0x66, 0x2d, 0x6f, 0x72, 0x2d,
  0x6d, 0x61, 0x2d, 0x74, 0x69, 0x6f, 0x6e, 0xa,
  0x72, 0x65, 0x74, 0x2d, 0x72, 0x69, 0x2d, 0x62,
  0x75, 0x2d, 0x74, 0x69, 0x6f, 0x6e, 0xa, 0x74,
  0x61, 0x2d, 0x62, 0x6c, 0x65, 0xa, 0x7d, 0xa
]);

export class EnglishHyphenationPatterns {

  public static raw(): string {
    return EnglishHyphenationPatterns.load();
  }

  public static load(): string {
    let output = "";
    let index = 0;
    while (index < TEX_UNITS.length) {
      const tail = output.charCodeAt(output.length - 1);
      if (tail >= 55296 && tail <= 56319 && String.fromCodePoint(TEX_UNITS[index]!).length > 0 && !(String.fromCodePoint(TEX_UNITS[index]!).charCodeAt(0) >= 56320 && String.fromCodePoint(TEX_UNITS[index]!).charCodeAt(0) <= 57343)) {
        throw new UStringException({ kind: "UnpairedSurrogate", unit: tail });
      }
      output += String.fromCodePoint(TEX_UNITS[index]!);
      index++;
    }
    const tail2 = output.charCodeAt(output.length - 1);
    if (tail2 >= 55296 && tail2 <= 56319) {
      throw new UStringException({ kind: "UnpairedSurrogate", unit: tail2 });
    }
    return output;
  }
}
